002C0000000D001F00040008
00340000000E002300040008
004F00000011001C00040008
00300000000B00210004000F
00340000000C00270004000F
004F0000000E00200004000F
00300000000D002400050014
002E0000000E002D00050014
005100000010002700050013
002A0000000C00240003001A
002E0000000E002D0003001A
005100000013002B0003001A
00290000000D002500030025
003000000010003000030025
005100000015003200040024
00290000000C00230003002E
00320000000F002C0003002E
00510000001500290003002D
002A0000000D002400040036
003200000010002D00040036
005100000015003000040036
002C0000000C00230004003D
00320000000F002C0004003D
005100000014002B0004003C
002A0000000B002300030043
00300000000E002D00030043
005100000014002D00030043
00270000000D00240003004B
003000000010002E0003004B
00510000001700320004004B
00270000000C002400030054
00320000000F002E00030054
005100000017003200040054
00290000000B00210003005E
00340000000E00280003005E
00510000001300270003005E
002E0000000A001F00030064
00320000000C002300030064
004D00000010001E00040064
002C0000000A00200004006B
00300000000C00250003006B
005100000010001E0004006A
00290000000B002000040070
00300000000C002500040070
005100000010001E00040070
00270000000C00230004007E
00320000000F002D0004007E
00510000001400290004007E
002E0000000900200004008A
00360000000900240004008A
00510000000B001E00040089
00470000000800100003008F
00490000000800100003008F
004B0000000800100003008F
004B00000006000C00030090
004700000007000C00030090
004F00000006000C00030090
003600000007001200040095
003400000007001200040095
005300000006000F00040095
00290000000D0024000600A5
002E0000000F002E000600A5
005300000014002B000700A5
00320000000F0024000900B0
003400000010002B000900B1
0055000000140029000900B0
00360000000F0023000900B5
003000000011002A000900B5
0051000000140024000900B4
00300000000E0024000400BA
002E0000000F002E000400BA
005100000015002B000500B9
003C000000030009000200CA
0043000000030009000200CA
004F00000005000C000200CA
0040000000040007000200CB
0040000000040007000200CB
0051000000050008000200CA
003200000004000C000300CD
003400000004000C000300CD
005300000005000C000300CD
002C00000009001E000300DF
00340000000A0021000300DF
00510000000E001E000300DF
002E0000000A001F000300E5
00320000000A0023000300E5
004F0000000E001E000300E4
002E00000008001D000300EB
0032000000090021000300EB
004F0000000E001E000300EB
002A00000009001F000300F1
00320000000A0022000300F1
00510000000E001E000300F1
00290000000D002300040100
00340000000F002A00040100
005100000013002700040100
003400000008001200030106
003A00000008001200030106
004F0000000A001000030105
003800000006000D00030108
003800000007000D00030108
005100000007000C00030108
002A0000000B002300040114
00300000000D002A00040114
005100000011002400040113
002A0000000C00230004011D
00300000000F002B0004011D
00510000001300270004011D
002C0000000A001E00030123
00320000000B002100030123
004F0000000F001C00030123
00290000000A001F00030128
00300000000C002200030128
005100000011001E00040128
00250000000D002400040134
003000000011002E00040134
005300000017003000040134
00270000000E00240005013B
003000000011002E0005013C
005100000018002B0005013B
00290000000A002100030149
00340000000B002700030149
00510000000F002200030149
00360000000700150003014F
003A0000000800160003014F
004F0000000900150003014F
003E00000006001000030151
003C00000006001100030152
004F00000007001000030151
002E00000008001D00030158
003000000009001E00030158
00530000000B001800030158
00290000000D002300040164
003000000010002B00040164
005100000014002700040163
00270000000E00240004016B
003000000012002D0004016B
005100000017002B0004016B
00250000000D002400040173
003000000011002D00040174
005100000018002D00040173
00270000000D00240004017C
003000000011002D0004017C
00510000001700290004017C
00270000000D002400040186
003200000010002D00040186
005100000016002900040185
002E0000000B001F00030190
00360000000C002300030190
004F0000000F001E00030190
00300000000B001E00030194
00320000000C002100030194
004F0000000E001A00040194
002A0000000D00230004019C
00300000000E002C0004019C
00510000001100240004019C
002A0000000E0023000401A4
003000000011002B000401A4
0051000000160024000401A3
00270000000E0024000501AA
002E00000011002E000501AB
005300000017002B000501AA
00270000000E0024000401B5
003000000011002E000401B5
005300000017002D000501B5
00270000000C0023000401BC
00300000000F002B000401BC
0051000000160029000401BC
00270000000C0023000301C3
00300000000F002D000301C3
005100000016002B000301C3
00270000000B0022000201CB
00320000000E0029000201CB
0051000000150027000301CA
00290000000C0023000401D8
00320000000E002B000401D8
0051000000130029000401D8
002E0000000A001E000301DF
00340000000A0021000301DF
004F0000000D001A000301DF
003200000008001A000301E2
003400000008001B000301E2
004F0000000B0016000401E1
00290000000D0023000601EC
002E0000000F002C000501EC
0053000000140024000601EB
002C00000009001F000301F6
00340000000A0023000201F6
004F0000000F001E000301F5
002C00000007001A000201F9
003400000008001C000201F9
00510000000E0018000201F9
00250000000A002300030202
00300000000C002B00030202
005300000013002900030202
00270000000D00240005020E
003000000010002D0005020E
005300000016002B0005020E
00290000000E002400050214
003000000011002E00050214
005100000017003000050214
00290000000D00240003021D
00300000000F002F0003021C
00510000001600320004021C
00290000000C002400040226
00300000000F002D00040226
005300000014002B00040225
002A0000000E00240005022F
003200000011002D0005022F
00510000001500290005022F
002E0000000D002100060235
00300000000F002800060235
004F00000012001E00060235
002E0000000C002000050239
00300000000D002500050239
004F00000010001E00050239
002C0000000A002000040248
00340000000C002500040248
004F0000000F001E00040248
003000000006001A0003024F
003600000007001B0003024F
004F0000000900180003024E
003600000008001A00040254
003600000008001C00040254
004F00000009001800040253
003000000009001D0004025B
003200000009001F0004025B
004F0000000C00180004025A
002A00000009001E0004025F
00300000000A00210004025F
00510000000E001A0004025F
00270000000B00220003026B
00300000000D00290003026B
00510000001300240004026B
00270000000C002100040274
00300000000E002900040274
005100000013002200040274
00290000000E001F0004027D
00300000001100230004027D
005100000016001C0004027C
002A0000000D001F000C0007
00340000000F0023000C0007
004F000000110018000C0007
002C000000100024000A0011
003200000012002D000A0011
004F000000130022000A0011
002E000000100025000B0016
003000000013002F000B0016
004F000000140027000B0015
0029000000100026000D001C
002E000000130032000D001D
005100000017002D000D001C
0027000000100026000D0026
002E000000150032000D0026
0053000000190032000D0026
0029000000110026000D002F
0030000000150032000D002F
00530000001B0032000D002E
0029000000100026000B0034
002E000000150032000B0034
00510000001B0032000C0034
002A000000100025000B003C
0032000000140032000A003C
00510000001A0034000B003C
0027000000100026000C0045
0032000000150032000C0045
00510000001D0038000C0045
00270000000F0024000C004C
0032000000140031000C004C
00510000001B0032000D004C
00270000000F0025000D0053
0032000000130031000D0053
00530000001A0034000D0053
00270000000E0024000C005B
0032000000120031000C005B
0051000000190032000D005B
00270000000E002500090065
003200000011003100090065
004F00000015002B00090064
00250000000F0024000A006B
003000000013002E000A006B
0051000000180029000A006B
00250000000F0024000C0073
002E00000012002F000C0073
005300000019002B000C0073
00270000000E0024000D007F
003000000010002F000D007F
005300000015002B000D007F
002A0000000D0023000C0087
00320000000F0029000C0087
0051000000110020000C0087
003400000009001B0006008F
003A00000009001E0006008F
00490000000A00180006008F
003C00000007001000050091
003C00000007001100050091
004B00000008001200050091
00290000000C00240008009D
00300000000D002C0008009D
00510000001000240008009D
002C0000000D0024000C00A9
00340000000E002D000C00A9
004F000000100029000C00A9
00340000000D0024000B00B2
00380000000C002D000B00B2
004D0000000B002B000B00B1
00360000000E0024000B00B6
00340000000E002D000B00B6
004D0000000E0027000B00B5
00320000000F0024000C00B9
002E00000010002D000C00B9
004F000000100027000C00B8
00290000000E0024000C00C4
00300000000F002F000C00C4
005300000013002B000C00C4
00290000000A001F000800CB
00320000000C0022000800CB
004F000000100016000900CB
00270000000E0024000D00D4
003000000011002D000D00D4
0053000000160027000E00D4
00270000000E0024000D00DC
003000000011002F000D00DC
005300000015002B000D00DC
00270000000E0024000A00E4
003000000010002E000A00E4
0051000000150029000A00E4
00270000000D0023000A00EC
003000000010002D000A00EC
0051000000160027000A00EB
00250000000E0025000D00F5
0030000000120031000D00F5
0053000000190030000D00F5
00270000000F0024000C00FE
003000000013002E000C00FE
0051000000190029000C00FD
00290000000D0023000A0103
00320000000F002A000A0103
004F000000120020000A0103
00290000000D00230008010C
00320000000F002B0008010C
004F0000001200220008010C
00270000000E002400090115
003000000011002F00090115
004F00000017002D00090115
00270000000E0024000A011C
003000000011002E000A011C
005100000016002B000B011C
00250000000E0024000B0123
003200000013002E000B0123
0051000000180029000B0123
00240000000F0024000D012B
002E000000140030000D012B
00530000001C002D000D012B
0025000000100026000D0136
0030000000150032000D0137
00530000001C0038000E0136
00290000000F0024000D013E
003200000012002E000D013E
005100000017002B000E013E
002A0000000D0024000D0144
00300000000F002D000D0144
0051000000130027000D0144
00290000000C0023000A014C
00320000000E002B000A014C
004F000000120022000A014C
002A0000000C002300070154
00320000000E002A00070154
004D00000011002200070153
00270000000E0024000A015C
003000000011002E000A015C
0051000000170029000A015B
00250000000F0025000C0166
0030000000130031000C0166
0053000000190032000C0166
0027000000100025000D016C
0030000000150031000D016C
00510000001B002D000D016C
0025000000100026000D0174
002E000000150032000D0174
00530000001B0034000D0174
00270000000F0024000E017C
003000000013002F000E017C
00530000001A002D000E017B
0025000000100025000C0183
002E000000150031000C0183
00530000001C002D000C0183
00270000000D00240009018C
003000000010002D0009018C
004F0000001600290009018C
00290000000E0024000A0196
003200000010002E000A0196
004F00000015002B000A0196
00290000000E0024000B019D
003200000010002D000B019D
0051000000150029000B019D
0029000000100024000C01A4
003000000013002E000C01A4
0051000000170029000C01A4
00290000000E0024000C01AD
003000000011002E000C01AD
005100000016002B000D01AD
00270000000D0024000D01B2
003000000010002D000D01B2
005100000016002B000D01B1
00250000000F0025000C01BB
002E000000150031000C01BB
00530000001C0032000C01BB
00250000000F0024000C01C3
0030000000130031000C01C3
00510000001C0034000C01C3
00240000000E0024000D01CC
0030000000120031000D01CC
00530000001A0032000E01CC
00250000000D0024000C01D5
003000000010002D000C01D5
0053000000160029000C01D4
00290000000B0021000701DC
00320000000D0029000701DC
004D000000110020000701DC
002A0000000B0022000A01E6
00320000000C0029000A01E6
004F000000110020000A01E6
00290000000C0021000B01EC
00320000000F0028000B01EC
005100000013001E000B01EC
00290000000D0023000B01F2
00300000000F002A000B01F2
004F000000140022000B01F1
00240000000E0024000C01FB
003000000012002F000C01FB
005300000018002D000D01FB
00240000000E0025000E0206
0030000000120030000E0206
0053000000190030000E0206
00290000000E0024000D020F
003200000011002E000C020F
005100000016002D000D020F
00290000000E0025000D0214
0032000000120031000D0214
0051000000170032000D0214
00270000000F0025000D021B
0030000000120032000D021B
0053000000190036000D021A
00270000000F0026000D0226
0030000000120032000D0226
0053000000180036000D0225
002A0000000F0025000B0230
0032000000120030000B0230
005100000015002D000C0230
002E0000000E0021000A0237
00320000000F0026000A0237
004D0000000F001C000A0236
002E0000000F0023000B023B
003000000013002B000B023B
004F000000140020000B023B
00290000000E0023000C0243
003000000010002C000C0243
0051000000140022000C0242
00270000000A00220009024B
00320000000B00290009024B
004F0000001000200009024B
00290000000B002300070256
00320000000C002B00070255
004F0000000E002200070255
002A0000000B00220009025C
00320000000D00290009025C
004F0000000F001E0009025C
00270000000C0024000D0265
00300000000F002D000D0265
0053000000140029000D0264
00270000000D0024000E026B
002E00000010002E000E026B
0053000000160029000F026B
00290000000D0023000D0274
003000000010002C000D0274
0051000000160024000D0273
002A0000000E001F000D027C
0030000000120023000D027C
005100000015001A000D027C
002E0000000C001A00140005
00320000000C001B00140005
004F0000000E001300140004
002C0000000C001B00140009
00300000000E001D00140009
005100000011001300140009
00290000000E002400120014
002E00000010002E00120014
005100000014002700120014
00290000000D00230012001D
003000000010002B0012001D
00510000001500240013001C
00250000000F002400140027
003000000012002E00140027
005300000017002B00150027
00270000001000250014002E
002E00000013002F0014002E
00510000001800290014002E
002700000010002500140034
002E00000015003000140034
00510000001B002D00140033
00250000000F00250016003A
002E0000001300300016003B
00530000001A00300017003A
00240000000F002500140044
002E00000013003100140044
00530000001C003200140044
00240000000F00240014004B
003000000013002F0014004B
00510000001C002D0014004B
00250000000D002400120054
003000000012002D00120054
00510000001A002B00130053
00250000000D00240016005C
003000000012002E0016005C
00530000001A002D0016005C
00250000000D002400150065
003000000010002E00150065
005100000018002D00150064
00250000000D00240014006B
002E00000010002D0014006B
00510000001900290015006B
00240000000D002400140073
003000000012002E00140073
005100000018003000140072
00240000000D00230014007C
003000000010002D0014007C
00510000001700290014007C
00270000000B002100100084
00320000000E002800100084
004F00000014002000110084
00250000000D00230011008B
002E00000010002D0011008B
00510000001500270012008B
00240000000D002400140094
002E00000010002D00140094
005300000018002900150094
00250000000D00240015009C
003000000010002E0015009C
005300000016002B0015009C
00270000000D0024001100A7
003000000010002E001000A7
005100000016002B001100A7
002E0000000A0022000E00AF
00340000000A0028000E00AF
004D0000000F0024000E00AF
00300000000C0023000E00B5
00320000000E0029000E00B5
004D000000100024000E00B4
002E0000000D0022001100BD
00320000000F0028001100BD
004F000000120020001100BD
00270000000D0024001300C4
003000000010002C001300C5
0051000000150024001300C4
00270000000D0023001300CB
003000000010002C001300CB
0051000000150027001300CB
00250000000D0024001300D4
003000000010002E001300D4
005100000017002B001400D4
00250000000E0024001500DD
002E00000012002E001500DD
005300000017002B001500DC
00270000000E0024001500E4
002E00000011002E001500E4
0053000000160029001500E4
00250000000E0024001400EB
002E00000011002D001400EB
0051000000180027001400EB
00240000000E0024001400F4
002E00000012002E001400F4
005300000018002B001400F4
00250000000D0024001300FD
003000000011002E001300FD
005100000018002D001400FD
00270000000D002300140104
003000000010002C00140104
005100000017002700140104
00250000000D00240014010B
002E00000010002D0014010B
005100000017002B0014010A
00250000000C002400130114
003000000010002E00130114
005100000018002D00130113
00240000000D00240013011C
003000000010002E0013011C
00510000001900300014011C
00250000000D002300160124
003000000011002B00160124
005300000018002700170124
00250000000E00240015012A
002E00000013002E0015012A
00510000001A00290016012A
00250000000F002500140136
003000000013003200140136
00530000001B003400140136
00270000000F00230013013D
003000000013002B0013013D
004F0000001800220013013D
00270000000E002300110143
003000000010002B00110143
004F00000015002400110143
00250000000F00240014014D
002E00000013002F0014014D
005100000019002B0014014C
002A0000000E002400180157
003000000011002D00180157
005300000016002900180156
002A0000000F00240017015D
002E00000012002E0017015D
005300000018002B0017015C
002700000010002600160165
002E00000014003200150165
00530000001A003200160165
00270000000F00240014016C
002E00000013002F0014016C
005100000018002B0014016C
002A0000000E002400160178
003200000011002E00160178
005300000014002D00160178
00300000000D00210017017D
00300000000F00260017017D
004F00000012001E0018017C
002A0000000E002300150180
002E00000011002A00150180
005100000015002200150180
00240000000E002300140189
002E00000013002C00140189
00510000001A002700140188
00240000000F002400140195
002E00000013002E00140195
00530000001A002B00140194
00250000000D00220011019B
00300000001200290011019B
004F0000001800220012019B
00250000000E0024001201A4
003000000012002E001201A4
005100000019002D001201A4
00250000000C0024001001AC
003000000010002D001001AC
004F00000016002B001001AC
00240000000D0024001301B4
003000000012002E001301B4
005100000019002D001301B4
00250000000D0024001601BC
002E00000012002E001601BC
005300000018002B001701BB
00250000000D0024001601C3
002E00000010002E001601C3
005300000018002B001601C3
00250000000D0024001501CD
003000000010002E001501CD
0053000000160029001601CD
00270000000D0024001501D6
003000000010002D001501D6
0051000000160027001501D6
00290000000B0022001501DB
00300000000E0029001401DB
0051000000130020001501DB
00240000000D0024001401E1
002E00000010002E001401E1
0053000000160029001401E0
00250000000C0022001201EB
00300000000F0029001101EB
0051000000170022001201EB
00240000000D0024001501F3
002E00000012002E001501F3
00530000001A002B001501F3
00240000000E0024001401FB
002E00000012002E001401FB
005100000019002B001401FB
00240000000D002400140204
003000000010002E00130204
005300000019002D00140204
00250000000D00240012020D
003000000010002F0012020D
005100000016002D0012020D
00290000000D002400120214
003200000010002D00120214
004F00000015002900130214
00250000000E00240013021B
003000000012002E0013021B
005100000019002D0013021B
00240000000E002400140225
002E00000013002F00140225
00530000001A003000140225
00250000000E00240013022E
003000000012002F0013022E
005100000018002D0013022E
00290000000D002400130235
003000000010002D00130235
005100000013002700130235
002A0000000D00230012023C
00300000000F002C0012023C
004F0000001200220012023B
00270000000D002400110244
003000000010002D00110244
005100000015002700120244
00250000000E00250014024D
002E0000001200310014024D
00530000001800300015024D
00270000000D002400140254
002E00000010002D00140254
005100000015002900140254
00270000000D00230016025D
003000000010002D0016025D
00530000001600270016025C
00290000000F002500140266
002E00000012003000140266
005100000016002B00150266
00290000000E00240014026C
002E00000010002F0014026C
005100000015002B0014026C
002A0000000E002300150274
002E00000010002C00150274
005300000015002200160273
002E0000000E001D0018027B
003000000011001F0018027C
00510000001400130018027B
002C0000000C001800190004
00340000000E001900190004
004D0000000F000F00190003
00320000000800120020000B
00320000000800120020000B
004F0000000B000F0021000A
00270000000C0023001C0011
002E0000000F002A001C0011
0051000000150020001C0010
00240000000E0024001C001C
002E00000011002D001C001C
0053000000180029001D001C
00250000000E0024001D0026
003000000011002D001D0026
0053000000170029001D0025
00250000000D0024001B002C
003000000010002D001B002C
0051000000160029001B002C
00270000000D0023001B0034
002E00000010002C001B0034
0051000000170027001B0034
00270000000A001F001B003B
00300000000E0024001B003B
005100000014001E001B003B
00240000000D0024001D0044
0030000000120030001D0044
00530000001A0032001E0044
00270000000B0021001F004E
00320000000D0028001F004E
0051000000140024001F004E
00290000000B0023001E0054
00300000000E002B001E0054
0051000000130027001E0053
00270000000D0023001C005B
003000000010002B001C005B
004F000000170024001C005A
00240000000C0023001C0061
002E00000010002C001C0061
0051000000160029001C0061
00240000000D0023001B006B
003000000012002D001B006B
00510000001A0029001C006B
00220000000D0024001D0073
003000000011002E001D0073
0053000000190030001D0073
00240000000D0024001E007D
003000000012002D001E007D
005300000019002B001E007D
00240000000C0023001D0083
003000000010002A001D0083
0053000000170024001D0083
00240000000D0024001D008B
002E00000012002E001D008B
005300000019002D001D008A
00240000000D0024001D0094
002E00000011002D001D0094
005300000019002B001D0094
00250000000D0024001D009C
002E00000010002D001D009C
0051000000180029001D009C
00250000000D0024001E00A4
002E00000012002D001E00A4
005300000019002B001E00A3
00250000000D0024001D00AC
002E00000011002D001D00AC
0053000000180029001E00AC
00250000000C0024001D00B4
00300000000F002D001D00B4
0053000000160029001D00B4
00250000000C0023001E00BC
00300000000F002C001E00BC
0053000000160027001F00BC
00250000000C0023001E00C3
00300000000F002B001E00C3
0053000000160027001E00C3
00250000000C0023001C00CB
002E0000000F002C001C00CB
0051000000160027001C00CB
00250000000D0024001D00D5
003000000010002E001C00D5
005300000017002B001D00D4
00270000000C0023001C00DF
00320000000F002B001C00DF
0051000000150027001C00DE
00290000000D0023001E00E4
00300000000F002A001D00E4
0051000000130022001E00E4
00290000000C0022001E00EA
002E0000000E0029001E00EA
0053000000120020001F00EA
00240000000E0024001D00F3
002E00000012002F001D00F3
005300000019002D001D00F3
00240000000D0024001E00FC
002E00000011002E001E00FC
005300000019002D001E00FC
00250000000D0024001E0105
003000000011002E001E0105
005100000018002B001E0104
00290000000A00200020010D
00300000000C00240020010D
005100000013001E0020010C
00270000000C0021001E0111
00300000000F0029001E0111
0051000000160022001E0110
00240000000E0024001F011C
002E00000012002D001F011C
00530000001A002B001F011C
00250000000D0023001B0124
003200000013002A001B0124
00510000001A0027001B0124
00240000000E0024001C012B
002E00000013002D001C012B
00510000001A0029001C012B
00240000000F0024001E0136
003000000013002E001E0136
00530000001B0030001E0136
00270000000E0024001C013C
003000000012002D001C013C
0051000000180027001C013C
00270000000C0023001C0141
002E0000000F002A001C0141
0051000000160024001C0141
00250000000F0024001D014F
003000000013002E001D014F
0051000000180029001D014F
00290000000F0023001B0157
003200000011002A001B0157
004F000000140022001B0157
002C000000100024001B015E
003000000012002C001B015E
004F000000140022001B015D
002E0000000F0024001E0167
003000000010002D001E0167
004F000000120024001E0166
00320000000C00200021016C
00300000000C00240021016C
004F0000000E001E0021016C
002C0000000E0024001A0178
00320000000F002C001A0178
004F000000120027001B0177
00320000000B001E0019017C
00340000000C00200019017C
004D0000000C00180019017C
002A0000000C0020001A0181
00300000000E0025001A0181
004F00000010001E001A0180
00240000000C0023001C0189
002E00000010002B001C0189
0053000000160024001C0189
00220000000E0024001C0193
002E00000012002E001C0193
00530000001A002D001C0192
00240000000C0023001B019B
003000000010002B001B019B
0051000000190029001C019A
00220000000C0024001C01A3
003000000011002F001C01A3
00530000001A0032001C01A3
00240000000C0024001C01AC
003000000010002E001C01AC
00530000001A0032001D01AC
00240000000D0024001C01B4
003000000011002D001C01B4
005300000019002B001D01B4
00240000000D0023001B01BB
003000000012002A001B01BB
0051000000180024001B01BA
00250000000D0024001D01C5
002E00000011002E001D01C5
005300000017002B001D01C5
00270000000C0023001D01CE
00300000000E002B001D01CE
0051000000140024001E01CD
00290000000D0024001D01D3
002E0000000F002D001D01D3
0051000000140022001D01D3
00270000000D0023001A01DA
002E00000010002C001A01DA
0051000000160024001B01DA
00240000000D0024001D01E3
002E00000010002D001D01E3
0053000000180027001E01E3
00240000000D0024001D01EC
002E00000011002D001D01EC
0053000000180029001D01EC
00240000000D0024001C01F4
003000000011002E001C01F4
005100000018002B001D01F4
00240000000E0024001D01FB
002E00000012002E001D01FB
0053000000180029001D01FB
00240000000D0024001D0203
002E00000012002E001D0203
005300000019002B001D0202
00240000000E0024001D020B
002E00000012002E001D020B
00530000001A002B001D020A
00220000000E0024001C0213
003000000013002E001C0213
00530000001C002D001D0213
00220000000E0024001D021B
003000000013002E001D021B
00530000001C002B001D021B
00220000000D0024001D0223
002E00000012002E001D0223
00530000001B002D001D0223
00240000000D0024001C022C
003000000012002E001C022C
00530000001A0030001C022C
00240000000C0024001B0234
003000000010002E001B0234
005100000018002D001B0234
00250000000C0023001C023C
003000000010002C001B023C
0051000000170027001C023C
00250000000D0024001C0244
003000000010002F001C0244
0053000000180030001C0244
00250000000D0024001C024C
003000000010002F001C024C
0051000000180030001C024C
00250000000D0024001C0255
003000000011002E001C0255
005100000017002B001C0255
00270000000D0021001B025D
0030000000100028001B025D
005100000014001E001C025D
00270000000D0024001B0263
002E0000000F002D001B0263
0051000000140027001C0263
00270000000D0025001B026D
0030000000100030001B026D
005100000015002D001B026D
00300000000C001C001C0277
00340000000E001E001C0277
004D000000110016001C0276
00300000000C0017001B027C
00340000000E0019001B027C
004F0000000F0012001B027B
003000000007001300220009
003A00000008001300220009
004F0000000A001300220009
003200000006000D0022000A
003600000007000E0022000A
005100000008000C0022000A
002900000009001E0023000E
002E0000000900210023000E
00510000000E001A0023000E
00250000000D00230025001C
002E00000010002C0025001C
00530000001700240026001C
00250000000D002300250023
002E00000011002B00250023
005300000016002200260023
00240000000E00230024002A
002E00000013002B0024002A
00530000001B00220024002A
00220000000E002400240034
003000000013002F00240034
00530000001C003000250033
00240000000D00240025003C
003000000012002E0025003C
00530000001B002D0025003C
00240000000D002400240043
003000000011002D00240043
005100000019002D00250043
00270000000C00210022004E
00320000000F00280021004E
004F0000001500220022004E
00270000000B001F00210052
00320000000E002300210052
004F00000012001C00220052
00250000000C00230022005A
00300000000F002B0022005A
00510000001500270022005A
00220000000C002300230063
002E00000010002D00230063
005100000018002900230063
00240000000D00230024006B
003000000011002D0024006B
00530000001A00290025006B
00240000000C002300260074
003000000010002D00260074
005300000018002B00260074
00250000000C00230025007D
00300000000F002A0025007D
00510000001500240025007C
00250000000C002300240083
00300000000F002A00240083
005100000015002400240083
00240000000D00240025008C
002E00000010002D0025008C
00530000001700290025008C
00250000000C002300250093
002E0000000F002C00240093
005100000016002700250093
00250000000D00220026009D
00300000001000290026009D
00530000001700220026009D
00270000000D0023002600A4
002E0000000F0029002600A4
0053000000140020002600A4
003000000009001F002900AE
0030000000090021002900AE
00510000000C001C002900AD
002E00000008001F002900B4
0030000000090023002900B4
00510000000D001E002900B3
00270000000D0023002500BC
00300000000F002B002500BC
0051000000140020002500BB
00250000000D0021002400C2
0030000000100028002400C2
005100000016001E002400C2
00240000000D0023002400CA
002E00000010002C002400C9
0053000000190029002400C9
00220000000D0023002400D4
003000000012002D002400D4
00530000001A002B002500D4
00250000000D0023002300DD
003200000010002D002300DD
005100000018002B002400DD
00290000000A0020002100E5
00320000000C0024002100E5
004F00000010001E002200E5
00270000000B0021002300EB
00300000000E0028002300EB
0051000000130020002300EB
00250000000D0024002400F4
002E00000010002D002400F4
005100000017002B002400F4
00250000000D0023002400FC
003000000011002C002400FC
0051000000180027002400FC
00250000000D002300230106
003200000010002A00230106
005100000016002700240106
00290000000C001E0022010C
00320000000E00210022010C
005100000012001A0022010C
00270000000B002000230111
00300000000E002600230111
004F00000013002000230111
00250000000D00230025011C
003000000012002B0025011C
00530000001700240025011C
00240000000E002400250123
002E00000012002E00250123
00530000001A002B00260123
00250000000E00240026012D
003000000013002E0026012D
005300000019002D0026012D
00290000000D002300250135
00300000000F002B00250135
005100000014002200250135
00290000000D002100250139
003000000010002800250139
005100000014001E00250139
00240000000E002400230143
002E00000013002F00230143
005300000019002B00240142
00240000000D00230024014C
003000000012002C0024014C
00530000001900290024014C
00250000000C002200200154
003000000010002900200154
004F00000017002400210154
00270000000F00240022015F
003000000012002E0022015F
004F00000016002B0022015E
00320000000D001F00230169
00380000000E002200230169
004D0000000E001C00230169
00300000000E001F0024016C
00320000000F00220024016C
004D0000000E00160024016C
002C0000000B001E0024016E
002E0000000C00200024016E
00510000000D00160024016E
00270000000C00230020017B
00300000000F002B0020017B
004F0000001300240021017B
00250000000B002100270184
00300000000F002800270184
005300000016002700270184
00240000000D00230025018A
002E00000012002D0025018A
00530000001B002B0025018A
00220000000E002400250194
002E00000013002D00250194
00530000001C002D00250194
00220000000E00240027019C
002E00000013002E0027019C
00530000001C00300027019B
00240000000D0023002601A4
003000000012002D002601A4
00530000001A0029002601A3
00220000000D0023002501AA
002E00000012002D002501AA
00530000001B002B002501AA
00220000000E0024002401B4
003000000013002F002401B4
00530000001B0030002501B3
00220000000C0024002501BC
003000000010002D002501BC
005300000019002D002501BC
00250000000D0023002701C4
003000000010002B002701C4
0053000000160027002701C4
00270000000C0022002201CC
00300000000F0029002201CC
004F000000160020002301CC
00250000000D0024002201D4
00300000000F002D002201D4
0051000000140027002301D3
00250000000D0024002401DC
002E00000010002E002401DC
0053000000160027002401DB
00240000000D0024002401E3
002E00000010002E002401E3
005300000018002B002501E3
00250000000C0024002501EC
00300000000F002D002501EC
0053000000160029002501EB
00250000000D0024002501F3
002E00000010002E002501F3
0053000000170029002501F3
00250000000D0024002401FC
002E00000010002D002401FC
0053000000160027002501FB
00240000000D002300240204
002E00000011002B00240204
005300000017002400250204
00240000000D00230025020B
002E00000010002D0025020B
00530000001800270026020A
00240000000D002400250213
002E00000012002E00250213
00530000001A002D00260213
00240000000D00240025021B
002E00000011002D0025021B
00530000001A002B0026021B
00240000000D002300260223
002E00000011002C00260223
005300000019002900260223
00240000000C00230026022B
003000000010002D0026022B
005300000019002D0026022B
00240000000D002400250234
002E00000012002E00250234
00530000001A002D00260234
00240000000D00240025023C
003000000011002E0025023C
005300000019002D0026023C
00240000000D002400250244
003000000011002D00250244
005300000018002B00250244
00240000000D00240024024B
002E0000001200300024024B
00530000001900300025024B
00250000000D002300250255
002E0000000F002C00250255
005300000017002900260254
00250000000D00230025025D
003000000010002C0025025D
00530000001600270026025D
00270000000C002300260264
002E0000000E002A00260264
005100000013002200260264
00270000000D00240025026C
002E0000000F002D0025026C
00510000001300240025026B
00290000000B002100210274
00300000000E002800210274
004F00000012001E00220274
002A0000000C001D0020027C
00320000000F001F0020027C
004F0000001400160021027B
00270000000D0021002C0006
00300000000F0026002C0006
005100000014001E002C0005
002C0000000B001F002F000E
00320000000C0021002F000E
00510000000F001A0030000E
003200000007001800310013
003200000007001800310013
005300000009001500310012
00290000000D0022002D0019
002E0000000F0028002D0019
005100000013001E002D0019
00240000000E0023002C0023
002E00000012002B002C0023
0053000000180022002C0022
00240000000D0023002D002B
002E00000012002C002D002B
0053000000190027002D002B
00240000000D0024002E0034
003000000011002E002E0034
00530000001A002D002E0033
00240000000D0023002E003C
003000000012002D002E003C
0053000000190029002E003C
00220000000D0024002D0043
003000000012002E002D0043
00530000001B002B002D0043
00220000000D0024002C004A
003000000011002D002C004A
00530000001B002D002D004A
00220000000C0023002C0053
003000000010002D002C0053
00530000001A002D002C0053
00240000000C0023002C005C
003000000010002D002C005C
00510000001A002D002C005B
00220000000D0024002D0063
002E00000011002E002D0063
00530000001B002D002D0062
00220000000D0024002C006B
002E00000012002E002C006B
00530000001A002B002C006B
00220000000D0024002C0073
003000000012002E002C0073
00530000001A002B002C0073
00240000000C0023002A007B
003000000010002B002A007B
0051000000170027002A007B
00240000000D0024002C0085
003000000010002D002C0085
0053000000180029002C0084
00240000000D0024002D008C
002E00000010002D002D008C
0053000000170029002E008C
00250000000C0023002C0094
002E0000000F002D002C0094
0053000000150027002C0094
00270000000B0021002C009D
00300000000E0026002C009D
005100000013001E002C009D
00290000000B0023002B00A7
00320000000D0029002B00A7
0051000000100022002C00A7
003000000008001C002A00AF
003600000008001E002A00AF
004F0000000B001A002B00AE
003000000009001F002B00B4
0032000000090022002A00B4
004F0000000A001C002B00B4
002C0000000A0021002C00BA
00300000000A0026002C00BA
00510000000E001E002C00BA
00290000000B0023002C00C2
00300000000D002A002C00C2
0051000000120024002D00C1
00250000000C0023002E00C9
002E0000000E002D002E00C9
0053000000150029002E00C9
00240000000C0024002E00D4
003000000010002E002E00D4
005300000019002D002E00D4
00250000000B0023002F00DB
00300000000E002A002F00DB
0053000000160027002F00DB
00250000000C0023002C00E4
002E0000000E002A002C00E4
0051000000160024002C00E4
00250000000B0022002B00EC
00300000000E0029002B00EC
0051000000150024002B00EC
00240000000D0023002D00F3
002E00000010002D002D00F3
0053000000180029002D00F3
00240000000D0023002C00FC
002E00000011002C002C00FC
0053000000180027002C00FC
00240000000D0023002C0103
002E00000010002D002C0103
0053000000180029002C0103
00240000000D0023002B010C
003000000011002C002B010C
005100000019002B002C010C
00250000000D0024002F0114
003000000010002D002F0114
005300000018002B002F0114
00250000000D0024002B011C
003000000012002D002B011C
00510000001A002B002B011C
00240000000D0023002C0124
003000000012002C002C0124
0053000000190029002C0124
00250000000D0023002C012B
003000000012002D002C012B
0051000000180029002C012B
00270000000B002100290135
00320000000E002700290135
004F00000014002000290135
00250000000D0023002A013A
002E00000010002B002A013B
0051000000160024002A013A
00240000000E0024002D0144
002E00000012002E002D0144
00530000001A002D002D0143
00240000000D0023002D014C
002E00000011002C002D014C
0053000000190029002E014B
00240000000D0024002C0154
002E00000011002D002C0154
005100000019002B002D0153
00240000000D0023002B015C
003000000010002D002B015C
005100000017002B002B015C
002A00000009001F00280167
00340000000A002100270167
004F0000000E001E00280167
00340000000500110027016C
00360000000500120027016C
004D0000000600120027016B
002900000009001E00290171
00300000000B002000290171
00510000000E001A00290170
00240000000D0023002C017D
003000000010002C002C017D
0053000000170027002C017D
00240000000E0022002C0184
0030000000130029002D0184
00530000001A0022002D0184
00240000000D0022002C0189
002E000000120029002C0189
00510000001A0024002D0188
00220000000E0024002C0194
003000000013002E002C0194
00510000001C0030002C0194
00240000000D0023002C019C
003000000012002B002C019C
00510000001A0029002C019B
00240000000E0024002D01A4
002E00000013002E002D01A4
00530000001B002B002D01A3
00240000000D0023002D01AB
002E00000012002D002D01AB
00530000001A002B002D01AB
00240000000D0024002F01B4
002E00000011002D002F01B4
0053000000180029002F01B4
00240000000C0023002D01BD
003000000010002C002D01BD
0051000000180029002D01BD
00250000000B0021002C01C4
00300000000F0027002C01C4
0051000000160020002C01C4
00250000000B0022002C01C9
00300000000E0029002C01C9
0051000000150024002C01C9
00240000000C0024002C01D3
002E00000010002E002C01D3
005300000018002D002D01D3
00250000000D0024002D01DB
002E00000010002D002D01DB
0053000000170027002E01DB
00240000000D0024002D01E3
002E00000010002D002D01E3
0053000000180029002D01E3
00240000000D0024002C01EC
002E00000011002E002C01EC
005300000019002D002C01EB
00250000000D0024002D01F4
002E0000000F002E002D01F4
005300000016002B002E01F4
00250000000C0024002D01FC
002E0000000F002E002D01FC
005300000015002B002E01FB
00250000000C0023002D0204
00300000000F002C002D0204
0053000000160027002E0204
00250000000C0022002C020A
002E0000000F0029002C020A
0053000000160020002D020A
00240000000D0024002D0213
002E00000011002E002D0212
005300000019002D002D0212
00240000000D0024002D021B
002E00000011002E002D021B
005300000019002D002E021B
00240000000D0023002C0223
003000000011002D002C0223
005300000019002B002D0223
00240000000D0023002D022B
002E00000012002C002D022B
0053000000180027002D022B
00240000000D0024002D0234
003000000012002E002D0234
005300000019002D002D0234
00240000000D0024002C023C
003000000011002D002C023C
0051000000190029002C023C
00240000000D0024002C0243
002E00000012002E002C0243
005100000019002B002C0243
00240000000E0024002D024B
002E00000012002F002D024B
005300000019002D002D024B
00240000000D0024002D0256
002E00000011002E002D0256
005300000018002B002D0256
00270000000D0022002B025D
0030000000100029002B025D
0051000000150022002B025C
00270000000B0022002A0264
00300000000E0029002A0264
0051000000120022002B0263
00250000000C0023002B026B
002E0000000F002B002B026B
0051000000130024002B026B
00270000000B0021002C0274
00300000000E0028002C0274
0051000000130020002C0274
00290000000D0021002D027C
002E000000100028002D027C
005300000015001E002D027C
002A0000000E002100330008
00320000000F002700330008
004F00000012001E00330008
00320000000A001C0032000F
00360000000A001E0032000F
004F0000000B00180032000F
003200000008001600320012
003400000008001600320012
004F00000009001200320012
00290000000A001F00320018
00300000000A002300320018
00510000000F001C00320017
00240000000D002400340023
002E00000012002E00340023
005100000018002900340023
00240000000D00230035002C
003000000011002D0035002C
00530000001900290035002B
00240000000D002300350033
003000000010002C00350033
005300000018002900350032
00240000000D00230034003B
003000000012002C0034003B
00530000001A00290034003B
00220000000D002300340042
003000000012002C00340042
00530000001B002D00340042
00220000000D00240034004A
003000000013002D0034004A
00530000001D00300035004A
00220000000D002400350054
003200000013002E00350054
00530000001E003400350054
00220000000D00240035005C
003200000013002E0035005C
00530000001D00320035005C
00220000000D002300350063
003000000012002D00350063
00530000001C002B00360063
00220000000D00230035006B
003000000011002D0035006B
00530000001B002D0035006B
00220000000C002300350073
003000000010002D00350073
00530000001A002D00350073
00240000000C00230036007C
003000000010002D0036007C
005300000018002D0036007C
00240000000C002300350085
003000000010002C00350085
005300000018002900360084
00250000000D00230034008C
003000000010002C0034008C
00510000001700270035008B
00240000000D002400350093
002E00000010002D00350093
005300000018002900350093
00240000000D00230034009C
003000000010002C0034009C
00510000001800270035009C
00250000000D0023003500A4
002E00000010002C003500A4
0051000000150024003500A4
00270000000C0023003000AC
00300000000E002B003000AC
004F000000120022003000AC
00270000000B0022003100B4
00300000000C0029003000B4
004F000000100020003100B3
00270000000B0021003000BC
00300000000D0028003000BC
004F00000010001E003000BC
00250000000D0023003300C3
003000000010002A003300C3
0051000000150022003300C2
00250000000D0024003400CB
002E00000010002D003400CB
0053000000170029003500CB
00270000000C0023003600D6
00300000000F0029003600D6
0051000000160024003700D5
00270000000B0021003400DB
00300000000E0028003400DB
0051000000140020003400DA
00250000000B0022003400E1
002E0000000E0029003400E1
0051000000150024003400E1
00240000000C0023003300EC
002E0000000F002D003300EC
0051000000180029003400EC
00240000000C0023003500F4
002E00000010002C003500F4
0053000000180029003500F4
00250000000C0023003700FB
002E0000000F002B003700FB
0053000000170027003700FB
00240000000D002400350104
002E00000010002D00350104
005300000019002B00350103
00250000000D00230035010E
003000000011002C0035010E
005300000019002B0036010E
00270000000C002100340113
00300000000F002900340113
005100000016002200340113
00240000000C002300340119
002E00000010002C00340119
005100000018002B00340119
00220000000D002300330123
003000000012002D00330123
00510000001B002D00340123
00220000000D00240034012D
003000000012002E0034012D
00530000001A00300034012D
00240000000D002400350135
003000000012002D00350135
00530000001A002B00350135
00240000000E00240034013B
002E00000012002F0034013B
00510000001B00300035013B
00240000000E002400340144
002E00000013002E00340144
00530000001C003000340144
00240000000E00240034014A
002E00000012002D0034014A
00510000001B002B0034014A
00220000000D002400340153
002E00000012002E00340153
00530000001B002D00340153
00220000000D00240034015B
003000000013002E0034015B
00530000001D00300034015B
00220000000C002300340164
003000000010002D00340164
00530000001A002B00340164
00220000000C00230035016B
003000000010002C0035016B
00530000001900290035016A
00240000000C002200340173
003000000010002A00340172
005100000019002900340172
00220000000D00230036017D
003000000012002D0036017D
00530000001B002D0036017D
00240000000E002200350184
003200000013002A00350184
00510000001C002400350184
00240000000D002300350189
003000000012002B00350189
005100000019002700360189
00220000000D002400350194
003000000012002D00350194
00530000001B002D00350194
00240000000D00230035019C
003000000011002C0035019C
00530000001A002B0036019C
00240000000D0024003501A3
003000000012002D003501A3
00530000001A002B003501A3
00220000000D0023003401AB
003000000011002D003401AB
00510000001A002D003401AB
00240000000D0023003401B3
003000000012002D003401B3
00510000001A002B003401B3
00220000000C0024003401BB
003000000010002D003401BB
00530000001A002B003401BA
00220000000D0024003401C3
003000000012002E003401C3
00530000001B002D003401C3
00220000000D0024003501CB
003000000012002F003501CB
00530000001B0032003501CB
00220000000D0023003501D4
003000000012002D003501D4
00530000001B002B003501D3
00240000000C0023003501DB
003000000011002D003501DB
0053000000190029003501DB
00240000000C0023003501E4
003000000010002D003501E4
005300000019002B003501E4
00240000000C0023003501EC
003000000010002C003501EC
005300000018002B003501EC
00240000000D0023003501F4
002E00000011002D003501F4
0053000000180029003501F4
00240000000C0023003501FC
002E00000010002D003501FC
0053000000160027003601FC
00240000000D002300350203
003000000011002A00350203
005300000017002400350203
00240000000D00230034020A
002E00000011002B0034020A
00530000001900270035020A
00240000000D002400350213
002E00000012002E00350213
005300000019002D00360213
00240000000D00230035021B
003000000011002D0035021B
00530000001900290036021B
00240000000D002400350223
002E00000012002E00350223
005300000019002B00350223
00240000000D00240036022C
003000000011002D0036022C
005300000019002B0036022C
00240000000D002400340233
002E00000011002E00340233
005100000019002D00340232
00240000000C00240034023B
003000000010002D0034023B
00510000001900300034023B
00240000000D002400340244
003000000011002D00340244
005300000019002B00350243
00240000000D00240036024C
003000000010002E0036024C
00530000001800300036024C
00250000000C002300350254
002E0000000F002B00350254
005300000016002400350254
00250000000C00240034025B
002E0000000F002D0034025B
00510000001600290034025B
00250000000C002300350264
003000000010002C00350264
005300000015002700350264
00250000000D00240034026B
002E00000010002D0034026B
00510000001600270034026B
00270000000C002300340274
00300000000F002A00340274
005100000015002400340274
00290000000E00210035027C
00300000001100260035027C
005100000016001C0036027C
00270000000D0020003A0004
0030000000100025003A0004
005100000015001C003A0004
00270000000C0021003A000C
002E0000000F0028003A000C
005100000015001E003A000C
00270000000B0021003A0014
00300000000D0028003A0014
0051000000120020003A0014
00250000000C0022003E001C
00300000000F0029003E001C
0053000000150022003E001C
00250000000D0023003D0022
003000000010002B003D0022
0051000000170027003D0022
00240000000D0023003D002B
002E00000012002D003C002B
00530000001A0029003D002B
00220000000D0024003C0033
003000000012002D003C0033
00530000001A002B003C0033
00240000000D0023003D003B
003000000011002D003D003B
00530000001A002B003D003B
00220000000D0024003D0043
003000000012002E003D0043
00530000001B0030003E0043
00240000000C0023003F004B
003000000010002B003F004B
0053000000190029003F004B
00240000000B002100410053
00320000000F002900410053
005300000019002B00410053
00220000000D0024003C005C
003200000013002D003C005C
00510000001E0030003D005C
00240000000D0024003D0065
003000000012002D003D0065
00530000001B002B003E0065
00240000000C0023003E006B
00300000000F002D003E006B
005300000018002B003E006B
00240000000D0023003D0072
003000000010002D003D0072
005100000019002B003D0072
00240000000D0024003D007C
003000000012002D003D007C
0051000000190029003D007C
00250000000C0022003D0083
00300000000F0029003D0083
0051000000160024003D0082
00240000000D0024003C008D
003000000012002D003C008D
0053000000190029003D008D
00270000000C0022003F0094
00300000000F0029003F0094
0053000000150022003F0094
00250000000D0023003C009C
003000000010002A003C009C
0051000000180022003C009B
00250000000C0021003B00A2
00300000000F0027003B00A2
005100000015001E003B00A2
00240000000C0023003B00AA
002E00000010002C003B00AA
0051000000180029003C00AA
00240000000C0024003D00B4
003000000010002D003D00B4
0053000000170029003D00B4
00250000000C0022003C00BC
00300000000F0029003C00BC
0051000000160024003C00BB
00240000000C0023003C00C4
00300000000F002B003C00C4
0053000000170027003D00C3
00250000000C0023003C00CE
00300000000F002B003C00CE
0051000000150027003D00CE
00270000000C0021003B00D4
00300000000F0027003B00D4
005100000013001E003C00D4
00270000000B0022003C00DB
00300000000E0029003C00DB
0051000000130022003C00DA
002E000000060018004100E4
003000000006001A004100E4
00510000000A0016004100E4
00290000000B0021003D00EB
00300000000D0029003D00EB
0051000000130020003D00EA
00250000000C0023003C00F4
002E0000000F002D003C00F4
0051000000160027003C00F3
00270000000C0020003F00FC
0030000000100025003F00FC
005300000017001E004000FC
00240000000D0024003F0103
002E00000010002D003F0103
005300000019002B003F0102
00250000000D0024003B010C
003000000010002E003B010C
005100000018002D003B010C
00240000000C0023003B0114
003000000010002C003B0114
005100000018002B003B0113
00240000000D0023003F011B
002E00000010002C003F011B
0053000000180029003F011B
00220000000D0023003C0123
003000000012002D003C0123
00510000001B002D003D0123
00220000000E0024003D012C
003000000013002E003D012C
00530000001D0030003D012C
00220000000D0024003B0134
003000000012002D003B0134
00510000001C002D003C0134
00220000000F0024003C013C
002E000000140030003C013C
00530000001D0030003C013C
00240000000E0024003D0144
003000000013002E003D0144
00530000001B002D003D0144
00240000000D0023003C014B
003000000012002D003C014B
00510000001B002B003C014B
00240000000D0024003D0154
003000000011002D003D0154
00530000001A002D003D0153
00240000000D0024003F015C
003000000012002D003F015C
00530000001A002B003F015C
00240000000D0023003E0165
003000000011002D003E0165
00530000001A002B003E0165
00270000000D0023003F016C
003000000010002B003F016C
0051000000180029003F016B
00250000000D002300400173
002E00000010002C00400173
005300000018002B00400173
00250000000D0023003E017C
003000000012002D003E017C
00530000001A002B003F017C
00220000000E0023003B0184
003200000013002B003C0184
00530000001C0029003C0184
00240000000D0024003D018E
003200000012002D003D018E
005100000019002D003E018D
00270000000B0022003E0194
00300000000E0029003E0194
0051000000140024003E0194
00250000000D0024003E019A
002E00000010002E003E019A
005300000018002B003E019A
00240000000E0024003C01A3
002E00000013002E003C01A3
00510000001B002D003C01A3
00240000000D0024003D01AB
002E00000011002E003D01AA
00530000001A002D003E01AA
00220000000D0024003C01B3
003000000012002E003C01B3
00530000001B0030003C01B2
00240000000C0023004001BD
003000000010002A004001BD
0053000000190027004001BC
00240000000D0024003D01C2
003000000012002D003D01C2
00510000001C002D003E01C2
00240000000D0024003D01CC
003000000012002F003D01CC
00530000001B0032003E01CB
00220000000D0024003D01D3
002E00000012002E003D01D3
00530000001B002D003E01D3
00240000000D0024003D01DB
003000000011002E003D01DB
00530000001A002D003D01DB
00240000000C0024003D01E4
003000000010002E003D01E4
005300000019002D003E01E3
00240000000D0024003D01EC
003000000010002E003D01EC
0053000000190030003D01EB
00240000000C0023003D01F4
00300000000F002D003D01F4
005300000017002B003D01F4
00250000000C0023003D01FB
002E0000000F002B003D01FB
0053000000150024003D01FB
00240000000C0023003C0202
002E00000010002B003C0202
0051000000180027003C0202
00240000000D0023003E020C
002E00000010002D003E020C
005300000019002B003E020B
00240000000D0024003D0214
002E00000012002E003D0214
00530000001A002B003D0214
00240000000C0023003D021B
003000000010002C003D021B
0053000000180029003D021B
00240000000D0024003E0224
002E00000011002D003E0224
0053000000180027003E0223
00250000000D0023003C022C
003000000011002B003C022C
0053000000170022003D022B
00240000000D0024003D0232
003000000011002E003D0232
005100000019002D003D0232
00220000000D0024003D023B
003000000011002E003D023B
00530000001A002D003D023B
00240000000D0024003D0245
003000000011002D003D0244
00530000001A002D003E0244
00240000000D0024003C024C
003000000011002D003C024C
005100000019002B003D024C
00250000000C0023003C0253
002E0000000F002D003C0253
0051000000160027003C0253
00250000000C0023003D025C
002E00000010002C003D025C
0053000000160027003E025C
00250000000D0023003D0264
002E00000010002C003D0264
0053000000160024003D0263
00250000000E0024003D026C
002E00000011002E003D026C
0053000000160027003D026B
00270000000C0023003C0274
00300000000F002B003C0274
0051000000160024003C0274
00290000000D001F003B027C
0030000000110022003B027C
0051000000150018003C027C
00270000000D002100440006
003000000010002700440006
005100000016002000450005
00290000000D00210046000D
00300000000F00280046000D
00510000001400200046000D
00270000000D002300460012
00300000000F002A00460012
005100000016002200460012
00240000000D00230043001C
002E00000012002A0043001C
00530000001800220043001B
00220000000E002400440023
002E00000013002E00440023
00530000001C002D00440022
00240000000D00240047002B
003000000012002D0047002B
00530000001B002B0047002B
00220000000D002400440033
003000000012002E00440033
00530000001C002D00450033
00220000000E00240045003C
003000000013002E0045003C
00530000001C00300045003B
00250000000B002300460047
00320000000F002C00460047
005100000017002D00460047
00270000000A00210046004C
00320000000E00290046004C
00510000001700270046004C
00250000000B002000440051
00320000000F002600440051
005100000018002200440051
00240000000B002100440058
00300000000F002800440058
00510000001A002900440058
00240000000D002300420064
003200000011002D00420064
00510000001B002D00430064
00240000000C00220043006B
00300000001000290043006B
00510000001900270043006B
00240000000C002300440072
003000000010002C00440072
005100000018002900440072
00240000000C00230044007C
003000000010002C0044007C
00510000001800290044007C
00240000000C002300450084
00300000000F002D00450084
005300000017002900450084
00250000000D00230044008E
003000000010002B0044008E
00510000001700270044008E
00270000000C001F00430093
003200000010002300430093
005100000015001C00430093
00240000000C002100440098
002E00000010002900430098
005100000017002200440098
00220000000D0023004500A3
003000000012002D004500A3
00530000001A002B004500A3
00220000000D0024004700AD
003000000012002E004700AD
00530000001A002D004700AD
00250000000D0023004500B4
003000000010002B004500B4
0051000000180027004500B4
00240000000D0023004500BA
003000000010002D004500BA
0053000000180029004500BA
00240000000B0022004300C3
00300000000F002A004300C3
0051000000170027004300C3
00240000000C0023004300CB
002E0000000F002D004300CB
005100000017002B004400CB
00240000000B0023004200D4
00300000000E002B004200D4
0051000000160029004200D3
002A00000008001C004400E0
00360000000A001F004400E0
004F00000011001C004400E0
002C000000080018004200E3
0034000000090019004200E3
004F0000000D0013004200E3
00290000000A001E004300E8
00300000000C0021004300E8
005100000012001A004300E8
00240000000D0024004500F6
003000000010002D004500F6
005300000017002B004500F6
00290000000A001E004400FE
00340000000E0021004400FE
005100000013001C004400FD
002900000008001D00440100
00320000000A002000440100
00510000000F001C00440100
00250000000D00240045010C
002E00000012002F0045010C
00510000001A00300046010C
00250000000D002300440114
003000000010002D00440114
005100000018002B00440113
00240000000D00230043011B
002E00000012002C0043011B
00510000001A00290044011B
00240000000D002400450123
003000000011002D00450123
005300000019002D00460123
00240000000D00240047012B
002E00000012002D0047012B
00530000001B002D0047012B
00220000000D002400450133
003000000012002E00450133
00510000001B002D00450133
00220000000D00240046013C
003000000012002E0046013C
00530000001B00300046013C
00240000000D002300460144
002E00000012002B00460144
00530000001A002900470144
00240000000D00240045014B
002E00000012002D0045014B
00510000001A002B0045014B
00270000000D002400470156
003000000012002D00470156
005300000018002B00470156
002E0000000B001B004A015C
00300000000E001D004A015D
0051000000130018004A015C
00290000000C002200450162
00300000000F002900450162
004F00000016002400450161
00270000000F00230044016C
003000000013002D0044016C
004F0000001A00270044016C
00250000000E002300430173
003000000012002B00430173
005100000019002400440173
00240000000E00230044017A
003000000012002B0044017A
00510000001A00270044017A
00220000000F002300440183
003000000015002D00440183
00530000001E002B00440183
00240000000E00240043018C
003000000013002E0043018C
00510000001B002D0043018C
00250000000C002000410193
003200000010002600410193
004F00000017002000420193
00240000000D00240042019B
003000000012002D0042019B
00510000001A002B0043019A
00240000000E0024004401A4
003000000013002E004401A4
00510000001B002D004401A3
00220000000D0024004401AB
003000000013002D004401AB
00510000001D002D004401AB
00220000000D0024004401B4
003000000012002E004401B4
00530000001C0032004501B4
00240000000C0021004301BC
0032000000100028004301BC
0051000000190024004301BC
00220000000C0022004401C1
003000000010002A004401C1
0051000000190029004401C1
00220000000D0024004501CC
003000000011002E004501CC
00530000001B0032004601CC
00250000000C0023004601D4
002E0000000F002C004601D4
0053000000170027004701D4
00240000000C0024004501DC
002E0000000F002E004501DC
005300000018002B004601DB
00250000000C0024004501E4
002E0000000F002D004501E4
0053000000160027004501E4
00250000000C0024004501EC
00300000000F002D004501EC
0053000000150027004501EC
00270000000D0023004901F5
002E0000000F002B004901F5
0055000000150022004901F5
002C0000000D0021004901FC
002E0000000F0028004901FC
005300000012001E004901FC
00270000000D002300450202
002E0000000F002A00450202
005300000017002000450202
00250000000B00230046020B
002E0000000E002A0045020B
00530000001500220046020B
00240000000D002400450213
002E00000012002E00450213
005300000019002B00450212
00250000000C00220044021C
00320000000F002A0044021C
00510000001700240044021B
00240000000B002200440222
003000000010002900440222
005300000016002400440222
00240000000C00230044022A
003000000011002B0044022A
00530000001900270045022A
00220000000D002400440233
003000000013002E00440233
00530000001D003000440232
00220000000D00240045023C
003000000012002F0045023C
00530000001C00320046023C
00240000000D002300460244
003200000012002D00460244
00530000001B002D00470244
00240000000D00230045024A
003000000012002D0045024A
00510000001B002D0045024A
00240000000E002400450253
002E00000012002E00450253
005300000019002B00450253
00240000000D00240045025C
002E00000012002D0045025C
005300000019002B0045025C
00240000000D002400440263
002E00000012002D00440263
005300000018002400440263
00270000000D00240045026C
003000000010002E0045026C
005300000016002B0045026C
00300000000A001C00480277
00340000000A001E00480277
00510000000E001A00480277
00380000000900110048027B
00340000000900110048027B
00510000000A000E0048027B
00250000000D0022004B0005
0030000000100029004B0005
0051000000170022004B0004
00270000000D0021004B000D
00300000000F0026004B000D
005100000014001C004B000D
00270000000C0022004C0013
00300000000F0029004C0013
0051000000140020004C0013
00250000000D0023004D001B
002E00000011002C004D001B
0053000000180027004E001B
00240000000D0023004C0025
003000000012002C004C0025
0053000000190027004D0025
00240000000D0021004C002B
0030000000110029004C002B
0053000000180020004C002B
00220000000D0023004D0032
003000000012002D004D0032
00530000001D002D004D0031
00240000000D0024004E003C
003000000012002E004D003C
00530000001B0030004E003B
00250000000D0023004B0045
003200000011002D004B0045
00510000001A002D004B0045
00250000000B00200049004B
00340000000F00250049004B
004F0000001700200049004B
00220000000C0023004A0052
003200000010002C004A0052
00510000001B002B004A0051
00220000000C0024004D005C
003200000011002E004D005C
00530000001C0032004D005C
00220000000D0024004C0064
003000000012002E004C0064
00530000001D0032004D0063
00240000000D0024004C006C
003000000011002E004C006C
00510000001B0032004C006C
00240000000C0023004C0074
00300000000F002D004C0073
005100000018002B004D0073
00250000000C0024004D007E
00300000000F002E004D007E
005300000016002D004D007E
00270000000C0022004C0084
00300000000F0029004C0084
0051000000160022004D0084
00240000000D0023004C0089
002E00000010002A004C0089
0053000000170022004C0088
00240000000D0023004B0092
003000000011002B004B0092
0051000000190027004B0092
00220000000D0023004D009C
003000000012002D004D009C
00530000001A002B004D009B
00240000000E0024004F00A6
003000000013002D004F00A6
00530000001C002D004F00A6
00270000000E0023005000AC
003000000012002B005000AC
0051000000180024005000AC
00250000000D0023004B00B2
003000000010002A004B00B2
004F000000180024004C00B2
00240000000C0023004C00BB
003000000010002B004C00BB
0053000000180027004C00BA
00240000000C0023004D00C4
003000000010002D004D00C4
005300000018002B004D00C4
00240000000B0023004D00CC
00300000000F002D004D00CC
005100000017002B004D00CB
00240000000D0024004D00D3
002E00000010002E004D00D3
005300000018002B004D00D3
00250000000B0022004A00DC
00300000000E0029004A00DC
0051000000150024004B00DC
0025000000090020004800E2
00320000000B0025004800E2
004F00000012001E004800E2
00250000000A0021004B00EC
00300000000E0027004B00EC
0051000000150022004B00EC
00240000000D0023004D00F3
002E00000010002D004D00F3
0053000000180029004D00F3
00240000000B0021004900FC
00320000000E0028004900FC
004F000000160024004900FC
00240000000B0023004B0104
00300000000F002C004B0104
0051000000160029004C0104
00250000000D0023004C010C
003000000011002B004C010C
0051000000170027004D010C
00250000000D0023004E0114
002E00000011002D004E0114
0053000000180029004E0114
002A0000000C00210051011C
00300000000E00260051011D
00510000001300200051011C
00250000000E0024004D0124
003000000011002E004D0124
005100000019002D004D0123
00250000000E0023004C012B
003000000012002A004C012B
0051000000190024004C012B
00220000000D0023004D0132
003000000012002D004D0132
00530000001A002D004E0132
00220000000D0023004E013D
003000000012002D004E013D
00530000001B002D004E013D
00240000000D0023004C0144
003000000012002A004C0144
00530000001B0027004D0144
00250000000D0024004C014C
002E00000012002D004C014C
00510000001A002B004D014C
002C0000000C0020004C0159
00360000000F0024004C0159
004F000000130020004C0159
002C0000000C001D004B015D
00340000000E001F004B015D
004F000000110016004B015C
002A0000000B0020004B0160
00300000000D0024004B0160
004F00000011001E004B0160
00270000000C0023004B016C
00300000000F002A004B016B
0051000000160024004B016B
00250000000C0022004B0171
00300000000F0029004B0171
0051000000160027004B0171
00220000000D0023004D017C
003000000012002C004D017C
00530000001B002B004D017C
00220000000F0024004E0183
003000000014002E004E0183
00530000001D0030004E0183
00220000000F0024004C018C
003000000014002E004C018C
00510000001E0030004D018B
00240000000D0023004D0194
003000000012002C004D0194
00530000001B0029004D0193
00220000000D0023004D019A
003000000012002D004D019A
00510000001A002D004D019A
00240000000D0023004F01A4
003000000011002D004F01A4
00530000001B002D004F01A4
00240000000D0023004E01AB
003000000011002B004E01AB
00510000001A002B004E01AB
00220000000D0024004E01B3
002E00000012002D004E01B3
00530000001C0030004E01B3
00220000000D0024004D01BB
003000000012002E004E01BB
00530000001C002D004E01BB
00220000000C0024004D01C3
003000000011002D004D01C3
00530000001B0030004E01C3
00220000000E0024004E01CD
003000000013002E004E01CD
00530000001D0032004E01CC
00270000000C0023004F01D5
00300000000F002A004F01D5
0053000000170024004F01D5
00270000000C0024004E01DB
002E0000000F002D004D01DB
0051000000160027004E01DA
00250000000D0024004D01E3
002E00000010002E004C01E3
0053000000160027004D01E3
00250000000C0023004C01EE
00300000000F002C004C01EE
0053000000140024004C01ED
002E0000000C0021004D01F9
00340000000E0026004D01F9
004F0000000F001E004D01F9
00340000000A001D004D01FE
003600000009001E004D01FE
004F000000090016004D01FE
003600000008001A004E01FF
003400000008001B004E01FF
0053000000080015004E01FF
00270000000C0023004C020A
002E0000000F0029004C020A
005300000013001E004C020A
00240000000E0023004D0212
002E00000012002D004D0212
0053000000180024004D0212
00240000000D0024004D021B
002E00000011002D004D021B
0053000000180027004E021A
00240000000C0023004C0223
003000000010002B004C0223
0053000000190027004D0223
00240000000D0023004D022B
003000000011002B004D022B
00530000001A0027004D022B
00220000000C0023004D0233
003000000011002D004D0233
00530000001B002D004E0232
00220000000D0024004D023C
003000000012002E004D023C
00530000001B0032004D023C
00240000000D0022004C0244
003200000012002A004C0244
00510000001B0027004C0244
00220000000D0023004C024A
003000000012002D004C024A
00510000001B002D004C024A
00250000000D002300500254
003000000010002C00500254
005300000017002900500254
00250000000D0024004C025C
003000000011002D004C025C
0051000000180029004D025C
00250000000D0024004C0266
003000000010002E004C0266
005300000018002B004D0266
00290000000D0025004D026E
0030000000100030004D026E
005300000015002D004E026D
00320000000E001D004B0276
003600000010001F004B0276
004D000000110016004B0276
00360000000D0010004A027B
00380000000F0010004A027B
004F0000000E000C004B027B
00270000000C002100550007
00320000000F002700550007
005100000015002000550006
00270000000D00220054000E
00300000001000290054000E
00530000001400200054000D
00290000000C002100530013
00300000000E002700530013
005100000014001E00530013
00250000000C00220053001A
002E0000000F00290053001A
005300000015002000540019
00240000000D002400550024
003000000012002E00550024
00530000001A002B00550023
00240000000D00240054002B
003000000012002D0054002B
005300000019002B0054002B
00250000000C002300560034
003000000010002D00560034
005300000018002B00560034
002A0000000A00200059003D
00320000000C00250059003D
00510000001400200059003D
002A0000000A001F00580042
00300000000B002300580042
005100000013001E00590042
00240000000D00240054004A
003000000011002E0054004A
00510000001B002D0054004A
00220000000D002400560054
003200000012002F00560054
00530000001D003600560054
00240000000C00230056005C
003200000010002D0056005C
00510000001A00300056005C
00240000000E002400550063
003000000012002E00550063
00530000001B002D00560063
00240000000E00240055006C
003000000012002E0055006C
00510000001B002D0055006B
00240000000C002300540073
003000000010002D00540073
005100000019002B00540072
00240000000D00240054007C
003000000012002D0054007C
00530000001A002D0054007C
00240000000C002300520084
003000000010002A00520084
005100000018002400520084
00240000000D00240057008B
002E00000012002E0057008B
00530000001A002D0057008B
00220000000D002400550093
003000000012002E00550093
00530000001C003000560093
00220000000D00240055009E
003200000012002D0055009E
00530000001B00300055009E
00270000000E0023005500A8
003200000012002C005500A8
0051000000190029005500A8
00290000000E0023005400AC
0030000000120029005400AC
004F000000160020005400AC
00290000000D0022005400B0
00300000000F0029005400B0
0051000000140022005400B0
00240000000D0024005500BB
002E00000012002D005500BB
00530000001A002B005500BB
00240000000D0023005500C4
003000000012002D005500C4
00530000001A002B005500C4
00240000000D0023005500CB
003000000012002D005500CB
00530000001B002B005500CB
00240000000D0023005400D3
003000000011002D005400D3
00510000001A0029005400D2
00220000000C0024005400DC
003000000010002E005400DC
005300000019002D005500DB
00240000000D0023005500E4
003000000010002D005500E4
0053000000180029005500E4
00220000000D0023005500EC
003000000011002D005500EC
00530000001A002B005500EB
00220000000C0023005300F3
003000000010002B005300F3
0051000000190029005400F3
00220000000D0024005400FB
002E00000011002D005400FB
00530000001A002B005500FB
00240000000D002400540105
003000000012002E00540105
00530000001A002D00540105
00250000000D00230053010E
003000000011002C0053010E
00510000001700290054010E
002A0000000D002200540118
00340000000F002900540118
005100000013002400540118
002C0000000C00210053011C
00320000000E00260053011C
004F00000011001E0053011C
00290000000C002200540120
002E0000000E002900540120
005100000013002200540120
00240000000C00230054012B
002E00000010002C0054012B
00510000001700290054012A
00220000000D002400550134
003000000011002E00550134
00530000001A002D00550134
00250000000C00220055013E
003200000010002A0055013E
00510000001700290055013E
00250000000D002200550143
003000000010002900550143
005300000015002200550142
00240000000E00240055014B
003000000012002E0055014B
005300000019002D0055014B
00250000000C002300510155
003000000010002B00510155
005100000017002900510155
00290000000B00210050015C
00320000000D00260050015C
004D0000001200220050015C
00270000000B002300530163
00300000000E002900530163
005100000014002400530163
00240000000D00230052016A
003000000011002C0052016A
00510000001900270053016A
00240000000D002400540173
003000000012002D00540173
00530000001A002D00540172
00220000000D00230054017C
003000000012002D0054017C
00530000001B002B0054017B
00220000000D002300550184
003000000012002D00550184
00530000001B002B00550183
00220000000E00230056018C
003000000013002C0057018C
00530000001C002B0057018B
00220000000D002300540193
003000000013002D00540193
00510000001D002B00550192
00220000000D00230055019C
003200000012002D0055019C
00530000001B002D0055019C
00240000000E0023005601A4
003000000013002A005601A4
00510000001C0027005601A4
00220000000E0024005401AB
003000000013002D005401AB
00510000001D002D005401AA
00220000000E0024005401B4
003000000013002F005401B4
00510000001D0032005401B3
00220000000D0024005401BB
003000000013002E005401BB
00510000001F0032005401BB
00220000000E0024005501C4
0032000000130030005501C4
00530000001E0036005501C4
00240000000D0023005401CE
003400000012002C005401CE
00510000001B002B005401CE
00250000000D0021005301D4
0032000000110027005301D4
005100000016001E005301D4
00270000000C0021005301D9
0030000000100029005301D9
0051000000160020005301D9
00240000000D0024005501E3
002E00000011002E005401E3
005300000019002B005501E3
00250000000C0024005501EC
00300000000F002E005501EC
005300000016002B005501EC
002A0000000B0021005201F7
00320000000D0026005201F7
004F0000000F001E005201F7
0038000000080012004F01FD
003A000000080012004F01FD
004B00000008000F004F01FC
003000000009001800500200
003400000009001900500200
004F0000000A001200500200
00250000000C00230053020A
002E0000000F002C0053020A
005300000014002200540209
00240000000D002400540213
003000000012002E00540213
005300000019002B00550213
00240000000D00230055021B
003000000010002D0055021B
00530000001800270055021B
00220000000D002400550223
003000000012002E00550223
00530000001A002D00550222
00220000000D00240055022C
003000000012002E0055022C
00530000001B002D0056022C
00220000000D002400550233
003000000012002E00550233
00510000001C003000550233
00220000000E00240056023B
00300000001300300056023B
00530000001E00340056023B
00220000000D002400540244
003200000012002E00540244
00530000001C003200540243
00220000000D00240054024D
003200000012002F0054024D
00530000001B00340054024D
00240000000D002300540254
003000000011002A00540254
005300000018002400540254
00250000000D00240054025C
003000000011002D0054025C
00530000001700270055025C
002500000010002600560265
002E00000015003200560265
00530000001B003200560265
002A0000000E00250053026F
003200000011002F0053026F
005100000014002B0054026F
002C0000000D002100520274
003000000010002700520274
004F00000012001C00520273
002C0000000E001D0052027A
003000000011001F0052027A
004F0000001300130052027A
002A0000000B001E005F0008
00320000000D0021005F0008
005100000012001C005F0007
002A0000000C001F005E000C
00300000000E0022005E000C
005100000013001A005E000B
00270000000E0024005C0012
002E00000010002D005C0012
0051000000150024005C0012
00250000000E0024005E001C
002E00000012002D005E001C
0053000000180027005F001C
00270000000E002200600025
003000000012002900600025
005300000019002200610024
00250000000F0024005E002D
002E00000012002E005D002D
0051000000190029005E002C
00270000000C0023005D0036
00320000000E002B005D0035
0051000000150027005D0035
002E0000000A001F005B003E
00340000000C0022005B003E
004F0000000F001E005B003D
002A00000009001A005B0041
00320000000C001C005B0041
0051000000100016005B0041
00240000000D0023005C0047
002E00000010002D005C0047
005300000019002B005C0047
00220000000D0024005B0053
003200000013002F005B0053
00510000001F0038005C0053
00240000000D0023005A005C
003200000012002D005A005C
00510000001D0032005A005C
00240000000D0024005C0065
003000000012002D005C0065
00510000001A002D005D0065
00250000000C0023005D006B
00300000000F002D005D006B
005100000018002B005D006B
00240000000D0024005C0072
003000000011002D005C0072
00510000001A002D005C0072
00220000000E0024005E007C
002E00000012002D005E007C
00530000001B002B005E007B
00240000000D0024005D0085
003000000012002D005D0085
00530000001A002D005D0085
00240000000D0024005C008C
003000000012002E005C008C
00530000001A002B005D008C
00240000000D0024005D0093
003000000012002F005D0093
00530000001A0030005D0093
00240000000E0024005D009D
0030000000130030005D009D
00530000001B0032005D009D
00250000000D0024005A00A4
003000000010002D005A00A4
004F000000180029005A00A4
002A0000000C0022005900AC
00320000000F0029005900AC
004D000000130022005900AC
00270000000C0020005E00B3
00300000000F0025005E00B3
005300000014001E005E00B3
00240000000D0023005D00BA
002E00000010002D005D00BA
0053000000180029005D00BA
00220000000E0024005D00C4
003000000013002E005D00C4
00530000001D0030005D00C4
00240000000D0023005C00CB
003000000012002D005C00CB
00510000001C002D005C00CB
00220000000D0024005D00D4
003000000012002E005C00D4
00530000001C0032005D00D4
00270000000B0023005F00DE
00300000000E002B005F00DE
0051000000150029005F00DE
002C00000009001F006000E4
0032000000090022006000E4
00510000000E001E006000E4
00270000000C0022005D00E9
002E0000000E0029005D00E9
0051000000150022005D00E9
00220000000D0023005D00F2
002E00000010002D005D00F2
0053000000180029005D00F2
00220000000C0023005D00FC
003000000010002D005D00FC
005300000019002B005D00FB
00240000000D0024005E0104
003000000011002E005E0104
005300000019002D005E0104
00250000000D0024005C010D
003000000010002D005C010D
005100000017002B005C010D
00270000000B002200590114
00300000000D002900590114
004F00000013002400590114
00290000000B00220058011C
00320000000C00290058011C
004F0000001100240058011C
00270000000C0023005C0125
00300000000E002A005C0125
0051000000140024005D0125
00270000000C0022005E012B
00300000000F0029005E012B
0053000000150022005F012B
00240000000D0024005D0133
003000000012002D005D0133
0053000000180029005E0132
00240000000E0023005E013C
003000000013002C005E013C
00530000001A0027005E013C
00240000000E0022005C0143
003000000013002A005C0143
00510000001B0022005C0143
00220000000D0023005C014B
003000000012002D005C014B
00530000001B002B005C014B
00240000000D0024005B0153
002E00000012002E005B0153
00510000001B0030005C0153
00240000000C0023005B015C
003000000010002D005B015C
005100000019002D005B015C
00240000000D0023005C0164
003000000011002D005C0164
0051000000190029005C0163
00240000000D0024005D016C
003000000011002D005D016C
005300000019002B005D016C
00240000000D0023005E0173
003000000010002C005E0173
0053000000190029005E0173
00240000000D0024005E017D
003000000011002E005E017D
0053000000190030005E017D
002A0000000A001F005E0187
00340000000B0023005E0187
005100000011001E005E0186
002A0000000B0020005E018A
00300000000D0026005E018A
005100000011001E005E0189
00240000000D0023005D0191
002E00000012002C005D0191
00510000001A0029005E0190
00240000000C0023005D019D
003200000010002A005D019D
0053000000190029005D019D
00250000000C0022005C01A3
00320000000F0029005C01A4
0051000000160024005C01A3
00240000000D0023005C01AA
003000000012002A005C01AA
0051000000190024005C01A9
00220000000D0024005C01B2
003000000012002E005C01B2
00530000001B0030005C01B2
00210000000E0024005D01BB
003000000013002E005D01BB
00530000001D0032005D01BB
00220000000E0024005E01C4
003000000014002E005E01C4
0053000000200032005E01C3
00220000000D0024005C01CC
003000000013002E005C01CC
00530000001F0032005C01CB
00240000000C0023005B01D3
003000000010002A005B01D3
0051000000190027005B01D3
00240000000C0024005C01DC
003000000010002E005C01DC
005300000018002D005C01DB
00240000000C0024005D01E4
003000000010002D005D01E4
0053000000180029005D01E4
00250000000C0023005D01ED
003000000010002D005D01ED
0053000000170027005D01ED
00270000000B0020005B01F4
00320000000E0026005B01F4
005100000013001E005B01F4
00250000000B0021005B01F9
00300000000E0028005B01F9
005100000013001E005B01F9
00250000000B0023005C0204
002E0000000E002B005C0204
0053000000140024005D0203
00240000000C0023005D020B
002E00000010002A005D020B
0053000000170022005D020B
00220000000D0024005D0213
003000000012002E005D0213
00530000001A002D005D0212
00240000000D0023005D021C
003000000012002C005D021C
00530000001A0027005E021C
00240000000D0024005E0223
003000000012002E005E0223
00530000001A002D005E0223
00240000000E0024005D022C
003000000013002E005D022C
00530000001A002B005D022C
00220000000D0024005C0233
003000000013002E005C0233
00510000001D0030005C0233
00220000000E0024005D023C
0030000000130031005D023C
00530000001E0032005D023C
00220000000E0024005E0244
0030000000130031005E0244
00530000001D0034005E0244
00220000000E0024005E024B
0030000000130030005E024B
00530000001C0032005E024B
00220000000E0024005C0254
003000000013002E005C0254
00530000001B002B005D0253
00250000000E0024005D025E
003000000012002E005D025E
005300000019002B005D025D
00250000000F0025005C0263
002E000000130030005C0263
005100000019002B005C0263
00250000000E0025005B026C
0030000000110031005B026C
0051000000160032005B026C
002E0000000C001E005A0274
00320000000E0022005A0274
004D000000100018005A0274
002C0000000D001B005B027A
003200000010001E005B027B
0051000000130015005B027A
00290000000D001F00630006
00320000000F002400630006
004F00000014001E00630005
002C0000000A00180061000A
00320000000C00190061000A
004F0000001200150062000A
00250000000E002400640015
003000000011002D00640014
005300000016002700640014
00270000000E00230065001F
003000000011002A0065001F
00510000001700240065001F
00270000000E002300640025
003000000011002900640025
005100000016002000640024
00290000000D002100640029
00300000000F002800640029
005100000014001E00640028
00240000000C002300610033
003200000010002A00610033
005100000017002700610033
00250000000C00230060003B
00320000000F002B0060003B
004F0000001600270060003B
00240000000D002200620042
003200000010002A00620042
00510000001A002700620042
00220000000E00240064004B
003200000013002D0064004B
00530000001F00300064004A
00220000000E002400640053
003200000014003100640053
005300000020003B00640053
00240000000E00240065005C
00320000001300300065005C
00510000001F003B0065005C
00240000000D002400660064
003000000012002E00660064
00510000001C003000660064
00240000000C00240063006C
003000000010002D0063006C
00510000001A002B0063006B
00240000000D002300640074
003000000011002C00640074
00510000001A002900650074
00240000000D00230064007B
003000000012002B0064007B
00530000001A00270064007A
00220000000E002400640083
002E00000013002E00640083
00530000001D003000640083
00240000000D00240064008C
003000000012002E0064008C
00510000001B00320064008C
00240000000D002400650094
003000000012002E00650094
00530000001B002D00650093
00250000000C00200067009D
00300000001000260067009D
005300000017001E0067009C
00250000000C0021006600A0
0030000000100028006600A0
0051000000170022006700A0
00240000000D0023006300AD
003200000010002C006300AD
005100000019002B006300AD
00250000000A001F006200B3
00320000000E0023006200B3
005100000016001E006300B3
00240000000C0023006400BA
00300000000F002C006400BA
005100000018002B006400BA
00220000000D0023006400C3
003000000012002C006400C3
00530000001B002B006400C3
00220000000D0024006600CC
003000000012002E006600CC
00530000001C0030006600CC
00240000000D0023006400D4
003000000011002C006400D4
00510000001A002B006500D4
00290000000B0021006300E0
00360000000E0027006300E0
004F000000130022006300E0
002A0000000A001D006200E4
00320000000C001E006200E4
004F0000000F0016006200E3
00290000000A001E006300E7
00300000000C0022006300E7
005100000011001C006300E7
00240000000D0024006500F4
002E00000010002D006500F4
005300000019002B006500F4
00220000000D0024006400FC
003000000011002E006400FC
00530000001A002D006500FC
00250000000D002300660104
003000000010002C00660104
005300000018002900660104
00250000000C00230064010B
00300000000F002C0064010B
00510000001600290064010B
00240000000D002300640114
003000000010002D00640114
005100000018002B00640114
00240000000D00230064011C
002E00000010002C0064011C
00530000001800290065011B
00240000000D002400630124
003000000011002D00630124
005100000017002900630124
00250000000D00220063012B
00300000001000290063012B
00510000001800220063012B
00250000000D002400680133
002E00000012002D00680133
005300000019002900680133
00270000000D00230064013D
003200000011002A0064013D
00510000001700240064013C
00250000000D002200640142
003000000011002900640142
005100000017002200640142
00220000000D00230064014A
003000000012002C0064014A
005300000019002900640149
00220000000D002400650153
003000000012002E00650153
00530000001C003000650153
00220000000D00240065015C
003000000012002E0065015C
00530000001B00300065015C
00240000000C002200640164
003000000010002900640164
005100000019002700640163
00240000000D00230064016B
003000000012002D0064016B
00510000001A00290064016B
00240000000D002300640174
002E00000012002D00640174
00510000001A002900640173
00250000000E00240065017C
002E00000013002E0065017C
00510000001A002D0065017C
00290000000C001F00610185
00320000000F002200610185
004F00000012001C00610185
00290000000B001E0060018A
00320000000E00220060018A
004F00000013001C00610189
00250000000D002300660194
003000000010002D00660194
005300000017002B00660194
00270000000C00210067019C
00300000000F00290067019C
00510000001400220067019B
00250000000D0023006401A3
003000000011002B006401A3
0051000000180024006401A2
00250000000C0022006601AC
0030000000100029006601AC
0051000000170022006601AC
00250000000C0023006601B1
003000000010002A006601B2
0053000000170024006601B1
00220000000E0024006501BB
003000000013002E006501BB
00530000001D0030006501BB
00210000000E0023006401C3
003200000013002D006401C3
00530000001E002D006401C3
00210000000D0024006401CB
003000000013002E006401CB
00530000001E0030006401CA
00220000000D0024006401D3
003000000012002D006401D3
00530000001C002D006501D3
00220000000D0024006501DC
003000000012002F006501DC
00530000001B0032006501DC
00270000000D0024006701E7
00300000000F002D006701E7
0053000000150029006801E7
002C0000000B0021006901EC
00300000000C0026006901EC
005300000010001E006901EC
00270000000D0023006501F1
003000000010002C006501F1
0051000000170024006501F1
00240000000C0023006401FA
003000000010002C006401FA
0053000000180027006401FA
00220000000D002400650203
003000000012002D00650203
00530000001B002D00650203
00220000000D00240065020B
003000000012002E0065020B
00530000001B002D0065020B
00240000000D002300650214
003000000011002D00650214
005300000019002900650214
00240000000C00220064021C
003200000010002A0064021C
00530000001700220064021C
00240000000D002400650222
002E00000011002D00650222
005300000019002900650222
00240000000D00240064022B
003000000012002D0064022B
00530000001B002B0064022B
00220000000E002400640233
003000000013002E00640233
00530000001D003000650233
00250000000D00240067023F
003200000010002D0067023F
005300000017002D0067023F
002A0000000B002200660245
00320000000C002800660246
005100000011002200660245
00290000000D00230066024B
002E0000000F002C0066024B
00510000001400240066024A
00270000000D002300650252
002E00000010002C00650252
005100000014002200650252
00240000000E00240065025B
002E00000012002E0065025B
00530000001800290065025B
00250000000E002400630264
002E00000012002F00630264
005100000018002B00640264
002A0000000A002100670271
00340000000B002800670271
00510000000E002200670271
004100000006000E00690275
003E00000006000F00690275
004F00000006001000690275
00410000000A001000690278
00360000000A001000690278
00510000000A000F00690277
00270000000D001F006A0004
0030000000100024006A0004
004F00000017001E006A0004
002C0000000E002100700010
003400000011002600700010
005300000017002200710010
003800000009001500720014
003400000008001400720014
004F00000009001300720014
002C0000000E0021006D0018
002E000000100028006D0018
004F00000016001E006D0018
00270000000D002100690024
003200000010002600690024
004F00000016001E00690023
00240000000D0023006B002C
003000000012002C006B002C
0053000000190027006B002B
00240000000E0023006D0034
003000000012002D006D0034
0053000000190029006D0033
00240000000D0023006B003A
003000000011002C006B003A
0053000000190029006C003A
00210000000E0024006C0043
003000000013002E006C0043
00530000001F0032006C0042
00220000000E0024006C004C
003200000013002F006C004C
0053000000200034006D004B
00220000000F0024006C0054
0032000000150030006C0054
005300000022003B006D0054
00240000000F0025006C005D
0032000000150031006C005D
005100000021003C006D005D
00270000000D0023006D0066
003200000012002C006D0066
00510000001B002B006E0066
00290000000C0023006E006A
00300000000F002C006E006A
0051000000150029006E006A
00250000000C0023006C0071
00300000000F002C006C0071
0051000000170027006C0070
00240000000D0024006C007C
003000000012002E006C007C
00530000001B002D006C007C
00240000000E0024006E0084
003000000012002D006E0084
00530000001B002B006E0084
00220000000E0024006C008B
003000000013002E006C008B
00510000001C002D006C008A
00240000000D0023006C0094
003000000011002C006C0094
00530000001A002B006C0093
00240000000A001E006A009C
00340000000E0022006A009C
005100000016001E006A009C
00240000000B0021006B00A0
0030000000100027006B00A0
0051000000190022006B00A0
00240000000C0023006D00AC
003000000010002B006D00AC
00530000001A0029006D00AC
00220000000C0023006D00B3
003000000010002C006C00B3
00530000001A0029006D00B3
00240000000C0023006D00BB
00300000000F002B006D00BB
0053000000180029006D00BB
00220000000D0023006D00C4
003000000011002D006D00C4
00530000001A002D006D00C4
00240000000D0023006D00CB
003000000011002B006D00CB
0053000000190027006D00CB
00220000000D0023006C00D3
003000000011002D006C00D3
00530000001B002B006C00D2
00220000000C0024006D00DC
003000000010002E006D00DC
005300000019002D006D00DC
00240000000B0023006A00E4
00300000000E002B006A00E4
0051000000150029006A00E4
00250000000B0021007100EC
00300000000E0028007100ED
0053000000150022007100EC
00250000000D0024006F00F4
002E00000010002D006F00F4
0053000000180024006F00F4
00250000000C0023006E00FB
00300000000F002C006E00FB
0053000000170027006F00FB
00250000000D0023006C0104
003000000010002C006C0104
0051000000170027006C0104
00270000000C00230070010D
00300000000F002A0070010D
00530000001500240070010C
00270000000E0024006E0115
003000000012002D006D0115
0051000000180027006E0115
00250000000E0024006C011C
002E00000012002E006C011C
005100000019002B006C011C
00250000000D0024006C0123
002E00000010002D006C0123
005100000017002B006C0123
00250000000C0023006C012E
003200000010002A006C012E
0051000000170027006C012E
00270000000C0021006C0133
00320000000F0027006C0133
005100000015001E006C0133
00240000000D0024006C013A
003000000012002E006C013A
00510000001B002D006C0139
00240000000D0023006B0143
003000000011002C006B0143
0051000000190029006C0143
00250000000C0023006F014D
003000000010002D006F014D
005300000017002B006F014C
00270000000C002300700154
00300000000F002A00700154
005300000016002700700153
00250000000C0023006E015A
00300000000F002C006E015A
0051000000170029006E0159
00220000000D0023006C0163
003000000012002D006C0163
00510000001B002D006C0163
00240000000D0023006D016B
003000000011002D006D016B
005300000019002B006D016B
00240000000D0023006C0175
003000000010002C006C0175
0051000000180029006C0174
00240000000C0023006C017B
003000000010002B006C017B
0053000000180027006C017B
00240000000C0023006C0183
002E00000010002D006C0183
005300000018002B006C0183
00240000000C0023006C018C
003000000010002B006C018C
0053000000190029006D018C
00240000000D0023006B0195
003200000010002B006B0195
0051000000180029006B0194
00250000000C0020006A019B
00320000000F0024006A019B
004F00000016001E006A019B
00240000000D0023006B01A2
002E00000011002B006B01A2
0051000000180027006B01A2
00240000000C0022006A01AC
0030000000100029006A01AC
0051000000180027006A01AC
00240000000D0023006A01B2
003000000011002A006A01B2
0051000000190024006A01B2
00220000000D0024006D01BB
003000000013002D006D01BB
00530000001C002B006D01BB
00210000000E0024006E01C2
003000000013002E006E01C2
00530000001E0030006E01C2
00220000000D0024006D01CB
003000000012002E006D01CB
00530000001C002D006D01CA
00220000000D0024006D01D3
003000000012002E006D01D3
00530000001C002D006D01D3
00220000000D0024006D01DD
003000000012002E006D01DD
00530000001B0030006D01DD
002A0000000C0022006B01E9
00340000000F0027006B01E9
0051000000120020006C01E9
002A0000000D0021006B01ED
00320000000F0027006B01ED
004F00000012001E006B01EC
00290000000B0021006C01F1
00300000000E0028006C01F1
005100000011001E006C01F0
00240000000D0024006D01FA
002E00000011002D006D01FA
0053000000190029006D01FA
00220000000D0024006D0203
003000000012002D006D0203
00530000001A002D006D0203
00220000000D0024006C020B
003000000012002E006D020B
00530000001B002D006D020B
00220000000D0024006D0213
003000000013002E006D0213
00530000001C002D006D0213
00220000000D0023006C021B
003000000012002D006C021B
00530000001A002B006C021B
00240000000D0023006C0223
003000000011002D006C0223
00530000001A002B006C0222
00220000000C0024006C022B
003000000011002D006C022B
00530000001A0030006D022B
00220000000D0024006D0234
003000000012002E006D0234
00530000001B0032006D0234
00240000000D0023006B023D
003200000012002C006B023D
00510000001A0029006B023D
00290000000C002100690245
00320000000E002600690245
004F00000012001E00690245
00270000000E0023006B024C
003000000012002C006B024C
004F000000160022006B024B
00250000000D0024006B0254
003000000010002E006B0254
0051000000150029006C0254
00290000000D00240071025E
002E0000000F002D0071025E
00530000001400270071025E
002E00000009002000720264
002E0000000A002400720264
00530000000E001E00720263
002E00000008001C006A0272
003A00000008001E006A0272
004F00000009001A006A0272
004300000008000F006A0275
0043000000080010006A0275
004B00000007000F006A0275
004500000008000C006A0277
004000000007000C006A0277
004F00000007000C006A0277
003A00000007001000790005
003A00000007001000790005
00510000000A001200790005
00380000000F001F0074000F
003C0000000F00210074000F
004B00000011001E0074000F
00360000000F001A00730013
003600000010001B00730014
004B0000000F001200730013
00300000000C001900720016
00320000000C001A00720016
00510000000D001300720016
00220000000F002400740023
003000000014002E00740023
00530000001D002B00740023
00220000000F00240075002B
003000000014002E0075002B
00530000001D002D0075002B
00210000000F002400740033
003200000015002E00740033
005300000020003200740033
00210000000F00240074003B
003200000015002E0074003B
00530000002100320074003B
00210000000F002400740044
003200000015002E00740044
005300000021003200740043
00210000000F00240075004B
00320000001600310075004B
00530000002100380075004B
00220000000F002400750054
003200000015003100750054
005300000022003B00760053
00220000001000250074005B
00320000001500310074005B
005100000021003B0075005B
00250000000E002300710065
003400000013002B00710065
004F0000001B002B00710065
00250000000E00220071006A
00320000001300290071006B
004F0000001900240071006A
00240000000F002400730072
003000000013002E00730072
00510000001C002D00730072
00220000000E00240075007D
003000000013002E0075007D
00530000001B00300076007D
00240000000E002400740084
003000000013002D00740084
00510000001B002B00740083
00240000000E00240075008A
002E00000012002E0075008A
00530000001B002D0075008A
00220000000D002400740094
003000000012002E00740094
00530000001D003200750093
00220000000D00230074009C
003200000013002D0074009C
00510000001C002D0074009C
00220000000D0024007400A4
003000000011002D007400A4
0053000000190029007400A3
00240000000D0024007600AC
003000000010002E007600AC
005300000018002D007600AC
002C00000009001F007900B6
00320000000A0023007900B6
00530000000E001E007900B6
0036000000070015007A00BB
0034000000070015007A00BB
00510000000A0013007A00BB
00290000000C0023007600C4
00300000000E002C007600C4
0051000000140024007600C4
00290000000C0023007700CC
00300000000F0029007700CC
0051000000140022007700CC
00270000000C0024007600D3
00300000000F002D007600D3
0051000000150029007600D3
00250000000C0023007500DC
00300000000F002C007500DC
0051000000160027007500DB
00250000000D0024007400E5
003000000011002F007400E5
005300000017002D007400E5
002E0000000D0021007600F1
0036000000100026007600F1
0051000000140020007600F1
00300000000D0023007700F5
00320000000E002A007700F6
0051000000100022007700F5
00300000000E0023007700F9
002E0000000F002B007700F9
0051000000130024007700F9
00270000000E002400750104
003000000011002F00750104
005100000017002B00750104
00270000000D00220073010C
00300000001000290073010C
00510000001700200073010C
00270000000D002200730113
003000000010002900730113
005100000014002200730112
00250000000E00240073011B
003000000012002E0073011B
005100000019002D0073011B
00240000000E002400740124
003000000012003000740124
00530000001A003000740124
00240000000D00240073012B
003000000012002E0073012B
005100000018002B0073012B
00240000000D002400740135
003000000012002E00740135
005100000018002B00740134
00250000000D00240077013B
003000000011002D0077013B
00530000001700290077013B
00250000000D002400760145
003000000012002E00760145
005300000018002B00760145
00270000001000240075014D
003000000015002E0075014D
00510000001B002B0076014D
00270000000F002400740155
003000000013002E00740155
005100000019002900740155
00290000000E00240077015B
002E00000012002D0077015B
00510000001800290077015B
00250000000D002400740162
003000000010002D00740162
005100000018002B00740162
00240000000D00230074016B
003000000012002D0074016B
00530000001A00290074016B
00220000000D002400750173
003000000011002D00750173
005300000019002B00750173
00220000000D00240074017B
003000000012002E0074017B
00510000001B002D0074017B
00220000000D002400750184
003000000013002E00750184
00530000001B002D00750184
00220000000F00240076018C
00300000001400300076018C
00530000001E00320076018C
00250000000E002400780194
003000000013002D00780194
00530000001B002B00780194
00240000000F00240075019C
00300000001300300075019C
00510000001D00320075019C
00240000000D0024007401A3
003000000012002D007401A3
00510000001A002B007401A3
00240000000E0024007501AC
003000000012002E007501AC
00530000001A002D007501AC
00250000000C0024007501B3
00300000000F002D007501B3
0053000000160029007501B3
00240000000E0024007501BC
003000000013002E007501BC
00530000001B002D007501BB
00240000000D0023007501C3
003000000012002D007501C3
0053000000190029007501C3
00240000000D0024007701CB
003000000012002D007701CB
00530000001A002B007701CA
00220000000D0024007501D2
003000000012002D007501D2
00510000001C002B007501D2
00220000000D0024007501DB
003000000012002E007501DB
00530000001B002D007501DB
00220000000D0024007301E4
003000000010002E007301E4
005300000019002D007301E4
00270000000D0022007001EC
0032000000100029007001EC
004F000000150020007001EC
00240000000D0023007301F3
003000000012002C007301F3
00510000001A0029007301F2
00210000000E0024007401FB
003000000013002E007401FB
00530000001D002D007501FA
00210000000E002400740203
003200000013002E00740203
00530000001F003000750203
00210000000E00240075020B
003200000014002E0075020B
00530000001F00300076020B
00210000000E002400750213
003000000013002E00750214
00530000001C002D00750213
00220000000E00240075021B
003000000013002E0075021B
00530000001D002D0075021B
00220000000E002400740223
003000000013002E00740223
00530000001D003000740223
00220000000D00240074022B
003000000013002F0074022B
00530000001C00300074022B
00220000000D002400750234
003000000012002D00750234
00530000001B002B00750233
00220000000D00240074023B
003000000012002E0074023B
00510000001A002D0074023A
00220000000D002400740244
003000000011002E00740244
00530000001A002D00740244
00250000000C00230073024C
003000000010002D0073024C
00510000001700290073024C
00240000000D002400740255
002E00000011002E00740255
005300000018002B00750254
002E00000009001F00740261
00380000000A002000740261
004F0000000E001E00740261
002C0000000B002000730264
00320000000C002300730264
004F0000000E001A00730264
002A00000009002000760268
002E00000009002500760268
00530000000B001C00750268
002A000000090020006E0275
0032000000090025006E0275
004D0000000E001C006E0274
002C0000000B001C006F027A
00320000000C001E006E027A
004D000000100016006F0279
003A000000090012007A0006
003E000000090012007A0006
004D0000000A0012007A0006
003800000008000F00790009
003800000008000F00790009
004F00000007000E00790009
00300000000B001C00770013
00340000000B001E00770013
004D0000000C001A00770012
00270000000C0021007B001B
00320000000F0025007B001B
005100000014001E007B001B
00220000000F0024007D0023
003000000013002E007D0023
00530000001B002B007D0023
00220000000F0024007D002A
003000000014002D007D002A
00530000001E002D007D002A
00210000000F0024007C0032
003200000014002E007C0033
0053000000200034007C0032
00220000000F0024007E003B
003200000015002E007E003B
0053000000200034007E003B
00210000000F0024007D0043
003200000015002E007D0043
0053000000210034007D0043
00220000000F0024007D004B
003200000016002E007D004B
0051000000210034007D004B
0021000000100024007B0054
003400000016002F007B0054
0051000000220036007B0053
00220000000F0024007C005B
003200000015002F007C005B
0051000000210036007C005B
00220000000F0024007C0064
003000000015002F007C0064
0051000000200034007C0064
00220000000E0023007C006B
003200000013002D007C006B
00510000001D002D007C006B
00240000000D0023007F0074
003200000011002D007F0074
00530000001A0030007F0074
002A00000009001B0082007C
00320000000A001C0082007C
005100000012001C0082007B
00250000000D0024007B0083
003000000011002D007B0083
004F0000001B002D007C0083
00240000000D0024007C008B
003000000011002E007C008B
00510000001B0030007D008B
00220000000D0024007D0093
003000000012002E007D0093
00530000001D0032007E0093
00220000000D0024007E009C
003000000012002E007E009C
00530000001C0030007E009C
00270000000B0021008100A4
00300000000E0027008100A4
0051000000160022008100A4
00250000000E0024007C00AE
003200000013002E007C00AE
00510000001A002B007C00AD
0034000000080017007B00B9
003C000000090018007B00B9
004F0000000C0018007B00B9
0034000000080018007B00BC
003600000008001A007B00BC
004F000000090013007B00BB
002E00000008001C007B00C1
003200000008001D007B00C1
004F0000000A0018007B00C0
00290000000D0021007A00CC
0030000000100027007A00CC
004F00000014001E007A00CC
00250000000D0023007C00D3
002E00000010002C007C00D3
0051000000160024007C00D2
00240000000D0024007C00DB
002E00000010002D007C00DB
0051000000170024007D00DB
00250000000E0024007D00E5
003000000012002F007D00E5
005300000018002D007D00E5
002C0000000E0023007900F1
003600000010002A007900F1
004D000000130024007900F1
00300000000F0022007A00F7
0034000000100028007A00F7
004B00000011001E007A00F7
00300000000F0023007C00FD
003200000012002B007C00FD
004D000000130022007C00FD
002C0000000D0022007C0101
00300000000F0029007C0101
005100000012001E007C0100
00250000000C0023007A0109
002E0000000F002A007A0109
0051000000150024007A0109
00240000000C0023007B0114
003000000010002C007B0114
005100000017002B007B0114
00240000000D0024007D011C
003000000011002D007D011C
005300000019002D007D011C
00250000000E0024007E0124
003000000012002E007E0124
005300000019002D007E0123
00250000000F0025007E012F
0030000000130030007E012F
00550000001A0032007F012F
002A00000010002400810137
003000000015002E00810137
00530000001A002900810137
002A000000100025007F013C
002E00000014002F007F013C
00510000001A002B007F013C
00290000000F0025007C0144
0030000000130030007C0144
005100000019002D007C0144
00270000000F0024007C014C
003000000012002D007C014C
0051000000160024007C014C
00290000000F0025007B0156
0032000000120031007B0156
004F000000160030007B0155
00290000000F0024007B015C
003000000013002E007B015C
004F000000180027007B015C
00270000000F0024007F0164
002E00000013002E007F0164
005100000019002B007F0163
00270000000E0024007F016B
003000000011002E007F016B
005100000019002D007F016B
00250000000D0024007D0172
003000000011002D007D0172
0051000000180029007D0172
00220000000E0024007D017B
003000000013002F007D017B
00530000001C0030007D017B
00240000000E0024007E0184
003000000012002E007E0184
00530000001A002D007E0184
0025000000100024007D018E
003200000015002E007D018E
00510000001D0030007D018E
0027000000100024007C0194
003200000015002D007C0194
00510000001B0027007C0194
00250000000E0024007B0199
003000000012002D007B0199
00510000001A002B007B0198
00220000000E0024007B01A4
0030000000130031007B01A4
00510000001B0032007B01A4
00240000000E0024007C01AC
003000000012002E007C01AC
00510000001B002D007C01AC
00240000000D0023007A01B2
003000000011002D007A01B2
0051000000180029007A01B2
00240000000D0024007B01BB
003000000012002D007B01BB
0051000000180029007B01BB
00240000000E0024007D01C4
003200000013002E007D01C4
00510000001A002D007D01C4
00250000000D0022007C01CB
0032000000120029007C01CB
0051000000180022007C01CB
00220000000D0023007C01D0
003000000011002D007C01D1
005100000019002B007C01D0
00220000000D0024007D01DC
003000000013002E007D01DC
00530000001C002D007D01DB
00220000000D0023007E01E4
003000000012002D007E01E4
00530000001B002B007E01E3
00220000000D0023007D01EB
003000000013002D007D01EB
00530000001B002B007D01EA
00210000000D0024007C01F3
003000000013002D007C01F3
00530000001D002D007D01F3
00220000000D0023007E01FB
003000000012002D007E01FB
00530000001C002B007F01FB
00210000000F0024007E0203
003000000014002E007E0203
00530000001F0030007E0203
00210000000F0024007D020C
0030000000150030007D020C
00530000001E0032007E020C
00220000000E0024007D0214
003200000013002E007D0214
00530000001E0030007D0214
00220000000E0024007D021C
003000000013002D007D021C
00530000001D002B007D021B
00240000000D002400800223
003000000011002D00800223
005300000019002D00800223
00220000000E0024007E022B
003000000013002F007E022B
00510000001C0030007E022A
00220000000D0024007C0233
003000000012002E007C0233
00530000001C002D007D0233
00220000000D0023007C023B
003000000012002D007C023B
00530000001B002B007C023A
00220000000D0024007E0243
002E00000012002D007E0243
00530000001A002B007E0243
00240000000C0024007C024C
003000000010002E007C024C
0051000000190030007C024C
00270000000B0023007E0258
00320000000D0029007E0258
0053000000110024007E0257
002A0000000B0023007D025D
00300000000B0029007D025D
00510000000E001E007D025D
002C0000000B002100790264
00320000000C002700790264
004D0000000E001E00790263
00290000000A0020007B026C
00300000000B0025007B026C
00510000000E001C007B026C
00270000000C0023007E0273
002E0000000F002A007E0273
0053000000140020007E0273
002A0000000E00200080027B
00300000001100250080027B
005300000016001C0080027B
00270000000C001E00810004
00300000000F002100810004
004F00000015001A00810004
00270000000E00200082000B
00300000001100250082000B
005100000018001E0082000B
00250000000E002400840014
003000000013002C00840014
00530000001A002700840014
00250000000F00240084001C
003000000013002D0084001C
00530000001A00270085001C
002400000010002400850024
002E00000015002E00850024
00530000001B002900850024
00240000000F002300840029
003000000014002C00840029
00530000001C002700840029
00210000000F002400850032
003000000015002F00850032
00530000001E003200850031
00220000000E00230085003C
003200000014002B0085003C
00530000001E002B0086003C
00220000000E002400870044
003200000013002E00870044
00530000001E003200870044
00240000000E00240086004B
003200000013002E0086004B
00530000001E00320086004B
00220000000D002300840052
003000000012002D00840052
00510000001D003000840052
00220000000D00240085005C
003200000013002E0085005C
00530000001E00320085005C
00240000000D002200880064
003000000012002900880064
00530000001C002B00880064
00220000000D00230085006A
003000000012002D0085006A
00510000001D002D0085006A
002900000008001B00840078
00380000000A001D00840078
005100000012001E00840078
002A0000000900190083007B
00360000000C001A0083007B
004F0000001100150083007B
002700000009001F0084007F
00300000000C00230084007F
005100000012001E0084007E
00220000000D00240084008B
003000000013002E0084008B
00510000001D00300084008B
00220000000D002400840094
003000000013002E00840094
00510000001D003000840094
00240000000D00230084009F
003200000011002B0084009F
005100000019002B0085009F
00270000000C0020008300A4
00320000000F0025008300A4
004F00000014001E008300A4
00250000000B0021008400A8
00300000000E0026008400A8
005100000014001E008400A8
00250000000A0023008100B4
00320000000D002A008100B4
0051000000130024008100B4
00250000000C0021008200BB
00320000000F0027008200BB
004F00000015001E008200BB
00250000000C0023008500C3
00300000000F002A008500C3
0051000000170027008600C3
00250000000D0024008400CE
003000000011002D008400CE
005100000018002B008400CE
002A0000000B0023008500D8
00340000000D0029008500D8
0051000000130024008500D8
002C0000000A0022008600DC
00320000000A0029008600DC
00510000000F0022008600DB
00290000000C0024008600E1
002E0000000E002C008600E1
0053000000120024008600E1
00270000000C0023008100ED
00300000000E002C008100ED
004F000000130027008100ED
002C0000000C0021007F00F7
00340000000C0027007F00F7
004D000000100022007F00F7
00300000000A001D007F00FC
00340000000A001F007F00FC
004D0000000D001C007F00FC
00270000000B002000800101
00320000000E002500800101
004F00000013001E00800101
00240000000D00240085010B
003000000011002E0085010B
005300000018002B0085010A
00240000000D002400860114
003000000012002D00860114
00530000001A002B00860114
00240000000D00230084011C
003000000011002C0084011C
00510000001900270085011B
00240000000E002400850124
003000000012002D00850124
005300000019002B00850124
00290000000F002400850130
003200000012002E00840130
005100000017002D00850130
002E0000000F002400840139
003600000010002C00840139
004F00000013002900830139
002C0000001000240083013B
003000000012002D0083013B
004F0000001400240083013B
00290000000F002400820140
002E00000012002C00820140
00510000001500240082013F
00250000000D00240081014B
003000000012002D0081014B
00510000001800290081014B
00240000000E002400800154
003000000012002F00800154
005100000019003000810154
002A0000000E00230083015E
003200000012002B0082015E
004F0000001600270083015E
00290000000E002300830166
003200000010002900830166
004F00000013002000830165
00290000000D00230084016B
003000000010002A0083016B
004F0000001300200083016A
00250000000F002400860174
003000000013002D00860174
005300000019002700860173
00250000000F00240085017B
002E00000013002F0085017B
00510000001C002D0085017A
00240000000E002400820184
003000000013002E00820184
00510000001B002D00830184
00240000000F00240082018D
003000000013002D0082018D
00510000001B002B0082018D
00250000000D002300820194
003200000012002D00820194
004F00000018002900820194
00250000000D00240084019A
003000000012002E0084019A
00510000001A002D0084019A
00220000000E0024008401A4
003000000013002F008401A4
00530000001D0032008501A4
00240000000D0023008501AB
003200000012002D008501AB
00510000001B002B008501AB
00210000000E0024008501B1
003000000013002E008501B1
00530000001D0030008501B1
00210000000D0024008401BD
003200000012002F008401BD
00530000001D0034008401BC
00220000000D0023008401C4
003000000011002C008401C4
00530000001A002B008401C4
00240000000D0023008301CA
003000000011002B008301CA
0051000000190029008301CA
00240000000C0024008501D4
003000000010002D008501D4
00530000001A0030008601D4
00250000000D0023008801DC
003000000010002C008801DC
005300000018002B008801DC
00240000000E0024008501E4
003000000013002D008501E4
00510000001C002B008601E3
00240000000D0023008501EA
003000000012002C008501EA
00510000001B0029008501EA
00220000000D0023008501F2
003000000012002D008501F2
00530000001B002D008501F2
00220000000E0023008401FB
003000000013002D008401FB
00530000001E002D008401FB
00220000000D002300850204
003000000012002D00850204
00530000001C002D00850203
00220000000D00240085020B
003000000013002D0085020B
00530000001D00300086020B
00220000000D002400850214
003200000012002E00850214
00530000001E003200850213
00220000000E00240084021D
003200000013002F0084021D
00530000001C00320085021D
00250000000E002300850225
003200000013002C00850225
00510000001B002B00850225
00250000000E00230087022B
003000000012002D0087022B
005100000019002B0087022B
00240000000E002400850232
003000000012002E00850232
00510000001B002D00850232
00220000000D00240084023C
003000000012002E0084023C
00530000001C00300085023B
00240000000D002300840243
003000000011002C00840243
005100000019002900840242
00240000000D00240085024C
003000000010002E0084024C
00530000001900300085024C
00250000000D002300820255
003000000010002A00820255
004F00000015002200830255
00290000000A001E0081025B
00320000000D00210081025B
004F0000000F001A0081025B
00250000000C002300820262
00300000000F002C00820262
005100000013002400820262
00240000000D00240083026D
003000000010002D0083026D
00510000001500290083026D
002A0000000D002000840275
003200000010002500840275
004F00000013001C00840275
002C0000000F001F0084027B
00300000001200230084027B
004F0000001500180084027A
002E0000000C001D008F0008
00340000000E001F008F0008
0051000000110018008F0008
00320000000A00170091000B
00320000000A00180091000B
00510000000E00130091000B
00270000000E0024008C0010
002E00000010002C008C0010
0051000000150022008C0010
00240000000F0024008C001C
002E00000013002D008C001C
00530000001A0027008D001B
00240000000F0024008C0023
003000000013002D008C0023
00530000001B0027008D0023
00240000000F0023008D002A
003000000014002A008D002A
00530000001C0022008D002A
00220000000F0024008E0033
003000000014002E008E0033
00530000001E0030008E0033
00220000000E0023008C003D
003200000013002D008C003D
00530000001D0030008C003C
00240000000E0024008C0045
003200000013002E008C0045
00530000001D0030008C0045
00250000000D0023008F004C
003200000012002D008F004C
00510000001B0030008F004C
00270000000B002100900054
00320000000E002900900054
005300000017002900910053
00240000000D0024008C005C
003200000012002D008C005C
00510000001D0030008D005C
00240000000D0021008B0064
0032000000130028008B0064
00510000001A0022008B0064
00240000000E0023008D006A
003000000013002D008D006A
00510000001B002B008D0069
00240000000C0024008C0074
003000000010002D008C0074
00530000001B002D008C0073
00240000000A00210088007B
00320000000E00280088007B
004F0000001700240088007B
00220000000D0023008D0084
003000000011002C008D0084
00530000001B002B008D0084
00220000000D0024008D008B
003000000012002E008D008B
00530000001C0030008E008B
00220000000E0023008E0094
003000000013002D008E0094
00530000001C002D008E0093
00220000000D0023008B009B
003000000012002D008B009B
00510000001B002D008B009B
00240000000C0021008800A3
00300000000F0029008800A3
004F000000150022008900A3
00220000000D0023008C00AB
003000000011002C008B00AB
005300000019002B008C00AB
00220000000C0023008C00B5
003200000010002C008C00B5
005300000019002B008C00B5
00250000000B0020008B00BD
00340000000F0024008B00BD
0051000000160020008B00BD
00250000000C0020008C00C0
0030000000100025008C00C0
005100000017001E008C00C0
00240000000D0024008C00CC
003000000012002E008C00CC
00510000001A002D008C00CC
00290000000C0023008800D6
00320000000E002A008800D6
004F000000140027008900D5
00290000000C0021008800DC
00320000000F0026008800DC
004F00000012001E008800DC
00250000000D0023008B00E3
003000000010002C008B00E3
0051000000150024008B00E2
00240000000C0023008A00EB
00300000000F002B008A00EB
0051000000160024008A00EA
00240000000C0024008C00F4
002E0000000F002E008C00F4
005300000016002B008C00F4
00290000000B0020009100FC
00300000000E0026009100FC
005300000013001E009100FC
00240000000D0024008E0103
002E00000011002D008E0103
0053000000190029008E0103
00220000000E0024008E010C
002E00000012002E008E010C
00530000001B002B008E010C
00240000000D0023008C0114
003000000010002D008C0114
0051000000180029008C0113
00250000000D0023008F011D
003000000010002C008F011D
0053000000170029008F011D
002A0000000D002200900124
00300000000E002800900124
005300000013002000900124
00270000000E0024008E012D
003000000011002D008E012E
0051000000160027008E012D
00290000000F002400870136
003000000012002E00870136
004D00000018002B00870136
002A0000000E00230088013C
003200000011002A0088013C
004D0000001600270088013C
00250000000E0024008B0143
003200000012002D008B0143
00530000001A002B008B0143
00250000000C0023008F014D
003200000010002C008F014D
005300000017002B008F014D
00290000000C0023008F0154
00300000000F002A008F0154
0053000000150027008F0154
00250000000F0024008F015C
002E00000013002F008F015C
00530000001A002D008F015C
00270000000E0023008A0164
003000000012002B008A0164
004F000000180027008A0164
00250000000E0024008B016D
003000000012002D008B016D
005100000019002B008B016C
00270000000F0023008C0175
003200000013002B008C0175
0051000000180024008C0175
00250000000D0023008C0179
003000000011002B008C0179
0051000000180027008C0178
00240000000D0024008C0182
0030000000120030008C0182
00510000001B0034008C0182
00220000000E0024008D018D
003000000013002E008D018D
00530000001C0032008D018D
00250000000D0024008D0196
003200000011002E008D0196
0051000000190030008D0196
00270000000D0023008E019B
003000000010002D008E019B
0051000000180029008F019B
00240000000D0024008D01A1
003000000012002E008D01A1
00510000001B002D008D01A1
00220000000D0023008B01AB
003000000013002C008B01AB
00510000001C002B008B01AA
00220000000D0023009001B4
003000000011002D009001B4
00530000001B0030009001B4
00220000000D0024008E01BB
003000000011002D008E01BB
00530000001A002D008E01BB
00220000000D0024008C01C4
003000000012002D008C01C4
00530000001B002B008C01C4
00240000000C0023008C01CB
003000000010002C008C01CB
0053000000170027008C01CB
00220000000E0024008C01D4
003000000013002E008C01D4
00510000001B0030008C01D4
00240000000E0023008B01DC
003200000013002B008B01DC
00510000001A0027008B01DC
00250000000D0023008B01E2
003000000012002B008B01E2
0051000000170024008B01E2
00220000000D0024008B01EA
003000000012002D008B01EA
00510000001B002B008B01EA
00220000000C0023008C01F3
003000000011002D008C01F3
00510000001B002D008C01F3
00220000000D0024008D01FC
003000000012002E008D01FC
00530000001B0032008E01FC
00220000000D0024008F0204
003000000011002D008F0204
00530000001B002D008F0204
00240000000D0023008D020A
003000000011002D008D020A
00510000001A002B008E020A
00210000000D0024008C0213
003000000013002E008C0213
00530000001E0032008C0213
00220000000D0024008C021C
003200000012002E008C021C
00530000001D0034008C021C
00250000000C0023008B0226
003400000010002B008B0226
004F00000018002B008B0226
00270000000C0021008B022B
00320000000F0026008B022B
005100000015001E008B022B
00240000000D0024008D0232
003000000012002E008D0232
005300000019002D008D0231
00240000000D0024008F023C
003000000010002D008F023C
005300000018002B008F023B
00240000000D0023008E0242
003000000011002D008E0242
005300000019002B008E0242
00250000000C0023008F024D
00300000000F002C008F024D
0053000000160029008F024D
00250000000C0023008E0253
00300000000F002B008E0253
0051000000150024008E0252
00250000000C0023008C025A
002E0000000F002C008C025A
0053000000150024008C025A
00240000000D0024008D0263
002E00000010002D008D0263
0053000000180029008D0263
00240000000D0024008C026B
002E00000012002D008C026C
0053000000180027008C026B
00270000000C002200890274
00320000000F002900890274
004F00000014002000890274
002A0000000C001D0089027A
003200000010001F0089027A
004F0000001400160089027A
003600000008001500930008
003C00000009001400930008
004F0000000A001300940008
00380000000800110093000A
00380000000800100093000A
004F00000009000E00930009
002A00000009001F0094000F
00300000000A00230094000F
00530000000C001A0094000F
00270000000D00220095001C
00300000001000290095001C
005300000015001E0095001B
00240000000D002300950022
002E00000011002C00950022
005300000018002400950022
00240000000D00230094002B
003000000012002C0094002B
00530000001A00270094002A
00220000000D002400940033
003000000012002E00940033
00530000001B003000950033
00220000000D00230095003B
003000000012002C0095003B
00530000001C002B0095003B
00210000000E002400930045
003200000013002E00930045
00510000001E003400930045
00270000000C00210093004F
00360000001000280093004F
00510000001800270094004E
00270000000C001F00930053
003400000010002400930053
004F00000016001E00930052
00220000000D002300940058
003000000012002C00940058
00510000001A002B00940057
00220000000F002400930065
003200000015003000930065
00510000001E003200940065
00220000000F00240093006C
003200000015002E0093006C
00510000002100320093006C
00220000000F002400930072
003000000013002E00930072
00510000001E003000930072
00220000000E00250094007C
00320000001300310094007C
00530000001E00360094007C
00240000000E002400940084
003000000013002D00940084
00510000001B002B00950083
00240000000F00240095008C
003000000013002E0095008C
00530000001C002D0095008C
00250000000F002400970094
003000000014002D00970094
00530000001B002700970094
00250000000E00240097009B
003000000012002E0097009B
00530000001900300097009B
00270000000D0023009900A4
003000000010002C009900A4
005300000017002B009900A4
00270000000D0023009800AB
003000000011002B009800AB
0053000000180027009800AB
00220000000E0024009500B2
003000000013002D009500B2
00530000001C0029009500B2
00220000000D0023009400BC
003000000013002D009400BC
00530000001D002B009400BB
00220000000F0024009400C3
003000000013002D009400C3
00530000001D002B009500C3
00210000000E0024009300CB
003000000013002E009300CB
00530000001D0030009400CB
00240000000D0024009400D4
003000000011002E009400D4
00530000001A0030009500D4
00250000000C0023009300DD
00300000000F002A009300DD
0051000000170027009300DD
00250000000C0023009300E3
002E0000000F002A009300E3
0051000000150024009400E3
00240000000D0024009400EB
003000000010002D009400EB
0051000000180029009400EA
00250000000C0023009400F7
00320000000F002C009400F7
005100000017002B009400F7
00290000000C0020009300FD
0032000000100025009300FD
005100000015001E009400FD
00270000000D002300950103
003000000010002D00950103
005100000016002900950103
00250000000D00240096010C
003000000010002D0096010C
00510000001700290096010B
00250000000D002400940113
003000000011002E00940113
005100000018002D00940112
00290000000C002100930120
00340000000E002600930120
00510000001300220093011F
002C0000000D002100940125
003200000010002700940125
004F00000013001E00940125
00290000000D00230094012B
00300000000F00290094012B
004F0000001200200093012B
00270000000E002300940132
002E00000011002B00940132
005100000015002400940132
00290000000D00230097013D
003000000010002B0097013D
00510000001600270097013D
00290000000D002300950141
003000000010002900950141
005100000016002200950141
00250000000D00240092014D
003000000011002D0092014D
00510000001700290093014C
00250000000D002200920154
003000000012002900920154
005100000016002000920154
00290000000E00240094015E
003200000012002D0094015E
00510000001600290094015E
002A0000000E002300950165
003000000010002B00950165
004F00000014002400950165
002A0000000F00230097016B
002E00000011002C0097016B
00510000001500240097016B
00250000000F002400930172
003000000012002D00930172
005100000019002900930172
00250000000F00240095017B
003000000013002D0095017B
00510000001B00290095017B
00240000000E002400950184
003000000013002E00950184
00530000001B002D00960183
00240000000E00240095018C
003000000012002E0095018C
00530000001A002D0096018C
00240000000E002400920195
003200000012002D00920195
005100000019002B00920195
00250000000D00220092019B
003200000011002A0092019B
004F0000001800240092019B
00220000000D0024009301A2
003000000013002E009301A2
00530000001C0030009301A2
00220000000D0024009401AD
003200000013002E009401AD
00510000001E0030009501AD
00240000000D0023009301B3
003200000012002B009301B3
00510000001B0029009301B3
00220000000D0023009401B9
003000000013002B009401B9
00510000001B0029009401B9
00220000000E0024009501C4
003000000013002F009501C4
00530000001C0030009501C3
00220000000E0024009401CB
003000000013002F009401CB
00510000001D0030009401CA
00220000000D0024009501D3
003000000012002E009501D3
00530000001C0030009501D3
00210000000D0023009301DA
003000000012002D009301DA
00510000001C002D009301DA
00220000000D0024009401E3
003000000011002D009401E3
00510000001B0030009401E3
00240000000C0023009701EC
003000000010002D009701EC
00530000001A002D009701EC
00240000000C0023009601F4
003000000010002D009601F4
00530000001A002D009701F4
00240000000D0023009801FC
003000000011002D009801FC
00530000001A002D009801FC
00220000000E002400950203
003000000013002E00950203
00510000001C002D00950203
00220000000D00240094020B
003000000013002D0094020B
00510000001E002D0094020A
00220000000D002400950212
003000000013002E00950212
00530000001E003200960212
00220000000D00240094021B
003000000013002E0094021B
00510000001E00320094021B
00220000000D002400930224
003000000012002E00930224
00510000001D003200930223
00220000000D00230093022C
003200000011002D0093022C
00510000001B002D0093022C
00240000000C002300940234
003200000010002B00940234
005100000019002B00940234
00240000000C00220094023B
00320000001000290094023B
00510000001800240094023B
00240000000D002300950242
003000000010002C00950242
005100000018002900950242
00250000000D00230093024D
003200000010002B0093024D
00510000001700270093024D
00250000000C002200930252
003000000010002900930252
005100000016001E00940252
00240000000D00240095025A
002E00000011002E0095025A
00530000001700290095025A
00220000000E002400950264
003000000013002F00950264
00530000001B002D00960263
00240000000D00240095026D
003000000012002D0095026D
005300000019002B0096026D
00270000000D002300950274
00300000000F002A00950274
005100000014002000950274
00270000000D00220094027B
00300000001200290094027B
005100000016001E0094027B
002A0000000B001B00970005
00340000000D001E00970005
004D0000000F001500970005
002C0000000A001C0096000B
00320000000C001E0096000B
004D0000000F00160096000A
00250000000D0023009C0015
003000000010002B009C0015
0051000000160022009C0014
00250000000D0023009A001B
003000000010002A009A001B
0051000000160022009A001A
00240000000D0024009C0023
002E00000012002E009C0023
0053000000190029009C0023
00240000000D0023009D002A
003000000012002C009D002A
0053000000190024009D002A
00220000000E0024009C0033
003000000013002E009C0033
00530000001B002D009D0033
00220000000D0023009C003B
003000000013002D009C003B
00530000001C002B009D003B
00210000000D0024009C0043
003000000013002D009C0043
00530000001D0032009C0042
00210000000D0023009A004C
003200000012002C009A004C
00510000001D0030009A004C
00220000000D002100990053
003200000011002900990053
004F0000001B002900990052
00220000000E0023009B005B
003000000013002D009B005B
00510000001F002D009C005B
00220000000F0024009D0064
003000000015002E009D0065
00530000001E0032009D0064
00220000000F0024009E006C
003000000015002F009E006C
00510000001F0032009E006C
00220000000F0025009C0073
0030000000140031009C0073
0051000000200038009D0073
00220000000F0025009E007C
0030000000140031009E007C
00530000001F0038009E007B
00240000000F0024009D0085
0030000000140030009D0085
00510000001D0032009D0084
00250000000F0024009D008D
0030000000130030009D008D
00510000001B0030009D008D
00270000000E0024009C0095
003200000012002D009C0095
0051000000180029009C0094
00270000000D0024009C009C
003200000011002D009C009C
005100000017002B009C009C
00290000000D0023009C00A6
003200000010002B009C00A6
0051000000150024009C00A5
00270000000D0022009C00AB
0030000000100029009C00AB
0051000000160022009C00AA
00240000000D0023009C00B1
003000000012002C009C00B1
0053000000190027009C00B1
00220000000E0024009C00BB
003000000013002D009C00BB
00530000001D002D009D00BA
00220000000E0024009C00C3
003000000013002E009C00C3
00530000001C0030009C00C3
00220000000D0024009D00CC
003000000013002E009D00CC
00530000001D0030009D00CC
00240000000D0023009C00D4
003000000012002C009C00D4
00530000001A0029009C00D4
00250000000D0023009C00DF
003200000011002C009C00DF
005100000018002B009C00DF
00290000000D0023009C00E5
00300000000F002B009C00E5
0051000000150027009C00E4
00270000000D0024009D00EA
002E0000000F002D009D00EA
0053000000150027009D00E9
00240000000D0024009E00F2
002E00000010002D009E00F2
005300000018002B009E00F1
00220000000D0023009A00FC
003000000011002D009A00FC
0051000000190029009B00FC
00240000000E0024009B0104
003000000012002D009B0104
005100000019002B009B0104
00250000000E0023009A010B
003000000012002A009A010B
0051000000180022009A010B
00220000000E0024009C0112
003000000013002F009C0112
00510000001B002D009C0112
00240000000D0024009A011D
003000000011002D009A011D
005100000018002B009A011D
00270000000B002100980124
00320000000D002600980124
004F00000011001E00980124
00270000000900200098012A
00320000000B00250097012A
004F00000011001E0098012A
00250000000C0023009A0135
00320000000F002B009A0135
0051000000160029009A0135
00270000000D0021009A013C
0032000000100028009A013C
004F000000140020009A013C
00250000000E0023009B0142
003000000012002B009B0142
0051000000180024009B0142
00240000000D0024009C014B
002E00000010002D009C014B
0053000000180029009C014B
00240000000D0024009C0154
003000000011002D009C0154
005300000019002B009D0154
00250000000C00230099015D
00320000000F002C0099015D
00510000001600290099015D
002A0000000C002200990166
00320000000E002900990166
004F00000013002400990166
00290000000D0021009A016C
00320000000F0028009A016C
004F000000140020009A016C
00270000000D0023009B0171
003000000010002D009B0171
0051000000160029009B0171
00270000000D0021009D017D
0032000000100029009D017D
0051000000160022009D017D
00270000000C0021009E0181
00300000000F0026009E0181
005100000014001E009E0181
00250000000D0023009D018B
003000000012002D009D018B
005100000019002B009D018B
00240000000D0024009E0193
002E00000012002E009E0193
00530000001A002D009E0193
00240000000D0023009C019B
003000000012002D009C019B
00510000001A002B009C019B
00220000000E0024009E01A3
003000000013002E009E01A3
00530000001D0030009E01A3
00220000000E0024009D01AC
003000000013002F009D01AC
00530000001D0032009D01AB
00220000000E0024009C01B3
003000000013002E009C01B3
00510000001D0032009C01B3
00220000000E0024009E01BD
003000000013002E009E01BD
00530000001C0032009E01BC
00240000000E0024009F01C4
003000000013002E009F01C4
00530000001D0030009F01C3
00220000000E0024009E01CA
002E00000013002E009E01CA
00510000001D0030009E01CA
00220000000E0024009C01D3
003000000013002E009C01D3
00530000001D0030009D01D3
00210000000D0024009D01DC
003000000013002D009D01DC
00530000001D0030009E01DC
00220000000E0024009D01E4
003000000013002E009D01E4
00530000001D0032009D01E4
00220000000D0023009C01EC
003200000013002C009C01EC
00510000001C002B009C01EC
00220000000E0024009B01F4
003000000013002E009B01F4
00510000001C0030009C01F3
00240000000D0023009B01FC
003200000012002B009B01FC
00510000001B002B009C01FC
00270000000C0023009F0205
00320000000F002B009F0205
0051000000170029009F0204
00270000000B0021009E0209
00320000000E0029009E0209
0051000000150024009E0209
00220000000D0024009D0211
003000000013002E009D0211
00530000001D0030009D0211
00240000000D0024009F021D
003200000013002D009F021D
00530000001D0032009F021D
00290000000A002000A10223
00320000000E002400A10223
005100000016002200A10223
00240000000D0024009D0229
003000000010002D009D0229
00510000001B002D009E0229
00220000000D0024009C0233
003000000012002D009C0233
00510000001C0030009C0233
00220000000D0023009C023C
003200000012002D009C023C
00510000001B002D009C023C
00240000000C0023009D0244
003000000010002C009D0244
0053000000180029009D0244
00250000000C0023009C024C
003000000010002C009C024C
0051000000180029009C024B
00250000000C0024009C0253
003000000010002D009C0253
0051000000170027009C0253
00240000000D0024009D025B
002E00000011002D009D025B
0053000000190029009D025B
00240000000E0024009C0264
003000000013002E009C0264
00530000001A002B009D0263
00240000000D0024009B026C
003000000011002E009B026C
005100000017002B009C026B
00270000000D0022009B0273
0030000000100029009B0274
0051000000160022009C0273
00290000000E0021009E027C
0030000000110028009E027C
005100000017001E009E027B
00270000000D001F00A30004
003000000012002400A30004
005100000018001E00A40003
00250000000D002300A5000C
003000000011002B00A5000C
005300000019002700A6000C
00290000000C002300A50016
00300000000F002B00A50016
005100000013002400A60016
00270000000D002200A6001B
002E0000000F002900A6001B
005300000013001E00A6001B
00240000000E002400A50022
002E00000012002D00A50022
005300000018002700A50022
00240000000D002300A5002B
002E00000012002D00A5002B
005300000019002900A5002A
00220000000E002400A50033
003000000013002E00A50033
00530000001B002D00A60033
00220000000E002400A5003B
003000000013002D00A5003B
00530000001C002B00A5003B
00210000000E002300A50043
003000000013002D00A50043
00530000001D002D00A60043
00210000000E002300A4004B
003200000013002D00A5004B
00530000001E003000A5004B
00220000000E002400A50054
003000000013002D00A50054
00530000001D003000A50054
00220000000E002400A7005C
003200000013002D00A7005C
00530000001D003200A7005C
00220000000F002400A50065
003000000015002E00A50065
00530000001E003000A60065
00240000000F002300A4006B
003000000013002A00A4006B
00510000001B002400A4006B
002200000010002400A40073
003000000015003100A40073
00510000001F003400A40072
002200000010002400A4007C
003000000015003000A4007C
00510000001F003200A4007C
00250000000F002400A40085
003000000013002E00A40085
00510000001B003000A40085
00250000000E002400A4008C
003000000012002D00A3008C
005100000017002900A3008C
00250000000D002400A20093
003000000011002D00A20093
005100000017002900A20093
00240000000D002400A4009B
003000000010002D00A4009B
005100000018002D00A4009B
00240000000D002300A100A4
003200000011002D00A100A4
005100000019002B00A100A4
00240000000D002400A200AC
003200000012002E00A200AC
005100000019002D00A200AC
00250000000D002400A600B5
003000000011002E00A600B5
005300000019003000A600B5
00270000000D002300A900BB
003000000010002B00A900BB
005300000018002900A900BB
00240000000F002400A600C1
002E00000013002E00A600C1
00530000001D002D00A600C1
00220000000D002400A500CB
003000000013002D00A500CB
00530000001B002D00A500CB
00240000000E002400A600D5
003000000012002E00A600D5
00530000001A002D00A600D5
00270000000D002400A700DD
003000000010002D00A700DD
005300000016002900A700DD
00270000000E002300A400E4
003000000012002B00A400E4
005100000018002400A400E3
00250000000D002400A300EB
003000000010002D00A300EB
005100000019002900A400EB
00240000000D002400A500F4
003000000010002D00A500F4
005300000018002900A500F3
00270000000C002300A600FE
00320000000F002A00A500FE
005100000015002700A600FE
00290000000C002200A70103
00300000000E002900A70103
005100000012002000A70102
00250000000D002300A6010A
002E00000010002B00A6010A
005100000019002700A60109
00220000000D002400A50113
003000000012002E00A50113
00530000001B002D00A50113
00240000000D002400A4011C
003000000011002D00A4011C
00530000001A002B00A5011C
00250000000C002300A80124
003000000010002B00A80124
005300000018002900A80124
00250000000D002300A7012B
003000000010002B00A7012B
005100000019002900A7012B
00220000000D002400A50133
003000000012002F00A40133
00530000001C003200A50132
00250000000E002400A4013F
003200000013002E00A4013F
00510000001A003000A4013F
00290000000D002300A70146
00300000000F002900A70146
005100000015002200A70146
003000000007001B00A9014C
003200000008001C00A9014C
00510000000C001A00A9014B
00290000000D002400A60153
00300000000F002D00A60153
005100000015002700A60153
00270000000D002400A6015D
003000000010002D00A5015D
005100000016002900A6015C
00250000000D002400A40163
002E00000010002D00A40163
005100000016002900A40162
00250000000C002300A1016A
00300000000F002A00A1016A
005100000015002700A1016A
00240000000C002300A40173
003000000010002C00A40173
005100000019002B00A40173
00250000000C002100A1017C
003200000010002800A1017C
005100000017002200A2017C
00250000000B002000A10182
00320000000E002400A10182
004F00000016001E00A10182
00240000000C002300A3018C
003000000010002B00A3018C
005100000017002900A3018C
00240000000D002300A40193
003000000012002D00A40193
005100000019002900A40192
00220000000D002300A5019A
002E00000013002D00A5019A
00530000001C002B00A5019A
00220000000E002400A401A3
003000000013002D00A401A3
00510000001E002D00A401A2
00210000000F002400A401AB
003000000015002F00A401AB
005300000020003400A401AB
00220000000E002400A401B4
003000000013002D00A401B4
00530000001D003000A401B4
00220000000F002400A401BE
003200000014002E00A401BE
00530000001D003200A401BE
00250000000D002300A401C5
003000000012002B00A401C5
004F00000019002700A401C4
00270000000D002400A601CA
003000000010002D00A501CB
005100000016002900A501CA
00250000000D002400A601D4
003000000010002D00A601D4
005100000018002B00A601D4
00250000000D002300A601DD
003000000011002C00A601DD
005100000018002900A601DC
00290000000D002300A901E5
003000000010002A00A901E5
005300000016002700A901E5
00290000000E002300A901EC
003000000012002B00A901EC
005300000018002700A901EC
00240000000E002400A501F2
003000000012002E00A501F2
00510000001E003000A501F2
00240000000D002400A401FD
003200000012002D00A401FD
00510000001C003000A401FD
00270000000B002000A20204
00340000000F002400A20204
004F00000015002000A20204
00270000000B001E00A20208
00340000000F002100A20208
004F00000016001E00A20208
00210000000E002400A30212
003000000013002F00A30213
00510000001E003400A30212
00250000000D002100A3021E
003600000012002900A3021F
00510000001A002900A3021E
00270000000C001E00A30223
003200000010002100A30223
004F00000015001C00A30222
00240000000C002300A30228
003000000011002B00A30228
005100000019002900A40228
00220000000D002400A50233
003200000012002E00A50233
00530000001C003200A50233
00220000000D002400A5023B
003000000012002E00A5023B
00530000001D003400A5023B
00240000000E002400A80244
003000000013002D00A80244
00530000001D002D00A80243
00220000000E002400A3024B
003000000013002E00A3024B
00510000001C003000A3024B
00240000000E002400A30254
003000000012002E00A30254
00510000001A002B00A30253
00240000000D002400A4025B
003000000012002E00A4025B
00530000001A002B00A5025B
00220000000D002400A40263
003000000012002E00A40263
00530000001A002B00A40263
00240000000D002400A5026C
003000000012002F00A5026C
005300000018002D00A5026C
002A0000000D001F00A60275
003200000012002200A60275
004F00000015001C00A60275
002E0000000F001800A8027C
003200000012001900A8027C
005100000014000E00A8027B
002E00000008001700B00004
003200000009001800B00004
00510000000E001500B00004
00270000000D002100AD0009
002E00000010002700AD0009
005100000016001E00AE0009
00270000000D002300AA0015
003000000010002C00AA0015
005100000015002400AA0015
00250000000E002300AC001C
003000000012002C00AB001C
005100000016002200AC001C
00250000000D002400AC0022
002E00000011002E00AC0022
005300000018002B00AC0022
00240000000E002300AE002B
002E00000012002D00AE002B
005300000019002700AE002B
00220000000E002300AE0032
002E00000013002D00AE0032
00530000001B002900AE0032
00220000000D002400AD003B
003000000012002E00AD003B
00530000001B002D00AE003B
00220000000D002300AD0043
003000000013002D00AD0043
00530000001C002D00AE0043
00220000000D002300AD004C
003200000013002D00AD004C
00530000001C002D00AD004C
00220000000F002400AE0053
003000000013003000AE0053
00530000001D003200AE0053
00240000000E002300AB005D
003200000013002D00AB005D
00510000001D002D00AB005D
00240000000E002300AB0063
003000000013002A00AB0063
00510000001A002400AB0063
00220000000E002300AB006A
003000000013002C00AB006A
00510000001B002B00AB0069
00210000000E002400AC0073
003000000013002D00AC0073
00530000001E003000AC0073
00220000000D002400AC007B
003000000012002D00AC007B
00510000001B002D00AC007B
00220000000D002400AB0084
003000000012002D00AB0084
00510000001C003000AB0084
00240000000D002400AC008C
003000000012002D00AC008C
00510000001B002D00AD008C
00240000000D002400AC0095
003000000011002D00AC0095
005100000019002D00AC0095
00240000000E002300AD009C
003000000013002D00AD009C
00510000001A002900AD009C
00240000000F002400AD00A3
003000000013002E00AD00A3
00530000001B002D00AD00A3
00240000000F002400AC00AC
003000000013002F00AC00AC
00510000001C003000AC00AB
00250000000F002400AB00B7
003200000013002E00AB00B7
004F0000001A002D00AB00B6
00270000000F002300AB00BC
003200000013002A00AB00BC
004F0000001A002400AB00BC
00240000000E002300AC00C1
003000000013002C00AC00C1
005100000019002700AC00C1
00220000000E002400AE00CB
002E00000013002F00AE00CB
00530000001C003000AE00CB
00240000000E002400AD00D5
003000000013002D00AD00D5
00510000001B002B00AD00D4
00250000000D002200AA00DC
003000000011002900AA00DC
005100000018002400AB00DC
00270000000B002100AB00E4
00320000000E002800AA00E4
005100000015002400AB00E4
00250000000C002300AB00EB
00300000000F002A00AB00EB
005100000017002700AC00EA
00240000000D002400AB00F3
003000000010002D00AB00F3
005100000018002B00AC00F3
00270000000C002300AA00FD
00320000000F002A00A900FD
004F00000015002700AA00FC
00270000000B002100A90102
00300000000F002600A90103
004F00000015002000A90102
00240000000C002300AB010A
003000000010002B00AB010A
005100000017002700AB010A
00220000000D002400AD0113
003000000012002E00AD0113
00530000001B002D00AD0112
00240000000D002300AC011E
003200000011002D00AC011E
00510000001A002D00AD011E
00250000000D002200AC0125
003200000011002900AC0125
005100000018002200AC0125
00270000000C002000AB0129
00320000000F002400AB0129
004F00000016001E00AB0129
00220000000E002400AC0132
002E00000013002E00AC0132
00530000001B003000AC0131
00250000000D002400AC013F
003200000012002E00AC013F
005100000019003000AC013F
002E0000000A001C00AB0148
00380000000C001D00AB0148
004F0000000F001C00AB0148
002C0000000B001D00AA014C
00320000000C001F00AA014C
004F0000000E001500AA014C
002A0000000B001F00AC0150
00300000000C002200AB0150
00510000000F001A00AB0150
00270000000E002400AB015C
003000000011002D00AB015C
005100000017002900AB015C
00240000000E002400AA0162
003000000012002D00AA0162
00510000001A002900AB0162
00240000000D002400AD016C
003000000012002D00AD016C
005300000019002B00AD016B
00240000000E002400AD0174
003000000013002D00AD0174
00530000001B002D00AE0174
00240000000E002400AD017C
003000000012002E00AD017C
00510000001A002D00AD017C
00250000000D002400AC0183
003000000010002D00AC0183
005100000018002900AC0183
00250000000D002300AD018B
003000000010002C00AD018B
005100000018002700AD018B
00240000000D002400AC0194
003000000012002D00AC0194
00510000001A002B00AC0194
00240000000D002300AD019B
003000000011002B00AD019B
005300000019002700AD019B
00210000000E002400AE01A2
003000000013002E00AE01A2
00530000001D003000AE01A2
00220000000D002300AF01AC
003000000013002D00AF01AC
00530000001C003000AF01AB
00220000000E002400B001B3
003000000013002D00B001B4
00530000001D002D00B001B3
00220000000E002400AC01BC
003000000013002E00AC01BC
00510000001E003000AC01BC
00240000000D002300A901C4
003200000011002C00A901C4
004F00000019002900AA01C4
00240000000C002300AA01CB
003000000010002A00AA01CB
005100000017002700AA01CB
00240000000E002400AE01D3
002E00000013002D00AE01D3
00530000001B002B00AE01D3
00250000000E002400AB01DE
003200000013002D00AB01DE
00510000001A002B00AB01DE
002C0000000E002300AC01E8
003400000010002900AC01E8
004F00000015002400AC01E8
002C0000000E002200AC01EC
00320000000F002900AC01EC
004F00000013002000AC01EC
002A0000000D002200AD01EF
00300000000F002900AD01EF
005100000013002200AD01EF
00220000000D002400AE01FA
002E00000012002E00AE01FA
00530000001D003200AE01FA
00220000000E002400AC0203
003000000013002E00AC0203
00510000001E002D00AC0203
00220000000E002400AC020B
003000000013002E00AC020B
00530000001E003000AD020B
00220000000E002400AD0212
003000000013002E00AD0212
00530000001D003000AE0212
00210000000E002400AB021A
003000000013002E00AC021A
00510000001F003200AC021A
00220000000D002300AB0223
003000000012002D00AB0223
00510000001D002D00AB0223
00240000000D002300AF022C
003000000012002B00AF022C
00530000001B002B00AF022C
00240000000D002300AF0233
003000000011002C00AF0233
00530000001A002900AF0233
00240000000D002400AC023E
003200000012002E00AC023E
00510000001B003000AD023D
00250000000E002300AC0244
003000000013002C00AC0244
00510000001A002700AC0244
00240000000D002300AD0249
003000000010002D00AD0249
005300000018002B00AD0249
00240000000D002400AF0254
002E00000012002E00AF0254
005300000018002B00AF0254
00250000000E002400AE025C
003000000012002E00AE025C
005300000018002B00AE025C
00250000000D002300B00264
003000000010002C00B00264
005300000018002700B00264
00250000000E002400AD026B
003000000012002E00AD026B
005100000019002B00AD026B
002E0000000B001800AC0278
00360000000E001900AC0278
004D00000010001300AC0278
00300000000C001300AB027B
00360000000E001200AB027B
004F0000000E000C00AB027B
002E0000000D001500B30004
00340000000F001400B30004
004F00000011000C00B30004
002A0000000B001B00B20008
00300000000D001D00B20008
004F00000012001500B30008
00250000000E002400B40016
003000000012002E00B40016
005100000017002B00B40016
00270000000C002300B3001D
00300000000F002900B3001D
005100000014002200B4001C
00250000000D002400B40023
002E00000010002D00B40023
005300000016002900B40023
00250000000D002300B4002C
003000000011002A00B4002C
005300000017002200B4002C
00240000000D002300B40032
003000000010002C00B40032
005300000017002700B50031
00220000000D002400B5003C
003000000012002D00B5003C
00530000001A002B00B5003C
00220000000D002300B40043
003200000012002D00B40043
00530000001B002B00B40042
00220000000E002400B4004B
003000000013002F00B4004B
00530000001D003400B5004B
00240000000E002400B50056
003000000013002E00B50056
00530000001B003000B50056
00250000000D002400B8005C
003000000010002E00B8005C
005300000018003000B8005C
00270000000C002400B90065
00300000000F002D00B90065
005300000015002B00B90065
003400000006001200BA006B
003400000006001200BA006B
005100000009001300BA006B
00290000000C002200B60071
00300000000E002900B60071
005100000016002200B60070
00250000000C002300B5007A
00300000000F002C00B5007A
005100000018002900B5007A
00220000000C002400B50085
003000000010002D00B50084
005300000019003000B50084
00240000000D002300B5008C
003000000011002C00B5008C
005100000019002900B5008C
00240000000D002400B40093
002E00000011002E00B40093
005100000019002B00B40093
00240000000E002300B3009D
003000000012002C00B3009D
005100000018002700B3009C
00270000000C002300B600A3
00300000000F002A00B600A3
005100000016002700B600A3
00240000000E002400B700AB
002E00000012002D00B700AB
00530000001A002900B700AB
00240000000D002400B300B3
003000000011002E00B300B3
00510000001A003000B300B3
00240000000D002400B300BC
003000000012002E00B300BC
00510000001A002D00B300BC
00240000000D002400B400C4
003000000012002E00B400C4
005300000019002D00B400C4
00240000000D002400B400CD
003000000011002D00B400CD
005100000019002B00B400CD
00240000000C002300B400D3
003000000010002B00B400D3
005300000018002700B500D3
00240000000B002300B400D9
00300000000F002A00B400D9
005100000017002700B400D9
00220000000C002400B300E3
003000000010002D00B300E3
00510000001B002D00B300E3
00220000000D002400B400EB
003000000012002D00B400EB
00510000001C002D00B400EB
00240000000D002400B500F3
003000000012002D00B500F3
00530000001B002D00B600F3
00220000000D002400B400FB
003000000012002E00B400FB
00530000001D003000B400FB
00220000000D002400B40104
003000000011002D00B40104
00530000001B002D00B40103
00220000000C002300B5010C
003000000010002C00B5010C
005300000019002B00B6010C
00240000000D002300B60114
003000000012002C00B60114
005300000019002900B70113
00220000000D002400B6011B
003000000012002D00B6011B
00530000001A002B00B6011A
00220000000D002300B20123
003000000012002D00B20123
00510000001B002B00B20123
00220000000D002300B3012B
003000000012002D00B3012B
00510000001C002D00B3012B
00220000000E002400B50133
003000000013002D00B50133
00530000001E002D00B50133
00220000000D002400B5013B
003000000012002E00B4013B
00530000001B003000B5013B
00240000000D002300B20146
003200000011002C00B10146
005100000019002900B20146
00270000000C002100B0014C
00320000000E002600B0014C
004F00000013001E00B0014C
00270000000C002300B30153
00300000000F002900B20154
005100000015002400B30153
00250000000E002400B4015C
002E00000012002F00B4015C
005100000019002D00B4015C
00270000000F002400B60164
003000000013002F00B60164
005300000019002B00B70164
00250000000F002400B8016B
002E00000013002E00B8016B
00530000001B002B00B8016B
00240000000F002400B40174
003000000013003000B40174
00510000001D003000B40174
00240000000E002400B5017C
003000000013002E00B5017C
00510000001B003000B5017C
00250000000E002400B60183
003000000012002D00B60184
005300000018002B00B60183
00270000000D002200B9018C
003000000010002900B9018C
005300000016002200B9018C
00250000000F002400B60194
003000000013002E00B60194
00510000001A002B00B60194
00270000000F002400B8019C
003000000013002D00B8019C
00530000001A002900B8019C
00240000000F002400B501A3
003000000013002E00B501A3
00510000001C003000B501A3
00240000000F002400B501AC
003000000013002E00B501AC
00530000001C002D00B501AC
00240000000F002300B501B3
003000000015002B00B501B3
00510000001D002400B501B3
00220000000F002400B501B9
003000000013002E00B501B9
00510000001D002D00B501B9
00220000000E002300B601C4
003000000013002D00B601C4
00530000001C002B00B601C4
00220000000D002400B401CC
003200000012002E00B401CC
00510000001B003000B401CC
00240000000D002300B301D4
003000000011002B00B301D4
005100000019002900B301D4
00240000000D002400B301DC
003000000010002D00B301DC
005300000018002D00B401DC
00270000000C002400B001E7
00320000000F002C00B001E7
004F00000016002B00B001E7
002A0000000C002100AF01EC
00320000000E002700AF01EC
004D00000012002200AF01EB
00250000000E002300B401F4
003000000012002C00B401F4
005100000018002700B401F3
00290000000D002300B701FD
003000000010002A00B701FD
005100000016002700B701FD
00290000000D002200B70204
003000000010002900B60204
005100000017002200B60203
00250000000E002400B70209
002E00000012002D00B70209
00530000001A002900B70209
00240000000F002400B50212
003000000014002D00B50212
00530000001D002D00B60212
00220000000D002300B4021A
003000000012002D00B4021A
00530000001C002D00B5021A
00220000000F002400B60225
003000000015002F00B60225
00530000001F003400B60225
00240000000E002400B4022D
003200000013002D00B4022D
00510000001C002D00B4022D
00250000000D002300B40233
003000000010002A00B40233
005100000018002400B40233
00250000000D002400B5023A
003000000010002D00B5023A
005300000017002900B5023A
00240000000D002400B30243
003200000011002D00B30243
00510000001B002D00B30243
00240000000D002400B5024C
003000000012003000B5024C
00530000001B003400B5024C
00250000000E002400B50255
003000000012002E00B50255
00530000001A002D00B50254
00270000000E002400B6025D
003000000012002E00B6025D
005100000019002B00B6025D
00270000000F002300B40263
003000000012002B00B40263
005100000018002200B40263
00250000000E002400B4026A
002E00000011002D00B4026A
005100000016002700B40269
00290000000C002200B30274
00300000000E002900B30274
004F00000012002000B30274
002C0000000C001800B1027B
00340000000F001800B1027B
004F00000012000F00B1027A
002C0000000B001800BB0004
00320000000C001900BB0004
004F00000010001200BB0004
002A0000000A001900BC0007
00300000000C001B00BC0007
005100000011001500BC0007
00250000000D002400BD0014
002E00000011002D00BD0014
005300000017002700BD0014
00250000000D002400BC001D
003000000010002D00BC001D
005300000016002900BC001D
00270000000C002300BD0024
00300000000E002B00BD0024
005100000013002200BD0024
00270000000D002300BC002B
00300000000F002A00BC002B
005300000014002000BC002A
002E0000000D002100C10038
00340000000F002400C10038
005300000013001E00C10038
004000000009000F00C2003B
003C00000009000F00C2003B
004F00000009000E00C2003B
002E0000000B001D00BE003F
00300000000C001E00BE003F
004F00000012001800BE003E
00240000000E002400BE004B
003000000013002E00BE004B
00530000001B003000BE004B
00250000000E002500BC0056
003200000012003100BC0056
00530000001A003400BC0056
00270000000E002400BC005E
003200000012002F00BC005E
005100000019003000BC005E
002E0000000A001F00BC0068
00360000000A002200BC0068
004F0000000F001E00BC0068
003200000009001900BB006C
003600000009001A00BB006C
004D0000000B001500BB006C
002E00000009001800BB006E
003200000009001800BB006F
00510000000C001200BB006E
00250000000E002300BF007A
002E00000012002C00BE007A
005100000019002700BF007A
00220000000D002400BD0083
003000000012002E00BD0083
00530000001B002D00BD0083
00240000000E002400BE008C
003000000013002E00BE008C
00530000001B002D00BE008C
00240000000D002400BD0094
003000000012002E00BD0094
00530000001A002D00BE0094
00250000000C002300BC009C
00300000000F002B00BC009C
005100000017002900BC009C
00240000000B002200BA00A4
00320000000F002900BA00A4
005100000016002400BA00A4
00240000000C002300BC00AB
003000000010002A00BC00AB
005300000018002700BC00AB
00220000000D002300BD00B2
003000000012002D00BD00B2
00530000001A002D00BE00B2
00220000000E002400BD00BC
003000000013002E00BD00BC
00530000001D003000BD00BC
00220000000D002400BC00C3
003000000012002E00BC00C3
00530000001B003000BC00C3
00220000000F002400BC00CB
003000000013003000BC00CB
00530000001D003200BC00CB
00240000000D002400BB00D4
003000000012002D00BB00D4
00510000001A002B00BC00D4
00240000000D002300BF00DC
003000000010002D00BF00DC
005300000018002B00BF00DC
00240000000D002400BD00E3
003000000010002D00BD00E3
005100000019002B00BE00E2
00240000000D002400BD00EB
003000000010002D00BD00EB
005100000019002B00BD00EB
00220000000E002400BC00F3
002E00000013002D00BC00F3
00530000001D002D00BC00F3
00220000000D002400BC00FB
003000000012002E00BC00FB
00510000001B002D00BC00FA
00220000000D002400BD0103
002E00000012002E00BD0103
00530000001C002D00BD0103
00220000000D002400BD010C
003000000013002E00BD010C
00530000001C002D00BE010C
00240000000D002300BC0113
003000000013002C00BC0113
00510000001B002900BC0113
00220000000D002400BD011B
003000000012002D00BD011B
00530000001B002B00BD011A
00220000000D002300BD0123
003000000012002D00BD0123
00530000001A002B00BD0123
00220000000D002300BD012B
003000000012002D00BD012B
00530000001A002B00BD012B
00210000000E002400BC0133
003000000013002D00BC0133
00530000001D002D00BD0133
00220000000E002300BF013C
003000000013002C00BF013C
00530000001C002900BF013C
00220000000E002400BC0143
003000000013002D00BC0143
00530000001D002B00BD0143
00240000000C002300BB014B
003000000010002C00BB014B
005100000018002900BB014B
00240000000D002300BC0155
003000000011002B00BC0155
005100000018002900BC0154
00250000000E002400BC015D
003000000012002C00BB015D
005100000017002700BC015D
00290000000F002400BC0166
003000000013002D00BC0166
004F00000016002700BC0166
002A0000000F002300BD016D
003000000012002A00BD016D
004F00000015002000BD016C
00290000000E002300BE0172
003000000010002C00BE0172
005100000014002400BE0171
00250000000F002400BC017C
003000000013002F00BC017C
005100000019002D00BC017C
00290000000D002300BC0187
003200000010002B00BC0187
004F00000016002700BC0187
002A0000000D002100BD018D
00320000000F002700BD018D
004F00000012001E00BD018C
002A0000000D002300BC0194
00320000000F002900BC0194
004F00000012002000BC0193
00270000000F002300BC019B
003000000012002B00BB019C
004F00000018002400BC019B
00240000000E002400BC01A1
002E00000013002E00BC01A1
005100000019002B00BB01A1
00220000000F002400BC01AD
003000000015003100BC01AD
00530000001D003200BC01AC
00250000000E002100BD01B4
003200000012002900BD01B4
005100000019002000BD01B4
00270000000C002000BE01B8
00300000000F002500BE01B8
005100000015001E00BE01B8
00210000000E002300BC01C3
003200000014002C00BC01C3
00530000001E002B00BC01C3
00210000000D002300BB01CA
003000000012002C00BB01CA
00510000001D002B00BC01CA
00220000000D002300BE01D4
003000000012002D00BE01D4
00530000001C002D00BE01D3
00240000000E002400BD01DD
003000000013002E00BD01DD
00530000001D003200BD01DD
00240000000F002400BC01E5
003000000013003100BC01E5
00510000001C003000BC01E4
00240000000E002400BB01EC
003000000012002F00BB01EC
00510000001A003000BC01EB
00250000000D002400BB01F4
003000000012002D00BB01F4
005100000019002900BB01F4
00270000000E002300BA01FC
003200000011002900BA01FC
004F00000015002200BA01FC
00270000000F002200BB0203
003000000013002900BB0203
004F00000018001E00BB0203
00240000000F002400BC020A
003000000014002D00BC020A
00510000001B002900BC020A
00220000000E002400BD0213
003000000013002E00BD0213
00530000001D003000BD0212
00220000000E002400BD021A
003000000013002E00BD021A
00530000001E003200BD021A
00220000000F002400BD0224
003000000015002E00BD0224
00530000001F003200BD0223
00220000000F002400BC022C
003000000013003000BC022C
00510000001E003400BC022C
00290000000D002300BE0236
00320000000F002B00BE0236
005100000016002700BE0235
00290000000B002100BF023B
00300000000D002700BF023B
005100000012002000BF023B
00240000000D002400BC0242
003000000011002E00BC0242
005100000019002D00BC0241
00240000000D002400BD024C
003000000012002F00BD024C
00530000001B003000BD024C
00270000000D002300BC0257
003200000010002C00BC0257
005100000016002900BC0257
00270000000D002200BB025C
003000000010002900BB025C
005100000014001E00BB025C
00270000000D002200BB0261
00300000000F002900BB0261
005100000013002000BB0261
00250000000D002300BD026D
003000000010002C00BD026D
005100000014002400BD026D
002C0000000E001F00BF0275
003200000010002200BF0275
004F00000013001800BF0274
002E0000000F001B00BF027B
003000000013001D00BF027B
005100000015001000BF027B
002A0000000A001700BF0003
00340000000C001900BF0003
004D00000010001300C00003
00270000000D002300C50010
003000000010002900C50010
005300000015002400C5000F
002A0000000C002300C60016
00300000000E002A00C60016
005100000012002200C60015
00290000000C002300C5001A
002E0000000E002A00C5001A
005100000012002200C5001A
00270000000E002300C40024
002E00000011002B00C40024
005100000015002200C40023
00250000000D002300C5002C
003000000010002C00C5002C
005300000016002400C5002C
00360000000C001A00C2003A
00400000000C001B00C2003A
004B0000000C001800C2003A
00400000000A000E00C2003C
004000000009000F00C2003C
004B00000008000E00C2003B
003600000008000C00C2003D
003600000008000C00C2003D
005100000008000A00C2003D
00250000000E002400C3004C
003000000012002D00C3004C
005100000018002700C3004B
00240000000E002400C40054
003000000013003000C40054
00530000001B003200C40054
00240000000F002500C2005D
003000000013003100C2005D
00510000001C003400C2005D
00250000000D002400C00064
003200000010002D00C00064
004F00000017002B00C00064
00250000000B002100BE006B
00340000000E002800BE006B
004D00000013002200BE006B
00250000000C002200C30075
00320000000F002900C30075
005100000016002200C30075
00250000000B002100C4007A
00300000000F002800C4007A
005100000015002000C4007A
00240000000E002500C50084
003000000012003100C50084
005300000019003200C50084
00270000000F002400C5008D
003000000013002E00C5008D
005100000019002B00C5008D
00250000000D002400C50093
003000000010002E00C50093
005100000017002B00C50092
00240000000E002400C4009A
002E00000012002D00C4009A
005100000019002900C40099
00210000000E002400C400A4
003000000013002E00C400A4
00530000001D003000C400A4
00220000000D002400C400AD
003200000013002D00C400AD
00530000001B002D00C400AC
00240000000D002300C500B4
003000000012002D00C500B4
00530000001A002900C500B3
00240000000F002400C600BC
003000000013003000C600BC
00530000001C003200C600BC
00250000000D002300C600C4
003000000012002C00C600C4
00510000001A002900C600C3
00240000000E002300C500C9
003000000013002D00C500C9
00510000001B002700C500C8
00220000000F002400C400D5
003000000014002F00C400D5
00530000001D003200C400D5
00240000000D002300C400DC
003200000012002A00C400DC
005100000019002400C400DC
00240000000D002300C400E2
003000000012002D00C400E2
00510000001A002900C400E1
00220000000D002400C400EB
003000000013002E00C400EB
00530000001D003000C400EB
00240000000E002400C600F4
003000000012002E00C600F4
00530000001B003000C600F4
00240000000D002400C600FB
003000000012002E00C600FB
00530000001B003000C600FA
00220000000D002400C40103
003000000012002E00C40103
00530000001D003200C50103
00220000000D002400C4010C
003000000012002E00C4010C
00530000001C003000C5010C
00220000000D002300C30113
003000000012002D00C30113
00510000001B002D00C40113
00220000000D002300C4011B
003000000011002C00C4011B
00530000001A002B00C4011B
00220000000C002300C40123
003000000011002D00C40123
00530000001A002B00C50122
00220000000D002300C5012B
003000000013002D00C5012B
00530000001C002D00C6012B
002A00000009001F00C60139
00360000000A002200C60139
00510000000F002000C60139
002E00000009001A00C6013D
003400000008001B00C6013D
004F0000000C001500C6013C
002E00000008001800C7013E
003200000008001800C7013F
00510000000C001200C7013E
00240000000E002400C5014C
003000000013002D00C5014C
00530000001B002B00C5014C
00240000000D002300C40154
003000000012002C00C40154
005300000018002700C40153
00240000000D002300C2015C
003000000011002C00C2015C
005100000018002900C2015C
00250000000C002300C10164
00300000000F002B00C10164
004F00000016002700C10164
00290000000B002000C0016D
00320000000E002500C0016D
004D00000012001E00C0016C
00250000000D002100C10172
003000000011002800C10172
005100000015001E00C10172
00240000000D002400C3017B
003000000012002F00C3017B
005300000019003000C3017B
00250000000D002300C20186
003200000010002C00C20186
005100000018002B00C20185
002A00000009001B00C0018C
00340000000A001C00C0018C
004D0000000E001600C0018C
00270000000A002000C00191
00320000000C002400C00191
004F00000011001E00C00191
00240000000C002400C1019B
003000000010002D00C1019B
004F00000017002D00C1019B
00240000000C002400C501A3
003000000010002D00C501A3
00530000001A003000C501A3
00240000000D002400C401AC
003000000012002E00C401AC
00510000001B003000C501AC
00250000000C002100C101B4
003200000010002800C101B4
004F00000016002200C101B4
00250000000E002300C601BB
003000000012002C00C601BB
005100000019002700C601BB
00240000000D002400C501C3
003000000010002D00C501C3
005100000019002B00C501C3
00220000000D002400C401CB
003000000012002E00C401CB
00530000001B003000C401CB
00240000000D002300C401D4
003000000011002C00C401D4
00530000001A002900C401D3
00240000000D002400C501DD
003000000012002E00C501DD
00530000001B003000C501DD
00270000000D002300C601E4
003000000010002C00C601E4
005100000017002900C701E4
00270000000D002400C501EC
003000000010002D00C501EC
005100000016002900C501EB
00250000000C002300C401F3
00300000000F002A00C401F3
005100000016002700C501F2
00240000000D002300C301FC
003000000010002D00C301FC
005100000017002900C301FC
00250000000B002000C20204
00320000000F002600C20204
005100000015002000C20204
00250000000C002100C8020B
003000000010002800C8020B
005300000018002400C8020B
00220000000F002400C40213
003000000013002E00C40213
00510000001E002D00C40212
00220000000E002400C4021B
003000000013002E00C4021B
00530000001D003000C4021A
00220000000E002400C60224
003000000013002E00C60224
00530000001D003000C60224
00240000000D002400C8022C
003000000012002D00C8022C
00530000001B003000C8022B
00290000000A001F00C20236
00340000000D002400C20236
004F00000014002000C20236
00270000000A001F00C1023B
00340000000D002200C1023B
004F00000013001E00C1023A
00220000000E002400C40241
003000000013002E00C40241
00530000001B003000C40241
00240000000D002400C4024B
003000000011002D00C4024B
005100000019002B00C4024B
00220000000D002300C30253
003000000012002D00C30253
00510000001A002B00C30253
00240000000D002300C1025B
003000000011002A00C1025B
005100000018002700C1025B
00220000000D002400C40264
003000000011002E00C30263
005300000019002B00C40263
00240000000D002400C4026D
003000000011002D00C3026D
005100000016002700C4026C
002E0000000D001E00C20275
00320000000F002200C20275
004D00000011001800C30274
002C0000000E001900C3027B
003200000011001A00C3027B
004F00000013000F00C3027B
00270000000E002100CD0005
003000000011002800CD0005
005300000018002000CD0004
00290000000E002400CD000F
003000000010002C00CD000F
005100000015002400CD000F
002A0000000D002100CA0014
00300000000F002700CA0014
004F00000011001C00CA0014
00250000000E002400CB001C
003000000011002D00CB001C
005300000014002400CB001B
00270000000D002300CC0025
003000000010002A00CC0025
005100000015002200CC0024
00270000000C002200CB002B
00300000000F002900CB002B
005100000012001E00CB002B
00270000000C002300C70035
00300000000E002A00C70035
004F00000013002200C60035
002A0000000B001F00C6003C
00340000000D002300C6003B
004D00000011001C00C6003B
00270000000A001F00CD0042
00320000000C002200CD0042
005300000014001E00CD0042
00240000000C002300CE004B
003000000010002C00CD004B
005300000018002900CE004B
00220000000D002300CB0053
003000000012002D00CB0053
00510000001C002B00CB0053
00220000000D002400CC005B
003000000012002E00CC005B
00530000001C003000CC005B
00220000000E002400CD0065
003000000013002E00CD0065
00530000001C003000CD0065
00240000000D002300CD006B
003200000010002C00CD006B
005100000019002B00CD006B
00240000000D002400CC0073
003000000012002D00CC0073
00530000001A002B00CC0073
00240000000D002300CB007C
003000000010002D00CB007C
005100000019002900CB007C
00240000000E002400CC0085
003000000013002F00CC0085
00530000001A003000CC0085
00250000000D002400CA008B
003000000011002D00CA008B
004F00000018002B00CB008B
00250000000D002300C90093
003000000010002C00C90093
005100000017002900C90093
00220000000E002400CC009B
002E00000013002E00CC009B
00530000001B002B00CC009A
00220000000E002400CE00A3
003000000013002E00CE00A3
00530000001C003000CF00A3
00250000000D002300D000AE
003200000012002B00D000AE
005300000019002900D000AE
00270000000F002400CD00B5
003000000014002E00CD00B5
00510000001B002B00CD00B5
00250000000F002400CB00BC
003000000013002E00CB00BC
005100000019002B00CB00BB
00250000000D002100CB00C2
003000000012002900CB00C2
005100000018002000CB00C2
00220000000F002400CC00C9
003000000014002E00CC00C9
00530000001D002D00CC00C9
00220000000D002400CD00D3
003000000012002E00CD00D3
00530000001C003200CD00D3
00220000000E002400CC00DC
003000000013002E00CC00DC
00510000001C003000CD00DB
00220000000D002400CC00E3
003000000013002E00CC00E3
00510000001C002D00CD00E3
00220000000D002400CD00EC
003000000012002F00CD00EC
00530000001A003000CD00EC
00240000000D002400CB00F5
003000000012002E00CB00F5
00510000001A002D00CC00F4
00240000000C002300CC00FA
003000000010002C00CC00FA
005100000019002B00CC00FA
00220000000D002400CD0103
003000000012002F00CD0103
00530000001B003200CE0103
00240000000E002400CE010C
003000000012003000CE010C
00530000001B003200CE010C
00250000000D002400CE0114
003000000010002E00CE0114
005100000019003000CF0114
00240000000D002400CD011B
003000000010002E00CD011B
005300000019002B00CD011B
00220000000D002400CD0124
003000000012002E00CD0124
00530000001B002D00CD0123
00240000000C002200CC012B
003000000010002900CC012B
005100000019002400CC012B
00250000000B002200CA0135
00340000000E002900CA0135
004F00000015002700CA0135
003000000006000F00C8013C
003800000008000F00C8013C
004D0000000A000F00C8013C
00250000000A001E00C90140
00320000000D002200C90140
005100000011001C00C90140
00220000000D002400CC014C
003000000012002E00CC014C
00530000001B002D00CD014C
00240000000D002400CC0153
002E00000011002D00CC0153
005100000019002B00CC0153
00240000000D002400CD015C
003000000012002E00CD015C
00530000001A003000CD015B
00250000000C002300CD0165
00300000000F002C00CD0165
005300000016002900CD0165
00270000000B002300CF016D
00300000000D002A00CF016D
005300000013002700CF016C
00270000000D002300CE0174
00300000000F002A00CE0175
005100000014002200CE0174
00270000000D002300CE017B
00300000000F002B00CE017B
005300000015002400CE017A
00240000000D002400CE0182
002E00000010002E00CE0182
005300000018002B00CE0182
00240000000D002400CF018B
003000000010002D00CF018B
005300000019002B00CF018B
00250000000D002400CE0194
003000000010002D00CE0194
005300000018002D00CE0194
002A0000000B002100D1019D
00300000000E002700D1019D
005100000014002200D1019D
002A0000000D002300CF01A4
00300000000F002C00CF01A4
005100000015002700CF01A3
00250000000D002300CF01AB
00300000000F002C00CE01AB
005100000016002900CE01AA
00250000000D002300CC01B6
003200000010002C00CC01B6
005100000018002B00CC01B6
00270000000C002300CB01BD
00320000000F002A00CB01BD
005100000015002400CB01BC
00250000000D002300CB01C1
003000000010002B00CB01C1
005100000017002700CB01C1
00220000000D002400CD01CB
002E00000012002E00CD01CB
00530000001A002D00CD01CB
00220000000D002400CD01D4
003000000012002E00CD01D4
00530000001B002D00CD01D4
00240000000D002300CC01DD
003000000012002D00CC01DD
005100000019002B00CC01DC
00250000000B002100CA01E4
00320000000F002700C901E4
004F00000016002200CA01E3
00250000000B002100CA01EA
00300000000E002900CA01EA
005100000015002400CA01EA
00220000000C002300CB01F3
003000000010002C00CB01F3
00510000001A002B00CB01F2
00250000000B002100D101FB
00300000000F002900D101FB
005300000017002700D101FB
00250000000C002100CB0207
00340000000F002900CB0207
005100000017002700CC0206
00250000000B001F00CB020B
00320000000F002300CB020B
005100000016001E00CB020B
00220000000D002100CC0210
003000000011002900CC0210
005100000019002700CC020F
00220000000D002400CD021D
003200000013002D00CD021D
00530000001D003200CE021D
00250000000D002100CC0226
003400000012002700CC0226
00530000001A002400CD0226
00250000000D002100CC0229
003200000010002900CC022A
005100000018002400CC0229
00220000000D002400CD0232
002E00000012002E00CD0232
00530000001C003000CD0232
00240000000D002400CE023C
003000000012002D00CE023C
00530000001D002D00CE023C
00240000000D002300CD0242
003000000012002D00CD0242
00530000001C002B00CD0242
00210000000D002400CC024B
003000000013002F00CC024B
00530000001D003200CC024A
00220000000D002300CD0254
003000000012002B00CD0254
00530000001A002700CE0254
00220000000D002400CD025B
003000000012002D00CD025B
00530000001A002900CD025B
00240000000D002400CC0263
003000000011002E00CC0263
005300000019002B00CD0263
00240000000C002400CC026D
00300000000F002D00CC026D
005100000016002900CC026D
002A0000000A002000C90274
00320000000C002400C90274
004F0000000F001C00CA0274
002C0000000C001A00CA027A
00320000000F001C00CA027A
004F00000011001300CA0279
002A0000000D001F00D50006
00300000000F002300D50006
005100000014001C00D60006
002A0000000E002100D5000C
002E00000011002700D5000C
005300000015001E00D5000C
00290000000D002300D30011
002E0000000F002A00D30011
005100000014002200D30011
00250000000D002300D4001B
002E00000010002900D3001B
005300000017002200D4001B
00240000000E002400D30024
002E00000013002D00D30024
005300000019002900D40023
00240000000D002300D3002B
002E00000011002B00D3002B
005100000018002400D3002B
00220000000D002300D30033
003000000012002C00D30033
00510000001A002900D30033
00220000000D002400D4003D
003000000011002D00D4003D
00530000001A002B00D4003C
00250000000B002200D50046
00320000000F002A00D40046
005100000016002700D50046
00250000000C002200D4004B
00300000000F002900D4004B
005100000016002200D5004A
00220000000C002300D40050
003000000010002B00D40050
005300000019002B00D40050
00210000000E002400D4005B
003000000013002F00D4005B
00530000001F003200D4005B
00210000000E002400D40064
003000000013002D00D40064
00530000001E002D00D40064
00210000000E002400D2006B
003000000013002D00D2006B
00510000001D002D00D3006B
00220000000E002400D40075
003000000013002E00D40075
00530000001C002D00D40075
00240000000D002400D5007C
003200000012002D00D5007C
00510000001A002D00D5007C
00250000000D002300D60084
003000000010002C00D60084
005300000017002900D60083
00290000000B002100D9008C
00300000000E002800D9008C
005300000014002200D9008B
00270000000C002300D80095
00300000000E002900D80095
005100000014002400D80095
00270000000B002100D7009A
00300000000E002700D7009A
005100000014002000D70099
00240000000E002400D500A6
003000000013002D00D500A6
005300000019002B00D500A6
00270000000E002300D400AF
003200000012002A00D400AF
005100000017002400D400AE
00270000000D002200D400B2
003000000010002900D400B2
004F00000016002400D400B2
00240000000F002400D300BB
002E00000013003000D300BB
00510000001B003200D300BA
00240000000D002400D400C3
003000000012002D00D400C3
00510000001A002D00D400C3
00240000000D002300D500CB
003000000011002D00D500CB
00530000001A002B00D500CB
00220000000D002400D600D3
003000000012002E00D600D3
00530000001B003000D600D3
00220000000D002300D500DB
003000000012002D00D500DB
00530000001B002B00D500DA
00220000000D002400D500E4
003000000013002E00D500E4
00530000001D003200D500E4
00240000000D002400D800EC
003000000012002D00D800EC
00530000001C002D00D800EC
00240000000D002400D500F4
003000000011002F00D500F3
00510000001B003200D500F3
00240000000D002400D400FC
003000000010002E00D400FC
00510000001A003200D500FB
00240000000E002400D40104
003000000012002E00D40104
00510000001A003000D50104
00270000000E002400D7010E
003000000011002D00D7010E
005100000018002B00D7010D
00270000000D002400D50113
003000000010002D00D50113
005100000017002B00D50113
00250000000E002500D5011C
002E00000012003000D5011C
00510000001A003200D5011C
00250000000D002300D70124
003000000011002D00D70124
005300000018002900D80123
00240000000D002400D6012B
003000000011002D00D6012A
00510000001A002B00D6012A
00250000000D002300D80133
002E00000010002C00D80133
00530000001A002D00D80132
00220000000C002300D4013C
003000000010002C00D4013C
00510000001B002B00D5013B
00220000000C002400D50143
003000000010002D00D50143
005300000019002B00D50143
00220000000D002400D5014C
003000000012002D00D5014C
00530000001B002B00D5014B
00240000000D002400D40153
003000000012002E00D40153
00510000001A002D00D40153
00240000000D002400D4015B
003000000011002E00D4015B
005100000018002D00D4015B
00240000000C002400D30166
003200000010002D00D30166
005100000017002B00D40166
00250000000C002300D3016D
00300000000F002A00D3016D
005100000015002400D3016D
00290000000C002300D70175
00300000000E002A00D70175
004F00000012002200D70175
003000000008001700D9017C
003200000008001600D9017C
004F0000000C001200D9017B
00270000000D002400D50182
00300000000F002D00D40182
004F00000015002700D40182
00250000000E002400D5018C
003000000012002D00D5018C
005100000019002900D5018C
002500000010002500D40194
003000000014003100D40194
00510000001B003200D40194
00290000000E002200D3019D
003200000011002900D3019D
004F00000015002200D3019C
002A0000000B002000D201A2
00320000000E002400D201A2
004F00000011001E00D201A1
00250000000D002100D101AA
003000000010002900D101AA
005100000017002400D101A9
00210000000E002400D201B3
003000000013002E00D201B3
00530000001D003200D301B3
00240000000C002300D101BC
003200000010002D00D101BC
004F00000019003000D101BC
00240000000D002400D601C3
003000000011002D00D601C3
00530000001A003000D601C3
00240000000D002300D701CC
002E00000012002C00D701CC
00530000001A002B00D801CB
00240000000D002300D501D6
003200000011002D00D501D6
00510000001A002B00D501D6
00270000000C002300D701DC
00300000000E002A00D701DC
005100000015002700D701DC
00290000000C002100D901E4
00300000000F002900D901E4
005300000016002400D901E4
00250000000C002300D701EA
00300000000F002A00D601EA
005100000018002700D701E9
00250000000B002200D501F6
00320000000F002A00D501F6
005100000017002900D501F6
00270000000C001F00D701FC
00320000000F002100D701FC
005300000016001C00D801FC
00250000000B001F00D501FF
00300000000E002300D501FF
005100000015001E00D601FF
00210000000D002300D2020B
003000000013002C00D2020B
00510000001C002900D3020B
00220000000E002400D60214
003000000013002D00D60214
00530000001C002B00D60214
00220000000F002400D7021D
003000000014002F00D7021D
00530000001D003000D7021D
00240000000F002400D40225
003200000015002E00D40225
00510000001E002D00D40225
002400000010002400D3022B
003000000016002F00D3022B
005100000020002D00D3022B
00240000000F002400D40234
003000000013002E00D40234
00510000001D003000D40234
00220000000F002400D4023A
003000000013002D00D4023A
00530000001C002900D4023A
00220000000E002400D40242
003000000013002E00D40242
00510000001D003000D40242
00220000000D002400D5024C
003000000013002E00D5024C
00530000001C003000D5024B
00220000000E002400D50253
003000000013002D00D50253
00530000001C002B00D50253
00220000000D002400D5025C
003000000012002E00D5025C
00530000001A002D00D5025C
00240000000E002400D60263
002E00000012002D00D60263
00530000001A002900D60263
00240000000D002400D5026C
003000000012002E00D5026C
005300000018002900D5026B
00270000000C002200D30274
00300000000F002900D30274
004F00000015002200D40274
00290000000D002000D4027C
003200000011002500D4027C
005100000015001E00D4027B
003A00000009000A00E10004
003A00000008000A00E10004
004F00000009000B00E10004
00300000000E001B00DC000A
003000000010001D00DC000A
004F00000014001300DD0009
00250000000D002300DC0012
002E00000010002C00DC0012
005300000015002200DC0011
00240000000D002300DC001C
002E00000010002B00DC001C
005300000018002400DC001C
00240000000E002400DE0024
002E00000012002D00DE0024
005300000018002700DF0024
00240000000E002300DD002B
002E00000012002C00DD002B
005300000019002700DE002B
00220000000D002400DC0033
003000000012002D00DC0033
00530000001B002D00DC0033
00220000000D002300DC003B
003000000012002D00DC003B
00530000001A002B00DD003B
00240000000D002300DB0043
003000000011002C00DB0043
005100000018002700DB0043
00240000000D002200DA004B
003200000011002900DA004B
00510000001A002400DA004A
00220000000E002400DC0053
003000000013002E00DC0053
00530000001D003000DD0052
00210000000E002400DD005B
003000000013002E00DD005B
00530000001E003200DE005B
00210000000E002300DC0064
003200000013002D00DD0064
00530000001D003000DD0064
00220000000D002300DD006B
003000000012002C00DD006B
00530000001A002B00DD006B
00220000000D002400DE0074
003000000013002E00DE0074
00530000001D003000DE0073
00220000000D002300DB007C
003200000012002D00DB007C
00510000001A002D00DB007C
00250000000C002100DB0086
003200000010002900DB0086
005100000017002400DC0085
00290000000B002100DC008C
00320000000D002800DC008C
005100000012002400DC008C
00290000000B002000DB0093
00320000000E002500DB0093
004F00000013001E00DB0093
00250000000B002100DA0099
00300000000F002700DA0099
005100000014002000DA0098
00220000000D002400DC00A4
003000000012002E00DC00A4
00530000001A003000DD00A4
00240000000D002300D900AC
003000000010002C00D900AC
004F00000018002B00D900AC
00270000000D002300E000B5
003000000010002C00E000B5
005300000017002B00E000B5
003200000007001600E200BC
003200000008001800E200BC
00510000000C001600E200BC
00250000000D002400DD00C2
003000000010002D00DD00C1
005100000019002900DD00C1
00220000000D002400DD00CC
003000000012002E00DD00CC
00530000001B002D00DD00CC
00240000000D002400DD00D4
003000000012002E00DD00D4
00510000001A002D00DD00D4
00240000000D002300DD00DB
003000000011002D00DD00DB
00510000001B002D00DD00DB
00220000000E002400DD00E5
003000000013002F00DD00E5
00530000001C003200DD00E4
00250000000D002400DC00ED
003200000012002D00DC00ED
00510000001A002B00DC00ED
00240000000D002400DD00F4
002E00000012002F00DD00F4
00510000001B003000DD00F3
00250000000D002400DD00FB
003000000010002E00DD00FB
005100000019002D00DD00FB
00240000000D002400DD0105
003000000011002F00DD0105
00530000001A003200DD0105
00290000000D002100DC010F
00340000000F002800DC010F
004F00000014002000DC010F
002A0000000D002100DC0113
00300000000F002800DC0113
004F00000014002000DC0113
00270000000D002400DC011C
003000000010002E00DC011C
005100000017002D00DC011B
00250000000E002300DB0124
003000000013002D00DB0124
00510000001A002900DB0124
00250000000E002400DC012C
003000000012002F00DC012C
00510000001A003000DC012C
00250000000D002300DC0132
003000000012002A00DC0132
00510000001A002700DC0132
00240000000D002400DC0139
003000000012002E00DC0139
00510000001B003000DC0139
00220000000D002400DC0144
003000000012002E00DC0144
00530000001B003000DC0143
00220000000D002300DC014C
003000000012002D00DC014C
00510000001B002B00DC014C
00240000000D002400DC0153
003000000012002D00DC0153
00510000001A002B00DC0152
00240000000D002400DD015C
003000000012002E00DD015C
005300000019002D00DD015B
00240000000D002400DE0164
003000000012002F00DE0164
00530000001A003000DE0164
00240000000D002400DB016D
003000000010002D00DB016D
005100000018002B00DC016D
002E00000008001B00DA0178
003800000008001D00DA0178
004F0000000C001A00DA0178
003000000007001500DA017B
003600000007001400DA017B
004F00000009001200DA017B
002A00000006001600DA017E
003200000007001500DA017E
00510000000A001200DA017E
00250000000E002400DB018E
003200000012002E00DB018E
004F00000018002D00DB018E
00250000000E002300DC0194
003000000012002C00DC0194
005100000018002700DC0193
00240000000D002400DA019A
003000000012002E00DA019A
005100000018002D00DA019A
00240000000C002300DB01A3
00300000000F002C00DB01A3
005100000018002B00DB01A3
00220000000C002400DC01AB
003000000010002D00DC01AB
00530000001A003000DD01AB
00220000000D002400DE01B4
003000000012002D00DE01B4
00530000001B002D00DE01B4
00220000000D002400DC01BC
003200000012002E00DC01BC
00510000001C003200DD01BC
00240000000E002400DC01C5
003000000013002D00DC01C5
00510000001B002B00DC01C4
00240000000D002300DB01CC
003000000010002C00DB01CC
005100000018002900DC01CB
00240000000D002400DC01D4
003000000010002D00DC01D4
005100000018002B00DC01D3
00270000000C002200DA01DE
003200000010002900DA01DE
004F00000016002400DA01DD
00270000000C002100DA01E4
00320000000F002700DA01E4
004F00000014002000DA01E4
00250000000C001F00DB01E8
00300000000F002400DB01E8
005100000014001E00DB01E8
00240000000C002200DC01F6
003200000010002900DC01F6
005100000019002700DD01F6
00270000000A001900DA01FC
00340000000C001B00DA01FC
004F00000012001600DA01FB
00250000000A001F00DB01FF
00300000000E002200DB01FF
005100000014001E00DB01FF
00220000000E002400DE020C
003000000013002D00DE020C
00530000001B002B00DE020C
00220000000F002400DE0215
003000000014002F00DE0215
00530000001D003000DE0214
002400000010002400DD021C
003000000015002E00DE021C
00510000001D002B00DE021B
002200000010002500DB0224
003000000016003100DC0224
00510000001F003200DC0224
002400000010002500DC022B
003000000015003100DC022B
00510000001E003200DC022B
00240000000D002400DB0232
003000000012002E00DB0232
00510000001B003000DB0232
00220000000E002400DB023B
003000000013002E00DB023B
00510000001D003000DB023B
00220000000E002400DD0243
003000000013002E00DD0243
00530000001D003000DD0243
00220000000D002400DD024B
003000000013002E00DD024B
00530000001C003200DD024B
00220000000E002400DD0253
003000000013002E00DD0253
00530000001B002B00DD0253
00220000000F002400DC025C
003000000013002E00DC025C
00530000001C002D00DC025B
00220000000E002300DC0263
003000000013002D00DC0264
00530000001A002700DC0263
00240000000E002400DD026C
003000000012002D00DD026C
005300000019002900DD026C
00270000000D002200DE0274
003000000010002900DE0274
005100000016002200DE0274
002A0000000D002000DF027B
003000000010002400DF027B
005100000015001C00E0027B
003A00000006000A00E20004
003C00000007000B00E20004
004F00000007000B00E20004
003C00000006000700E30006
003A00000006000700E30006
005300000008000900E30006
00250000000D002400E40013
002E00000010002D00E40013
005300000015002400E40012
00240000000E002400E5001C
002E00000012002D00E5001C
005300000018002700E6001C
00250000000E002300E40024
003000000012002B00E40024
005300000016002200E50024
00250000000D002300E4002B
002E00000011002B00E4002B
005100000016002200E5002A
00240000000D002400E50032
002E00000012002E00E50032
005300000019002B00E60032
00240000000E002400E5003B
002E00000012002D00E5003B
005300000019002900E5003B
00240000000D002400E40044
003000000012002D00E40044
005300000019002900E40044
00240000000D002400E6004B
003000000012002D00E6004B
005300000019002900E6004B
00220000000D002400E50053
003000000012002E00E50053
00530000001B002D00E50052
00220000000D002300E6005B
003000000012002D00E6005B
00530000001D002D00E6005B
00220000000E002300E50063
003000000013002D00E50063
00530000001D002B00E50062
00210000000E002400E4006C
003000000013002E00E4006C
00510000001D003200E4006C
00250000000C002300E60076
003200000010002B00E60076
005300000019002900E60076
00270000000C002300E7007C
00300000000F002C00E7007C
005100000017002900E7007C
00270000000C002300E60083
00300000000F002C00E60083
005100000015002700E60083
00250000000A002200E1008B
00320000000C002900E1008B
004F00000012002200E1008B
00250000000C002300E30093
00300000000E002A00E30093
005100000014002400E30093
00250000000B002300E5009B
00300000000F002A00E5009B
005300000015002400E5009B
00220000000F002400E500A4
002E00000013002E00E500A4
00530000001C002D00E600A4
00240000000E002400E400AC
003000000012002E00E400AC
00510000001A002B00E400AB
002C00000009001D00E300B9
00380000000A001E00E300B9
004F0000000E001C00E300B9
00300000000A001A00E300BC
00340000000A001A00E300BC
004F0000000D001300E300BC
002C00000007001A00E400BE
003200000008001B00E400BE
00510000000B001600E400BE
00240000000D002400E400CB
002E00000011002D00E400CB
005300000018002900E500CB
00270000000C002300E800D4
00300000000F002A00E800D4
005100000016002700E800D4
00250000000E002300E700DA
002E00000012002C00E700DA
00510000001A002700E700DA
00220000000E002400E400E2
002E00000013002E00E400E2
00510000001D002D00E400E1
00220000000E002400E300EC
003000000013002E00E300EC
00510000001D003400E300EC
00240000000D002400E200F4
003000000012002D00E200F4
00510000001A002B00E300F4
00240000000D002400E300FC
003000000011002E00E300FC
005100000019002D00E300FC
00240000000D002300E40104
002E00000011002D00E40104
005100000019002900E40103
00270000000B002100E1010C
00320000000E002900E0010C
004F00000014002400E1010C
00270000000A001F00E00113
00320000000C002200E00113
004F00000012001E00E00112
00240000000C002400E3011B
002E0000000F002D00E3011B
005100000016002B00E3011A
00240000000C002400E30124
00300000000F002D00E30124
005100000018002D00E30124
00240000000C002300E3012B
00300000000F002C00E3012B
005100000018002B00E3012B
00220000000D002400E20134
003000000012002D00E20134
00510000001A002D00E20133
00220000000D002400E5013C
003000000012002D00E5013C
00530000001A002D00E5013B
00220000000D002400E50144
003000000012002E00E50144
00530000001B002D00E50143
00220000000D002300E4014B
003000000012002D00E4014B
00530000001B002B00E5014B
00220000000D002400E40153
003000000012002D00E40153
00530000001B002D00E50153
00220000000D002400E4015D
003000000013002E00E4015C
00530000001D003200E4015C
00240000000D002400E40164
003000000012002D00E40164
00510000001B002B00E40164
00240000000D002400E4016B
003000000012002E00E4016B
00510000001A003000E4016B
00250000000B002300E10175
00320000000E002C00E10174
005100000016002900E10174
00250000000A002100E1017A
00320000000C002700E1017A
004F00000012002000E1017A
00240000000B002300E30183
00300000000F002A00E30183
005100000017002700E40183
00240000000C002400E3018D
003000000010002D00E3018C
00510000001A002D00E3018C
00250000000D002300E30194
003000000010002B00E30194
005100000018002700E30194
00250000000B002300E5019B
00300000000F002A00E5019B
005100000016002700E5019A
00240000000D002400E501A3
002E00000010002E00E501A3
005300000019003000E501A2
00270000000B002200E801AC
00300000000E002900E801AC
005300000016002700E801AC
00250000000D002300E601B2
003000000012002B00E601B2
00510000001A002700E701B2
00220000000E002400E501BA
002E00000013002E00E501BA
00530000001E003000E501BA
00240000000C002400E401C4
003000000010002D00E401C4
00510000001A002D00E401C4
00240000000D002400E301CD
003200000010002E00E301CD
005100000019003000E301CD
00270000000C002300E701D5
00300000000F002A00E701D5
005300000016002700E701D5
00270000000B002300E801DC
00300000000D002A00E801DC
005300000014002700E801DB
00250000000D002300E401E3
002E00000010002C00E401E3
005100000017002700E401E3
00240000000C002300E501EC
003000000010002A00E501EC
005100000018002700E501EC
00220000000C002300E501F3
003000000010002C00E501F3
005300000019002900E501F2
00240000000C002100E301FA
003200000010002900E301FA
005100000018002400E301F9
00220000000D002400E50204
003000000013002D00E50204
00530000001C002D00E50204
00220000000E002400E5020C
003000000013002E00E5020C
00530000001D003000E5020C
00240000000E002300E30215
003200000013002D00E30215
00510000001C002B00E30215
00240000000D002300E3021B
003000000012002A00E3021B
00510000001A002400E3021B
00240000000E002400E60224
003000000013002F00E60224
00530000001A003000E60224
00270000000F002400E8022D
003000000013002D00E8022D
00530000001A002900E8022C
00250000000F002400E70233
002E00000013002E00E70233
00530000001C002D00E70232
00240000000D002300E4023A
003000000011002D00E4023A
005300000019002900E5023A
00220000000E002400E50242
003000000013002E00E50242
00530000001D003000E50242
00220000000E002400E6024B
003000000013002E00E6024C
00530000001D003200E6024B
00240000000D002300E80254
003000000012002A00E80254
005300000019002400E80253
00220000000E002400E5025B
003000000013002D00E5025B
00530000001B002900E5025A
00220000000D002400E50263
003000000012002D00E50263
00530000001A002900E50263
00250000000D002400E5026F
00320000000F002D00E5026F
005300000015002900E5026F
002C0000000D002000E40275
00320000000F002600E40275
004D00000012001E00E40275
002C0000000D001D00E3027B
003200000010002000E3027B
004F00000013001500E4027A
002C0000000D001700E80004
00340000000E001800E80004
004F00000012000F00E80004
00290000000E002000EB000C
002E00000011002500EB000C
005100000016001C00EB000B
00250000000D002300EC0013
002E00000010002A00EC0013
005100000014002000EC0012
00250000000E002400EC001C
002E00000012002D00EC001C
005300000016002200ED001C
00240000000E002400EC0024
003000000012002D00EC0024
005300000018002900EC0023
00250000000E002300EC002B
002E00000012002B00EC002B
005300000018002400EC002A
00220000000E002300EC0033
002E00000013002C00EC0033
00530000001C002700EC0033
00240000000D002400EC003C
003000000012002D00EC003C
005300000019002B00ED003C
00240000000E002400EE0044
003000000012002E00EE0044
00530000001A002D00EE0044
00250000000D002400EC004D
003000000011002D00EC004D
005100000017002900EC004C
00290000000A001F00F00054
00320000000B002300F00054
005100000012001E00F00054
00270000000C002100EE0058
00300000000F002700EE0058
005100000017002000EF0058
00220000000E002400EE0063
003000000013002E00EE0063
00530000001D002B00EE0063
00220000000E002400ED006B
003000000013002E00ED006B
00530000001C003000ED006B
00240000000E002400EC0075
003200000013002E00EC0075
00510000001C002D00EC0075
00250000000F002300EB007D
003000000013002C00EB007D
004F00000019002400EB007C
00250000000F002300EC0083
002E00000013002C00EC0083
005100000018002200EC0083
00250000000D002300EB008A
002E00000011002C00EB008A
005100000018002700EB0089
00240000000E002400ED0094
002E00000012002E00ED0094
005300000019002B00ED0094
00250000000E002400F0009D
002E00000012002D00F0009D
005300000019002900F0009C
00250000000D002400ED00A3
003000000011002D00ED00A3
005100000019002900ED00A3
00240000000D002400EC00AB
002E00000011002D00EC00AB
005100000019002B00ED00AB
00270000000B002300EC00B5
00300000000E002A00EB00B5
005100000014002400EC00B5
00290000000B001F00E800BB
00320000000D002200E800BB
004D00000011001A00E800BB
00240000000C002300EA00C2
00300000000F002A00EA00C2
005100000016002400EB00C1
00240000000D002400EC00CD
003000000011002D00EC00CC
005100000019002B00EC00CC
00270000000B002000EB00D5
00340000000F002400EB00D5
004F00000015001E00EB00D5
00250000000D002100EB00DA
003000000010002700EB00DA
005100000016001E00EB00D9
00220000000D002400ED00E2
003000000012002D00ED00E2
00530000001B002D00ED00E1
00220000000D002400ED00EB
003000000012002E00ED00EB
00530000001C003000EE00EB
00220000000D002400ED00F4
003000000012002D00ED00F4
00530000001C002D00ED00F4
00240000000D002300ED00FB
002E00000012002D00ED00FB
00530000001B002B00ED00FB
00220000000D002300EB0103
002E00000012002D00EB0103
00510000001B002B00EB0103
00240000000D002400EC010B
002E00000011002D00EC010B
00510000001A002B00EC010B
00240000000C002300EB0113
003000000010002B00EB0113
00510000001A002B00EC0113
00240000000C002300EB011A
003000000010002C00EB011A
005100000018002900EB011A
00220000000D002400EC0124
003000000012002F00EC0124
00530000001B003200EC0124
00240000000E002400EF012D
003000000013002E00EF012D
00530000001C003000EF012C
00240000000F002400F00133
002E00000013002F00F00134
00530000001B003000F00133
00240000000E002400ED013C
003000000012002E00ED013C
00510000001B003000ED013B
00240000000D002400EE0143
003000000012002E00EE0143
00530000001A002D00EE0143
00240000000E002400ED014C
003000000012002E00ED014C
00530000001B003000ED014C
00240000000D002300EE0153
003000000010002D00EE0153
005300000019002B00EE0153
00220000000D002400ED015A
002E00000012002E00ED015A
00530000001C003000ED015A
00220000000E002400EE0164
003000000013002E00EE0164
00530000001D003000EE0164
00240000000E002400ED016B
003000000013002E00ED016B
00510000001C003000EE016B
00220000000E002400ED0174
003000000013002E00ED0174
00530000001C003000ED0174
00270000000B002200F0017D
00320000000E002900F0017D
005100000015002700F0017C
002C00000009001E00F10184
00300000000A002000F10184
005100000010001E00F20183
00250000000D002400ED018A
003000000010002D00ED018A
005100000019002B00ED018A
00240000000D002400EC0194
002E00000012002E00EC0194
00510000001A002D00EC0194
00250000000B002300EC019C
00320000000F002C00EC019C
005100000017002900EC019C
00250000000C002400ED01A5
003000000010002D00ED01A5
005100000019002D00ED01A4
00250000000D002300EB01AC
003200000011002A00EB01AC
005100000018002400EB01AC
00250000000D002100EB01B0
003000000010002800EB01B0
005100000018002200EB01B0
00220000000E002400ED01BB
003000000013002E00ED01BB
00530000001B003000EE01BB
00240000000D002400F001C4
003000000011002D00F001C4
005300000019002D00F001C4
00250000000C002400EF01CE
00300000000F002E00EF01CE
005100000017003000EF01CD
00270000000D002300EC01D5
003000000011002B00EC01D5
004F00000017002400EC01D5
00270000000B002100EA01DA
00300000000E002800EA01DA
004F00000015002000EA01DA
00250000000C002300EB01E2
002E0000000F002B00EB01E2
005100000015002700EB01E2
00240000000C002100EB01EB
003000000010002900EB01EB
005100000019002400EB01EB
00220000000D002300EB01F2
003000000012002C00EB01F2
00510000001B002900EC01F2
00220000000D002400EE01FC
003000000012002E00EE01FC
00530000001B003000EE01FC
00270000000C002100F00204
00300000000F002600F00204
005300000016002000F10204
00240000000E002300ED020A
002E00000013002D00ED020A
00510000001A002900ED020A
00270000000E002400F10216
003000000012002D00F10216
005300000019002B00F10216
00300000000B001E00F2021D
00320000000D002000F2021D
005100000012001E00F2021D
002C0000000F002400EE0224
003000000013002D00EE0224
004F00000018002900EE0224
002700000010002400EC022C
003200000015002D00EC022D
00510000001A002700EC022C
00270000000F002400EC0232
003000000013002D00EC0232
00510000001A002400EC0232
00250000000D002400EE023B
003000000011002E00EE023B
005300000019003000EE023B
00250000000E002400F00244
003000000012002D00F00244
00530000001A002B00F00243
00240000000F002400ED024C
003200000013002F00ED024C
00510000001C003000ED024C
00250000000D002100EC0253
003200000012002800EC0253
005100000018002000EC0253
00240000000D002200ED0258
002E00000010002A00ED0258
005100000017002400ED0258
00220000000E002400ED0263
003000000012002E00ED0263
00530000001B002B00ED0263
00240000000D002400EC026D
003000000011002D00EC026D
005300000017002900EC026C
00290000000B002000E80274
00300000000E002600E80274
004F00000011001E00E80273
00290000000D002000EA027B
003000000010002400EA027B
004F00000015001A00EA027A
002A0000000C001B00F20004
00320000000F001C00F20004
004F00000011001300F30004
00290000000D002100F3000B
00300000000F002700F3000B
005100000014001E00F3000B
00290000000E002400F60015
002E00000010002C00F60015
005300000014002400F60014
00270000000F002400F6001C
002E00000012002D00F6001C
005300000017002400F6001B
00250000000F002400F40023
002E00000013002D00F40023
005300000018002400F50023
00240000000E002300F5002B
002E00000013002C00F5002B
005300000019002200F5002B
00220000000E002400F50033
003000000013002D00F50033
00530000001B002900F50032
00240000000F002400F5003E
003200000013002E00F5003E
00530000001C003000F5003E
00250000000D002300F50044
003000000011002D00F50044
005100000017002900F50044
00250000000E002400F4004C
003000000012002E00F4004C
005100000018002D00F4004C
00270000000B001D00F20054
00340000000D001F00F20054
004F00000012001800F20054
00250000000C002000F30058
003200000010002500F30058
005100000017001E00F30058
00220000000E002400F50064
003000000013002E00F50064
00530000001C002D00F50063
00220000000E002400F5006B
003000000013002F00F5006B
00530000001B003000F5006A
00240000000D002400F40074
003000000012002D00F40074
00510000001B002B00F40074
00250000000D002300F4007D
003000000010002C00F4007D
005100000017002700F4007C
00250000000D002300F30083
003000000010002A00F30083
005100000015002400F30083
00250000000D002400F5008C
003000000011002D00F5008C
005100000017002B00F5008C
002E0000000D002300F60098
00340000000E002900F60098
004F00000010002400F60098
002C0000000E002300F5009D
00300000000F002B00F5009D
004F00000012002200F5009C
002A0000000C002300F500A1
00300000000E002A00F500A1
005100000012002400F500A0
00240000000D002400F500AA
002E00000010002D00F500AA
005300000017002B00F500A9
00250000000C002300F200B4
00300000000F002A00F200B4
005100000017002700F200B4
00250000000B002100F100BB
00300000000F002700F100BB
004F00000015002000F100BA
00220000000D002400F500C3
002E00000012002E00F500C3
00530000001B003000F500C3
00220000000D002400F500CB
002E00000012002D00F500CB
00530000001B002B00F500CB
00220000000D002400F400D3
003000000012002E00F400D3
00530000001C002D00F400D3
00250000000E002400F700DF
003200000013002D00F700DF
00530000001A002B00F700DF
003200000009001D00F900E5
003200000009001F00F900E5
00510000000E001E00FA00E5
002C0000000D002400F700EB
002E0000000F002E00F700EB
005100000014002D00F700EA
00290000000E002400F600F4
002E00000011002E00F600F4
005100000017002900F600F3
00250000000E002400F500FB
002E00000012002E00F500FB
005100000019002B00F500FA
00220000000F002400F60103
003000000013003100F60103
00530000001D003200F60103
00220000000D002400F5010B
003000000013003000F5010B
00530000001D003200F5010B
00240000000D002400F50113
003000000011002E00F50113
00530000001B003000F50113
002900000009001F00F9011D
00320000000C002300F9011D
005100000014002200FA011D
00290000000B002100F90122
00300000000D002600F90122
005100000015002000F90122
00250000000E002400F4012E
003200000013002E00F4012E
00510000001B002D00F4012E
00240000000F002400F40133
003000000014002E00F40133
00510000001D002D00F40132
00240000000F002400F3013B
003000000013002F00F3013B
00510000001C003200F3013A
00240000000D002300F30143
003000000012002D00F30143
00510000001B002B00F30143
00220000000E002400F4014C
003000000013002E00F4014C
00510000001C003000F4014B
00240000000E002300F30153
003000000013002C00F30153
00510000001D002900F40153
00210000000F002400F4015C
003000000015003100F4015C
005300000020003600F5015B
00220000000E002400F50164
003200000013002E00F50164
00530000001D002D00F50164
00240000000D002300F4016B
003000000013002D00F4016B
00510000001C002B00F5016B
00240000000D002300F30174
003200000011002D00F30174
00510000001A002B00F40173
00290000000B002000F3017E
00340000000F002400F3017E
004F00000016002200F3017E
00290000000B001E00F30183
00320000000E002100F30183
004F00000012001A00F30183
00250000000B002000F30187
00300000000E002600F30187
005100000015002000F30187
00220000000E002400F50194
002E00000013002E00F50194
00530000001B002D00F50194
00240000000D002400F6019D
003000000011002E00F6019D
005300000019003000F6019C
00240000000D002400F501A4
003000000010002D00F501A4
005100000019002B00F501A4
00250000000C002300F301AB
00300000000F002B00F301AB
005100000017002700F301AA
00240000000C002400F501B3
003000000010002D00F501B3
005300000019002D00F501B3
00240000000D002400F501BD
003000000011002D00F501BD
00530000001A002D00F501BD
00240000000E002400F401C4
003000000012002D00F401C4
00510000001A002B00F401C4
00290000000B002300F501D0
00320000000E002900F501D0
005100000013002700F501D0
002C0000000A002200F501D4
00320000000A002900F501D4
00510000000D002000F501D4
00290000000B002200F601D7
002E0000000C002900F601D7
005300000011002200F601D7
00240000000C002400F401E3
00300000000F002D00F401E3
005300000017002B00F401E3
00240000000D002300F501EA
002E00000012002D00F501EA
00530000001A002B00F501EA
00220000000D002400F401F3
003000000012002D00F401F3
00530000001C002D00F401F2
00240000000C002200F401FF
003400000011002A00F401FF
005300000019002B00F501FF
00250000000D001F00F30204
003200000010002300F30204
005100000017001C00F30204
00250000000E002300F7020C
003000000013002D00F7020C
00510000001A002900F7020C
002E0000000C002100F40219
00360000000E002500F40219
004F00000011002000F40219
00300000000D002100F3021E
00340000000E002600F3021E
004D0000000F001E00F3021D
002C0000000C002100F30221
00300000000E002500F30221
004F0000000F001E00F30221
00270000000F002400F3022B
002E00000013002E00F2022B
004F00000018002B00F2022B
00270000000F002400F40234
003000000013002D00F40234
005100000018002700F40233
00270000000E002400F3023E
003200000011002D00F3023E
005100000017002900F4023D
00250000000F002300F30244
003000000013002C00F30244
00510000001A002700F40243
00250000000E002400F4024A
003000000013002E00F4024A
00510000001A002B00F40249
00250000000D002300F40254
003000000012002D00F40254
005100000017002700F40254
00250000000D002400F7025C
002E00000011002D00F7025C
005300000018002900F7025B
00250000000D002400F50264
003000000010002D00F50264
005100000016002700F50264
00250000000D002400F5026C
003000000010002D00F5026C
005100000016002900F5026C
00270000000C002100F40273
00300000000E002900F40273
005100000014002200F40273
00290000000E002000F6027B
003000000012002300F6027B
005300000017001A00F6027B
00250000000C002000FC0004
00300000000F002500FC0004
005100000015001E00FC0004
00250000000D002300FA000D
002E00000010002A00FA000D
005100000014002000FA000D
00290000000D002300FB0016
00300000000F002900FB0016
005100000012002000FB0016
00270000000E002300FC001B
002E00000010002A00FC001C
005100000013001E00FC001B
00250000000F002400FC0022
002E00000013002E00FC0022
005300000018002900FD0022
00240000000D002300FC002B
002E00000012002B00FC002B
005300000018002400FC002B
00220000000E002300FF0033
003000000013002D00FF0033
00550000001C002B00FF0033
00220000000F002400FC003C
003000000013002E00FC003C
00530000001B003000FC003C
00250000000D002300FA0044
003200000011002C00FA0044
005100000019002B00FA0044
00250000000D002300FD004C
003200000010002C00FD004C
005300000017002B00FD004C
00240000000D002300FC0052
003000000011002B00FC0052
005100000019002700FC0051
00220000000E002400FC005B
003000000013002E00FC005C
00530000001C002B00FC005B
00220000000F002400FC0064
003000000015002F00FC0064
00530000001E002D00FC0064
00220000000F002400FE006C
003000000013003000FE006C
00530000001D003200FE006B
00250000000D002400FE0073
003000000011002E00FE0073
00510000001A002D00FE0073
00240000000D002400FC007B
003000000012002E00FC007B
00510000001A002D00FC007B
00250000000D002400FA0084
003000000010002D00FA0084
005100000018002900FB0084
00270000000E002400FC008F
003200000012002E00FC008F
005100000018002B00FC008E
002A0000000C002200F90095
00320000000E002900F90095
004F00000010002200F90095
002E0000000A001E00F8009C
00340000000A002100F8009C
004D0000000D001C00F8009C
00270000000E002400FB00A4
003000000010002D00FA00A4
005100000015002700FA00A3
00290000000C0022010000AC
00300000000F0029010000AC
0051000000150022010000AC
00250000000D002300FD00B2
002E00000010002C00FD00B2
005100000017002700FE00B1
00220000000D002400FD00BC
003000000012002E00FD00BC
00530000001A002D00FD00BC
00290000000A001F010100C6
00320000000C0022010100C6
005300000013001E010100C5
0032000000070013010200CB
0034000000070012010200CB
00530000000A0012010200CA
00250000000D002400FC00D3
003000000011002D00FC00D3
005100000018002700FD00D3
002A0000000D002300FB00E1
00360000000F002900FB00E2
004F00000012002700FB00E1
002E0000000C002100FB00E6
00340000000E002600FB00E6
004D0000000F001E00FA00E6
002C0000000F002400FB00EB
002E00000010002D00FB00EB
004F00000012002700FB00EB
00290000000F002400FB00F3
003000000013002E00FB00F3
004F00000016002700FA00F2
00240000000F002400FB00FB
002E00000014003000FB00FB
00510000001B002D00FC00FB
00240000000F002500FD0105
003000000015003100FD0105
00530000001D003200FD0105
00270000000F00240100010C
003000000013002F0100010C
00530000001A002D0100010C
00270000000D002301000114
003000000010002D01000114
005100000018002901010114
002A0000000B001D00FB011D
00340000000E002000FB011D
004F00000013001C00FC011D
002A00000008001500FB0120
00340000000A001500FB0120
004F0000000F001200FB011F
00240000000D002400FC012A
002E00000012002E00FB012B
00530000001B003000FC012A
00240000000E002400FC0133
003000000013002E00FC0133
00510000001C002D00FC0133
00240000000D002400FD013B
003000000012002E00FD013B
00530000001B003200FD013B
00240000000D002300FF0144
003000000011002D00FF0144
00530000001A002D00FF0144
00240000000D00230100014C
003000000010002C0100014C
005300000019002B0100014C
00240000000E002400FD0153
003000000012002E00FD0153
00510000001B002B00FD0153
00220000000F002400FF015C
003000000013003000FF015C
00530000001D003400FF015C
00240000000E002400FC0163
003000000012002E00FC0163
00510000001C003200FC0163
00220000000D002400FC016B
003000000012002E00FC016B
00530000001C003200FC016B
00240000000D002400FE0173
003000000012002D00FE0173
00530000001A002D00FE0173
00240000000C002400FD017E
003000000010002D00FD017E
005300000018002B00FD017D
00270000000B002200FC0183
00320000000F002900FC0183
005100000016002400FC0183
00250000000C002300FF018A
002E00000010002C00FF018A
005300000017002700FF018A
00220000000E002400FC0194
003000000013002E00FC0194
00530000001C002D00FD0194
00240000000D002300FC019C
003000000010002C00FC019C
005100000018002900FC019C
00250000000D002300FD01A4
003000000010002B00FD01A4
005100000018002700FD01A3
00250000000C0023010001AA
00300000000F002A010001AA
0053000000170027010001AA
00240000000E002400FD01B4
003000000012002E00FD01B4
00510000001B003000FD01B3
00240000000E002400FF01BC
003000000012002D00FF01BC
00530000001B002B00FF01BC
00240000000D002400FC01C3
003000000011002D00FC01C3
005100000019002B00FC01C3
00250000000C002300F901CE
00320000000E002B00F901CE
004F00000015002900F901CD
002A00000009001E00F701D5
00340000000A002100F701D5
004D0000000E001C00F701D4
00270000000E002400FB01DC
003000000010002D00FB01DC
004F00000014002400FB01DC
00270000000E002400FD01E4
003000000010002E00FD01E4
005100000016002B00FD01E4
00250000000F002400FE01EB
002E00000013002E00FE01EB
00510000001A002B00FE01EB
00220000000E002400FD01F3
002E00000013002E00FD01F2
00530000001B003000FD01F2
00220000000D002400FE01FC
003000000012002D00FE01FC
00530000001B002D00FE01FB
00240000000C002300FB0205
003200000010002B00FB0205
005100000019002B00FC0205
00250000000C002200FB020D
00320000000F002900FB020D
005100000014002200FB020D
00270000000B002100F90214
00320000000D002700F90214
004F00000013002200F90214
00290000000B002200F6021D
00320000000C002800F6021D
004D00000011002400F6021C
00290000000B002200F90225
00320000000D002900F90225
004F00000012002200F90225
00270000000C002200FA022C
00300000000F002900FA022C
005100000014002000FA022B
00270000000C002100F90231
00300000000F002900F90231
004F00000013002000F90231
00240000000D002400FB023C
003000000010002E00FB023C
005100000018002B00FB023B
00240000000D002400FB0244
003000000012002D00FB0244
005100000019002B00FB0243
00270000000B00210101024D
00300000000E00290101024D
00530000001500270101024C
00270000000D002400FC0255
003200000010002D00FC0255
005100000016002700FC0255
00250000000E002300FC025B
003000000012002C00FC025B
005100000017002400FC025B
00240000000F002400FC0263
002E00000013002E00FC0263
00530000001A002900FC0263
00270000000E002400FC026D
003000000012002D00FC026D
005100000016002700FC026D
002C0000000D002000FE0275
003200000010002500FE0275
004F00000014001E00FE0274
002C0000000F001F00FC027B
003200000013002100FC027B
004F00000016001600FD027B
00240000000E002301040005
003000000012002A01040005
005100000019002201050004
00250000000E00230104000D
002E00000012002C0104000D
00530000001800240105000C
00270000000D002301030014
002E0000000F002C01030014
005100000013002401030014
00270000000D00220103001C
00300000000F00290103001C
00510000001400200103001C
00250000000E002301040023
002E00000012002C01040023
005300000016002201050023
00240000000E00230105002C
002E00000012002D0105002C
00530000001900270106002C
00240000000D002201050033
003000000012002901050033
00530000001A002201050033
00240000000D00240105003A
003000000011002D0105003A
005300000019002B0105003A
00240000000D002401040044
003200000011002D01040044
00510000001A002D01040044
00250000000D00230104004C
003200000010002B0104004C
00510000001700270104004C
002E00000009001A010A0055
00320000000A001B010A0055
005100000010001A010A0055
003000000009001B0109005A
003200000009001C0109005A
00510000000E001A0109005A
00250000000F002401040063
003000000013002F01040063
00510000001C002D01050062
00240000000F00240103006B
003000000013002E0103006B
00510000001C00300103006B
00240000000E002401030073
003000000012002D01030073
00510000001B002B01030073
00250000000D00240105007C
003000000012002E0105007C
00510000001A002D0105007C
00250000000E002301060083
003000000012002C01060083
005300000019002701060082
00220000000F00240103008B
002E00000013002E0103008B
00510000001C002B0103008B
00240000000C002401010093
003000000010002D01010093
005100000018003001010093
00240000000C00230103009C
003000000010002C0103009C
005100000019002B0103009C
00250000000C0023010300A7
00320000000F002A010300A7
0051000000170029010400A6
00270000000C0020010200AC
00320000000F0025010200AC
004F00000014001E010300AC
00250000000B0020010300B0
00300000000E0026010300B0
0051000000140020010300B0
00240000000D0024010400BD
003000000012002D010400BD
00530000001A002D010400BD
0032000000060010010400C9
003C00000008000F010400C9
004F0000000C0010010400C9
0032000000070010010300CA
003800000008000F010300CA
004F00000009000C010300CA
002A00000009001A010400CE
00300000000A001C010400CE
00510000000E0016010500CE
00250000000C0023010200DD
00300000000F002C010200DD
0051000000150027010200DD
00270000000D0024010000E6
00320000000F002D00FF00E6
004F00000015002B010000E6
00290000000C0023010200EC
00320000000E0029010200EC
004F000000120024010200EC
00250000000E0024010300F3
003000000012002D010300F3
005100000017002B010300F3
00240000000E0024010600FB
002E00000013002D010600FB
00530000001A002B010600FB
00240000000F002501040107
003200000013003201040107
00530000001C003601040107
002A0000000D002301040110
00360000000F002901040110
004F00000015002701040110
002A0000000E002301040114
003000000010002C01040114
005100000014002401040114
002E0000000B00210108011C
00320000000C00260107011C
004F0000000F001E0107011C
002E00000009001B01090122
00300000000A001D01090122
00510000000E001801090122
00250000000E002401060129
002E00000011002D01060129
00510000001A002901060129
00240000000E002401050133
003000000013003001050133
00510000001C003201060133
00240000000E00240105013C
00300000001300300105013C
00530000001C00340105013C
00290000000C002301060146
00320000000F002A01050146
005100000016002701060145
00290000000C00220104014B
00320000000F00290104014B
00510000001400200104014A
00240000000D002301040151
003000000012002B01040151
005100000019002701040151
00240000000E00240106015D
003000000012002F0106015D
00530000001A00300106015C
00250000000D002401050163
003000000010002E01050163
005100000017002B01050162
00240000000E00240105016B
00300000001200300105016B
00530000001A00300105016B
00240000000D002401050176
003000000011002E01050176
00530000001A003001060176
00270000000C00240105017C
00300000000F002D0105017C
00510000001600290105017B
00270000000D002301040183
002E0000000F002C01040183
005100000016002701040183
00270000000D00230106018C
003000000011002B0106018C
00530000001800240106018B
00240000000D002401040192
003000000011002E01040192
005100000019002D01040191
00240000000D00240103019C
003000000012002E0103019C
00510000001B00300104019C
00250000000C0021010401A6
0034000000100029010401A6
0051000000190029010401A6
00270000000B0020010301AA
00320000000F0025010301AA
005100000016001E010301AA
00240000000E0024010401B3
003000000013002E010401B3
00510000001B002B010401B3
00250000000E0023010401BB
0030000000130029010401BB
00510000001A0024010401BB
00240000000E0024010401C1
003000000013002D010401C1
00510000001A002B010401C1
00220000000E0024010401CC
0030000000130031010401CC
00530000001C0034010401CB
00240000000D0024010301D4
003000000011002D010301D4
005100000019002B010401D4
00270000000D0024010301DD
003000000010002D010301DD
0051000000160029010301DC
00250000000E0024010401E5
0030000000120030010401E5
0051000000170030010401E4
00250000000E0024010401EB
002E00000012002F010401EB
005100000019002D010401EB
00240000000E0024010401F3
002E00000013002F010401F3
00530000001B0030010501F2
00240000000D0024010401FB
003000000012002D010401FB
00530000001B002B010501FB
00220000000D002401050203
003000000012002E01050203
00530000001B002D01050203
00240000000D00230102020B
003000000011002D0102020B
005100000019002B0102020B
00240000000E002401030214
003000000012002D01030214
00510000001B002B01030214
00240000000E00240105021B
002E00000013002E0105021C
00530000001B002D0105021B
00250000000D002401050225
003000000010002E01050225
005100000017002D01050225
00270000000D00230106022B
00300000000F002A0106022B
00510000001500240106022B
00250000000D002301050232
003000000010002C01050232
005100000017002701050232
00240000000D00230103023A
003000000011002B0103023A
00510000001900270104023A
00240000000D002301040247
003200000012002D01040247
005300000019002D01040247
00250000000D00210104024C
00320000001100270104024C
005100000017001E0104024C
00250000000C002101040251
002E0000000F002901040251
005100000014002001040251
00240000000F00240104025B
002E00000013002E0104025B
00530000001A002B0104025B
00240000000D002301040263
003000000011002B01040263
005300000018002701040263
00250000000E00240104026D
003000000012002D0104026D
00510000001700290104026D
002A0000000F002101030274
003000000012002701030274
004F00000014001C01030274
002A0000000F001F0104027A
00300000001300230104027B
00510000001700160104027A
00240000000E0022010D0004
002E000000120029010D0004
0053000000190020010D0003
00250000000F0023010C000C
002E00000012002C010C000C
0053000000180022010D000C
00250000000E0024010C0014
002E00000012002D010C0014
0053000000160022010C0014
00250000000E0023010C001C
002E00000012002A010C001C
0053000000160020010C001C
00220000000E0024010C0023
002E00000013002E010C0023
0053000000190027010C0023
00250000000D0023010D002D
003000000011002C010D002D
0053000000160024010D002D
00250000000E0023010F0034
003000000012002D010F0034
0053000000190029010F0034
00290000000D0023010E003C
003000000010002C010E003C
0051000000180029010E003C
00270000000D0024010D0043
003200000010002D010D0043
005100000018002B010D0042
00290000000C0020010B0050
00360000000F0026010B0050
0051000000150022010C0050
0032000000070013010B0056
003A000000090012010B0057
004F0000000C0013010B0056
003200000007000D010A0058
003800000008000D010B0058
004F00000009000C010B0058
00250000000D0021010C005F
0030000000120029010C005F
0051000000180022010C005F
00220000000F0024010E006C
0030000000140031010E006C
00530000001D0032010E006C
00270000000D002301100074
003000000010002B01100074
005300000018002901100074
00270000000E0023010C007B
003200000012002C010C007B
004F000000190027010C007B
00240000000D0021010B0082
0030000000120029010B0082
0051000000180020010B0082
00240000000E0024010D008B
003000000012002E010D008B
00530000001A002D010E008A
00240000000D0024010D0093
002E00000010002E010D0093
005300000019002D010E0092
00240000000D0023010D009B
003000000010002D010D009B
005300000019002B010E009B
00240000000B0024010E00A4
002E0000000F002D010E00A4
005300000017002B010E00A4
00240000000C0023010C00AC
00300000000F002C010C00AC
0053000000160029010C00AC
00240000000D0024010F00B4
003000000012002D010F00B4
005300000019002B010F00B3
00270000000C0022011200BC
002E0000000F0029011200BC
0053000000160022011200BB
00250000000C0023010A00C4
00300000000E002C010A00C4
004F000000160027010A00C4
002700000008001B010600CA
00340000000A001D010600CA
004D000000100018010600CA
00240000000B0022010B00D3
00300000000E0029010B00D3
0051000000170027010B00D3
00240000000D0024010B00DC
003000000012002D010B00DC
00510000001A002B010B00DB
00240000000D0023010F00E4
002E00000010002C010F00E4
005300000019002B010F00E4
00250000000C0024010A00EC
00300000000F002E010A00EC
004F00000018002D010A00EC
00250000000B0021010B00F5
00320000000E0029010B00F5
0051000000150024010B00F5
00240000000C0022010B00FA
00300000000F0029010B00FA
0051000000160022010B00F9
0022000000100025010B0105
0030000000150031010B0105
00530000001E0032010B0105
00250000000E00240108010E
003200000012002E0108010E
004F0000001A002D0108010E
00290000000E002401080115
003200000010002C01070115
004D00000016002901080115
003200000008001A010B011F
003800000008001A010B011F
004F0000000A0016010B011F
0030000000080016010A0121
0036000000090015010B0122
004F0000000C0012010B0121
00270000000C0023010B0128
00300000000E0029010B0128
0051000000140024010B0128
00240000000E0024010B0133
003000000013002E010B0133
00510000001B0030010C0133
00240000000E0024010C013C
003000000013002F010C013C
00510000001B0032010C013C
00270000000C002101090144
003200000010002901090144
004F00000018002201090144
00250000000B00210108014A
00320000000E00270108014A
004F0000001500220108014A
00220000000E0024010C0155
0030000000130030010C0155
00530000001C0032010C0155
00250000000D0024010A015C
003200000012002E010A015C
00510000001A0030010B015C
00250000000C0023010A0162
003000000010002B010A0162
0051000000180029010A0162
00250000000D0024010F016F
003200000012002E010F016F
0053000000190030010F016F
00300000000A002001110175
00320000000B002301110175
005100000010001E01110175
002A0000000F0024010E017B
002E00000012002D010E017B
0051000000180027010E017A
00270000000D0024010D0185
003000000010002E010D0185
0051000000170029010D0184
00270000000C0021010C018B
00300000000F0029010C018B
0051000000150020010C018A
00240000000D0023010C0191
003000000011002D010C0191
00510000001A002B010C0191
00240000000E0024010E019B
0030000000120030010E019B
00530000001C0034010E019B
00240000000D0024010F01A4
003000000011002E010F01A4
00530000001A0030010F01A3
00240000000E0024011001AD
003200000013002E011001AD
00530000001C0030011001AC
00290000000D0022011101B3
0030000000110029011101B4
0051000000190024011101B3
00240000000F0024010C01BA
003000000013002D010C01BA
00510000001D002B010C01BA
00220000000D0024010D01C4
003000000012002E010D01C4
00530000001D0030010D01C3
00240000000D0024010E01CB
003000000012002E010E01CB
00530000001A0030010E01CB
00220000000D0024010D01D3
003000000012002D010D01D3
00530000001B002D010D01D3
00250000000D0023010B01DD
003000000010002D010B01DD
005100000018002B010B01DC
00250000000D0024010C01E4
003000000012002D010C01E4
0051000000190029010C01E4
00270000000E0024010E01EC
003000000011002E010E01EC
005100000017002D010E01EC
00270000000D0023010E01F3
003000000010002B010E01F3
0051000000160024010E01F2
00240000000D0024010E01FB
002E00000012002D010E01FB
005300000019002B010E01FA
00240000000E0024010D0204
003000000013002E010D0204
00530000001B0030010E0204
00240000000D0024010E020D
003200000012002E010E020D
00530000001B0032010E020C
00240000000F0024010D0214
002E00000013002F010D0214
00530000001C0030010E0213
00240000000D0023010C021B
003000000012002B010C021B
00510000001A0027010C021B
00250000000E0024010B0225
003000000012002D010B0225
0051000000180029010B0225
00250000000D0023010B022C
0030000000120029010B022C
0051000000170022010B022C
00250000000D0023010C0231
002E00000011002D010C0232
0051000000170027010C0231
00240000000D0024010E023B
003000000011002D010E023B
0053000000190029010E023B
00240000000D0024010E0244
003000000011002D010E0244
005300000019002B010E0244
00240000000D0023010A024C
003000000012002A010A024C
0051000000190024010A024C
00240000000D0023010D0254
002E00000012002D010C0253
0053000000190027010D0253
00240000000E0024010E025C
002E00000013002D010E025C
00530000001A0029010E025B
00240000000F0024010F0264
002E00000013002D010F0264
00530000001B002B01100264
00250000000E0024010D026C
002E00000012002D010D026C
0053000000180027010D026C
00290000000B0020010B0274
00320000000E0026010B0274
004F00000013001E010B0274
002A0000000E001C010B027B
003200000012001E010B027B
004F000000150015010B027A
00270000000D002101150004
002E00000010002701150004
005100000015001E01150004
00270000000D00230114000C
002E00000010002A0114000C
00530000001600220115000C
00250000000E002401150014
002E00000011002E01150014
005300000016002701150013
00250000000D00230114001C
002E00000010002C0114001C
00530000001600240115001B
00240000000E002301150023
002E00000012002C01150023
005300000016002201150023
00240000000F00240114002E
003000000013002D0114002E
00530000001800270114002E
00270000000F002301130035
003000000013002C01130035
005100000019002401130034
00270000000E00220112003B
00300000001100290112003B
004F0000001600200112003B
00250000000E002201120041
003000000012002901120041
005100000018002201120041
00220000000E00240113004C
003000000012002E0113004C
00530000001B002D0113004C
00250000000B0022010E0053
00340000000F002A010E0053
004D000000190029010E0053
00240000000B0021010E005B
00340000000E0028010E005B
004D000000180029010E005B
00220000000F002401150065
003000000014002F01150065
00530000001E003201150065
00250000000F00240114006E
003200000013002E0114006E
00510000001B002D0114006E
00250000000E002301130074
003200000012002B01130074
005100000019002401140074
00250000000D002301140079
003000000011002D01140079
005100000019002901140079
00250000000E002401140084
003000000012002E01140084
005100000019002D01140084
00250000000E00240115008B
002E00000013002E0115008B
00510000001A002D0115008B
00250000000D002401160093
003000000011002E01160094
005300000018002D01160093
00250000000D00240116009C
003000000010002D0116009C
00530000001800290116009B
00290000000A0022011600A8
00320000000C0029011600A8
0051000000110027011600A8
0036000000070019011700AF
003A00000007001A011700AF
005100000008001A011700AF
003400000009001F011600B3
0034000000090023011600B3
004F0000000A001E011600B3
002C0000000D0021011400BA
00300000000F0027011400BA
004F00000013001E011400BA
00270000000C0021011300C0
00300000000E0026011300C0
0051000000140020011400C0
00240000000D0023011300CB
003000000012002D011300CB
00510000001A0029011400CA
00220000000E0024011500D4
0030000000130030011500D4
00530000001C0032011500D3
00240000000D0023011400DE
003200000012002D011400DE
00510000001A002B011500DD
00240000000D0023011500E4
003000000011002A011500E4
0051000000190024011500E3
00240000000D0024011500EA
003000000012002D011500EA
00530000001A002B011500EA
00220000000D0024011400F3
003000000012002E011400F3
00530000001C002D011400F2
00220000000D0024011400FB
003000000012002D011400FB
00530000001B002B011400FB
00220000000E002401150103
003000000013002E01150103
00530000001D003201150103
00220000000F00240114010C
00300000001300310114010C
00510000001D00340114010C
00240000000E002501130114
002E00000013003101130114
00510000001B003201140114
00240000000C00240110011C
003000000010002E0110011C
004F00000018002D0111011C
00240000000C002301100123
003200000010002B01100123
004F00000018002701100123
00240000000C00230113012B
003200000010002C0113012B
00510000001A002B0113012B
00220000000D002401140133
003000000013002E01140133
00510000001C003001140133
00220000000D00240115013C
003000000012002E0115013C
00530000001C002D0115013C
00220000000D002401140143
003000000012002E01140143
00510000001B003001140143
00220000000D00240115014B
003000000012002E0115014B
00530000001C00300116014B
00220000000E002401150154
003000000013002F01150154
00530000001C003201150154
00220000000D00240114015B
00320000001200300114015B
00510000001B00340114015B
00220000000E002401150163
002E00000013003001150163
00530000001C003201150163
00290000000D002201140171
003600000010002901140171
005100000016002701140171
002E0000000D001E01130176
00360000000F002001130176
004D00000011001A01130176
002A0000000D002101130179
00300000000F002601130179
004F00000013001E01130179
00270000000D002401130183
003000000010002D01120183
005100000016002901130183
00250000000E00240115018D
003000000011002D0115018D
005100000018002B0115018D
002C0000000B002101180194
00300000000C002601180194
005100000012002001180193
00270000000E00240114019B
003000000012002E0114019A
005100000019002B0115019A
00240000000E0024011401A5
003200000013002D011401A5
00510000001D002D011401A5
00270000000E0023011401AF
003400000012002B011401AF
0051000000170027011401AF
002A0000000F0021011401B4
0032000000120028011401B4
004D00000016001E011401B3
00270000000E0022011401B8
0030000000110029011401B9
0051000000160020011401B8
00240000000E0024011401C2
003000000013002E011401C2
00510000001B0030011401C2
00240000000E0024011501CD
003200000013002D011501CD
00530000001B002D011501CD
00250000000F0023011701D3
003000000013002D011701D4
00530000001B0027011701D3
00240000000E0024011401DB
003000000012002D011401DB
00510000001B002B011401DB
00240000000D0023011301E4
003000000012002C011301E4
00510000001A0029011401E4
00250000000C0022011201EC
00320000000F0029011201EC
004F000000150027011201EC
00250000000C0022011201F3
0030000000100029011201F3
0051000000150024011201F2
00250000000E0024011601FC
003000000013002D011601FC
0053000000190029011701FC
00270000000F002301170204
003000000013002C01170204
005300000019002701170204
00240000001000250114020C
002E0000001500300114020C
00510000001C002D0115020B
00240000000F002401130213
003000000014002E01130213
00510000001D002D01140213
00240000000F00240116021D
00300000001300300116021D
00530000001A00320116021C
00250000000E002401160224
002E00000011002E01160224
005300000018002B01160224
002A0000000E00240119022F
003200000011002D0119022F
00530000001600290119022F
00380000000B0018011B0234
00320000000C0019011B0234
00510000000E0016011B0234
002A0000000F002301170238
002E00000012002A01170238
005100000019002201170238
00220000000D002301130242
003000000013002D01130242
00510000001C002B01130242
00210000000E00240114024C
003000000013002E0114024C
00530000001D00300114024C
00240000000D002301160254
002E00000012002C01160254
005300000019002701160254
00240000000F00240115025C
003000000013002E0115025C
00530000001B00290115025C
00240000000F002301140265
003000000013002A01140265
005300000019002201140265
00250000000D00230114026B
003000000011002B0114026B
00510000001700240114026B
00290000000B002001140275
00320000000D002601140275
004F00000012001E01140274
002A0000000E001F0114027B
00300000001200230114027B
00510000001600180114027B
004000000008000801230004
003C00000007000801230004
005300000007000901230004
002E0000000D001F011E000B
00300000000E0023011E000B
004F000000130018011F000A
00270000000E0023011F0014
002E00000010002A011F0014
0053000000140020011F0014
00250000000E0023011D001B
002E00000011002C011D001B
0053000000170022011D001A
00240000000E0024011D0023
002E00000013002D011D0023
0053000000170024011D0023
00240000000F0024011D002B
002E00000013002D011D002B
00530000001A0027011E002B
00240000000F0024011B0033
002E00000013002E011B0033
00510000001A002B011C0032
00240000000D0023011D003C
003000000010002C011D003C
0051000000180029011D003C
002900000008001A01220043
00320000000A001C01220043
005300000012001C01220043
00220000000D0024011C004A
003000000012002D011C004A
00510000001C002D011C004A
00220000000D0024011C0053
003200000013002E011C0053
00530000001E0034011C0053
00220000000E0024011C005B
003000000014002F011D005B
00530000001F0036011D005B
00220000000F0024011C0064
0030000000150030011C0064
0053000000200032011C0064
00220000000F0024011B006C
0030000000140030011B006C
00510000001D0032011B006C
00240000000E0024011A0074
003200000012002E011A0074
00510000001B002D011B0074
00250000000D0024011C007C
003000000011002E011C007C
005100000019002B011C007C
00240000000E0024011C0084
003000000012002F011C0084
005100000019002D011C0084
00250000000E0024011C008C
003000000012002D011B008C
005100000019002B011C008C
00250000000D0023011B0094
003000000010002A011B0094
004F000000150024011B0093
00240000000D0022011B009B
0030000000100029011B009B
0051000000160022011B009A
00270000000C0022011900A6
00320000000E0029011900A6
0051000000120024011900A6
0034000000070015011900AE
003A000000080015011800AE
004F000000090015011800AE
0030000000080018011800B2
0034000000080019011800B2
004F000000090013011800B1
00270000000C0023011900BA
00300000000E002A011900BA
004F000000130024011900BA
00240000000D0023011F00C3
003000000011002C011F00C3
005300000019002B011F00C3
00220000000D0023011C00CC
003000000012002D011C00CC
00510000001C002B011C00CC
00220000000E0024011C00D3
003000000013002D011C00D3
00530000001C002D011D00D2
00220000000E0024011D00DD
003000000013002F011D00DD
00530000001C0032011D00DD
00290000000D0023011F00E6
003200000010002B011F00E6
0051000000170029011F00E6
002A0000000C0023011F00EC
00300000000D002B011F00EC
0051000000130027011F00EB
00270000000C0023011E00F1
00300000000E002B011E00F1
0051000000150027011E00F1
00240000000E0024012000FB
002E00000013002D012000FC
00530000001C002D012000FB
00240000000F0024011E0103
003000000013002F011E0103
00530000001E0032011E0103
00220000000F0024011E010B
003000000013002F011E010B
00530000001C0030011E010B
00240000000E0024011E0115
003000000012002F011E0115
00530000001A0030011E0114
00250000000F0024011E011E
003000000013002E011E011E
00530000001B002D011F011E
00290000000E0024011F0125
003200000012002D011F0125
005300000017002B011F0125
00290000000E00240120012B
003000000012002E0120012B
005300000019002D0120012A
00240000000E0024011D0132
003000000013002F011D0132
00510000001C0030011D0131
00220000000F0024011E013B
003000000014002E011E013B
00530000001E002D011E013B
00220000000E0024011C0143
003000000014002E011C0143
00530000001F0030011D0143
00240000000D0024011C014C
003000000012002D011C014C
00530000001B002D011C014B
00220000000E0024011C0153
003000000013002E011C0153
00530000001E0030011C0153
00220000000F0024011C015C
0030000000140030011C015C
00530000001F0032011C015B
00240000000E0024011D0164
003000000013002F011D0164
00530000001D0030011E0163
00240000000D0024011B016D
003000000012002E011B016D
00510000001B0032011B016D
00250000000B002101180174
00320000000E002801180174
004F00000015002201180174
00250000000B0023011A017B
00300000000E002B011A017B
0051000000160029011A017B
00240000000C0023011A0184
003200000010002D011A0184
005100000018002D011B0184
00290000000B0020011A0190
00360000000E0024011A0190
004F000000130020011A018F
002A0000000B001E011A0193
00340000000E0020011A0193
004F00000011001A011A0192
00250000000D0023011B0198
003000000010002C011B0198
0051000000150027011B0198
00220000000E0024011B01A3
003000000013002E011B01A3
00530000001D0032011C01A3
00240000000D0023011801AC
003200000011002D011801AC
004F0000001B0030011801AC
00270000000A001F011701B4
00340000000D0024011701B4
004D000000130020011701B4
00250000000C0021011901BA
0032000000100028011901BA
0051000000170022011901BA
00220000000D0024011D01C2
003000000013002E011D01C3
00530000001B0030011D01C2
00250000000D0023011C01CF
003400000012002B011C01CF
00510000001A002B011C01CF
00250000000D0021011B01D3
0032000000120029011B01D3
0051000000180022011C01D3
00240000000D0023011C01D9
002E00000012002D011C01D9
00530000001A002B011D01D9
00220000000D0024011C01E3
003000000012002D011C01E3
00530000001C002D011D01E3
00240000000D0024011C01EC
003000000012002E011C01EC
00510000001A0030011C01EC
00250000000C0023011C01F6
003200000010002B011C01F6
0051000000170029011C01F5
00270000000D0023011B01FE
003200000010002A011B01FE
0051000000160024011B01FD
00270000000D0021011B0203
0030000000110028011B0203
005100000015001E011B0203
00240000000E0024011C020A
002E00000013002D011C020A
00510000001A0029011C0209
00220000000F0024011D0214
0030000000140030011D0214
00530000001C0030011D0214
00250000000E0024011B021E
003000000012002D011B021E
005100000019002B011B021E
00250000000F0024011C0225
003000000013002E011C0225
00510000001A0029011C0225
00320000000E0020011B0231
00380000000E0024011B0231
004B0000000E001E011B0230
00360000000F001D011B0234
003800000010001F011B0234
004B0000000F0016011B0233
00300000000C001E011C0236
00300000000D001F011C0236
00510000000E0018011C0236
00220000000E0024011C0241
002E00000013002D011C0241
00530000001A002B011C0240
00220000000D0024011D024C
003000000012002D011D024C
00530000001B002B011D024B
00240000000D0023011C0254
003000000012002C011C0254
00530000001A0029011C0254
00240000000E0023011C025C
003000000013002B011C025C
0053000000190024011C025C
00240000000D0023011B0263
003000000010002D011B0263
0051000000170029011C0263
00250000000D0024011C026D
003000000010002E011C026D
0051000000150029011C026C
002A0000000C0021011D0274
00300000000E0027011D0274
004F00000012001E011D0274
002E0000000D0018011A027A
00320000000F001A011A027A
004D000000130013011A027A
003E0000000B000A01240005
004100000009000901240005
004F00000008000801240005
004300000009000801240006
004000000008000801240006
005300000008000701250006
00290000000D002301240013
002E00000010002A01230013
005100000012001E01240013
00250000000D00230124001A
002E0000000F002A0124001A
00530000001300200124001A
00240000000D002301240024
003000000011002C01240024
005300000015002201240023
00240000000E00230125002C
003000000012002A0125002C
00530000001700200125002C
00240000000D002401250033
003000000012002D01250033
005300000019002B01250032
00270000000B001F0123003F
00360000000F00240123003F
00510000001600220124003F
00270000000A001B01220043
00360000000E001D01220043
005100000014001801220043
00240000000B002001240047
00300000000F002501240047
005100000016002001240047
00210000000E002401240052
003200000014002F01240052
005300000020003601240052
00210000000F00240125005B
003200000015002E0125005B
00530000002100360125005B
00210000000F002401240064
003000000014002F01240064
00530000001F003401240064
00220000000E00240123006C
003200000013002E0124006C
00510000001D00320124006C
00240000000E002301240074
003000000013002C01240074
00530000001B002901240074
00240000000D00230124007B
003000000012002C0124007B
00510000001900270124007B
00250000000C002101280084
002E00000010002801280084
005300000017002201290083
00240000000D00230123008B
003000000010002D0123008B
00510000001800290123008B
00240000000D002301240093
003000000011002D01240093
005100000019002B01240093
00220000000D00230125009B
003000000011002C0125009B
00530000001A00290125009B
00220000000D0024012600A3
003000000011002E012600A3
00530000001A002D012600A3
00220000000C0024012400AD
003000000010002D012400AD
00530000001A002D012400AD
00250000000D0023012600B4
003000000010002B012600B4
0053000000190029012600B4
00240000000E0024012500BC
003000000013002E012500BC
00510000001C002D012600BC
00250000000D0023012400C3
003000000011002B012400C3
0051000000180024012400C3
00240000000E0024012700CB
002E00000013002F012700CB
00530000001C0030012700CB
00240000000F0024012700D4
003000000015002F012700D4
00530000001E0030012700D4
0024000000100025012500DD
0030000000150031012500DD
00530000001D0034012500DD
00290000000E0023012200E6
0032000000120029012200E6
004F000000160022012200E5
00290000000D0021012200EB
0032000000100027012200EB
004F00000013001E012200EB
00250000000F0024012400F3
003000000013002E012400F3
005100000019002B012400F3
00240000000F0023012400FC
003200000013002D012400FC
00510000001B0027012400FC
00240000000E002401240102
003000000013002E01240102
00510000001B002D01240102
00240000000F00240124010C
00300000001300300124010C
00510000001D00340124010C
00250000000D002401240116
003000000011002E01240116
005100000019003001250115
00270000000D00240124011D
003000000010002D0124011D
00510000001700290124011C
00290000000E002401230126
003200000011002D01230126
004F00000017002B01230126
00270000000F00240123012C
003000000013002E0123012C
005100000019002B0124012B
00250000000F002501250133
003000000013003101250133
00510000001A003201250133
00240000000F00240126013B
003000000013002D0126013B
00530000001C00290126013B
00240000000E002401240140
003000000013002E01250140
00510000001D002B01250140
00210000000E00240124014B
00320000001300310124014B
00530000001F00360124014B
00240000000F002501270155
003200000015003101270156
00530000001E003401270155
00290000000F00240129015D
003000000013002E0129015D
00530000001A00300129015D
002A0000000F002401290164
002E00000013002E01290164
00530000001A002B01290164
00270000000D00240126016A
002E00000011002E0126016A
00510000001A002B0127016A
00220000000E002401240173
003000000013002E01240173
00530000001D003001240173
00240000000E00240125017B
003000000013002F0125017B
00530000001D00320125017B
00220000000E002501240184
003000000013003101240184
00530000001D003601250184
00220000000D00240124018C
003000000013002F0124018C
00530000001D00320124018B
00240000000D002301220194
003200000010002D01220193
005100000018002B01220193
00250000000C00230127019C
003000000010002B0127019C
00530000001800290127019C
00240000000D0024012601A3
003000000012002E012601A3
00530000001B002D012601A3
00240000000D0024012401AB
003000000011002E012401AB
00510000001A0030012401AB
00240000000C0023012501B4
003000000010002C012501B4
005300000019002B012601B4
00220000000D0023012401BB
003000000011002D012401BB
00530000001A002B012501BB
00220000000E0024012401C3
003000000013002E012401C3
00530000001E002D012401C3
00220000000D0024012401CC
003000000013002E012401CC
00530000001E0032012401CC
00240000000D0024012201D4
003000000012002D012201D4
00510000001B002D012301D4
00240000000D0024012501DD
003000000011002D012501DD
005300000019002B012501DC
00250000000D0023012601E3
003000000011002C012601E3
0053000000190029012601E3
00220000000E0024012601EA
002E00000012002F012601EA
00530000001A0030012601E9
00220000000E0024012501F5
003000000013002E012501F5
00530000001B002D012501F4
00270000000B0021012901FC
00300000000E0027012901FC
0053000000140022012901FC
00250000000D002201270203
00300000000F002901270203
005100000016002201270203
00240000000D00230124020C
003000000011002C0124020C
00510000001A00270124020B
00240000000D002401240213
003000000012002D01240213
00530000001A002B01240213
00220000000E00240123021B
003000000012002F0123021B
00530000001A002D0123021B
00240000000E002401220225
003200000012002D01220225
005100000019002B01220225
002A0000000A0020011E022E
00340000000C0023011E022E
004D00000010001E011E022E
003200000009001A011E0234
003600000009001C011D0234
004B0000000B0018011D0233
00270000000A00200120023A
00320000000D00240120023A
004F00000014001E0120023A
00220000000D002401240243
003000000012002D01240243
00530000001C002D01250243
00220000000E00240125024B
003000000013002E0125024B
00530000001E002D0125024B
00220000000E002401250254
003000000013002E01250254
00530000001C002B01250253
00220000000D00240124025B
003000000012002D0124025B
00530000001A002B0124025B
00240000000E002401260264
003000000012002E01260264
00530000001A002B01260264
00290000000C00220127026E
00320000000E00280127026E
00510000001200200127026E
002E0000000D001F01270274
00300000000F002201270274
004D00000010001801270274
002E0000000E002001270279
002E0000001000240127027A
005100000014001A01270279
004100000008000701260004
004300000008000701260004
004D00000007000701260004
00300000000B00180127000A
00320000000B00190127000A
004D0000000C001201270009
00270000000D0024012A0013
002E00000010002D012A0013
0051000000130022012A0013
00270000000D0023012D001D
003000000010002A012D001D
0053000000140020012D001D
00270000000E0023012E0024
002E00000011002C012E0024
0053000000150022012E0023
00250000000F0024012D002B
002E00000013002D012D002B
0053000000180024012D002B
00220000000E0024012C0032
003000000013002D012C0032
00530000001B0029012C0032
00240000000D0024012D003B
003000000012002D012D003B
00530000001A002B012D003B
00240000000C0022012B0043
003400000010002A012B0043
00510000001A0029012B0042
00240000000D0023012F004B
003200000012002C012F004B
00530000001B0030012F004A
00220000000F0024012F0053
0032000000150030012F0053
0053000000200036012F0053
00220000000F0024012D005B
003200000014002F012D005B
0053000000200034012D005B
00210000000E0024012C0063
003000000013002F012C0063
00510000001F0034012C0062
00210000000D0024012B006C
003200000013002E012B006C
00510000001E0032012C006C
00240000000D0023012C0074
003000000012002C012C0074
00510000001B002B012C0074
00250000000A0020012C007F
00340000000E0026012C007F
0051000000160024012D007E
00270000000A001F012C0083
00320000000D0022012C0083
005100000013001C012C0083
00240000000C0021012C0088
002E0000000F0029012C0088
0051000000170024012C0088
00220000000C0023012D0094
003000000010002D012D0094
005300000019002B012D0094
00240000000D0023012D009C
003000000011002C012D009C
0053000000190029012D009C
00240000000D0024012F00A4
003000000012002E012F00A4
00530000001A002D012F00A3
00270000000A0020013100AC
00300000000D0025013100AC
0053000000150022013100AC
00250000000E0023012C00B4
003000000012002D012C00B4
00510000001B0029012C00B4
00250000000D0023012B00BB
003000000010002C012B00BB
0051000000170029012C00BB
00240000000E0024012C00C4
003000000012002F012C00C4
00510000001A0030012C00C4
00240000000F0024012C00CD
003000000013002E012C00CD
00510000001C002D012C00CD
00250000000F0024012C00D4
003000000014002E012C00D4
00510000001B002B012C00D4
0024000000100025012D00DB
002E000000150031012D00DB
00530000001C0030012D00DB
00250000000E0024012C00E3
003000000012002E012C00E3
00510000001A0030012C00E3
00240000000D0023012B00EC
003000000010002D012B00EC
005100000018002D012B00EB
00240000000D0023012C00F3
003000000012002B012C00F3
0053000000190027012C00F3
00240000000E0024012C00FA
003000000012002E012C00FA
00510000001A002D012C00FA
00240000000E0024012C0104
003000000013002F012C0104
00510000001B0030012D0104
00240000000E0024012C010C
003000000013002E012C010C
00510000001C0030012C010C
00250000000D0024012B0114
003000000011002D012B0114
005100000018002B012B0114
00250000000D0024012B011E
003200000010002D012B011E
005100000016002B012B011D
00290000000D0023012D0125
00300000000F002B012D0125
0051000000140027012D0124
00270000000F0024012B012B
003000000013002F012B012B
005100000018002D012B012B
00270000000E0024012C0134
003200000012002D012C0134
00510000001A002B012C0133
00250000000D0021012A0139
0032000000130027012A0139
004F0000001A0020012A0139
00210000000F0024012C0141
0030000000150030012C0141
0053000000200034012C0141
00220000000F0024012D014C
0030000000150031012E014C
0053000000200036012E014C
00250000000F0024012D0157
0032000000150030012D0157
00530000001D0032012D0157
002A0000000F0023012C015F
003400000012002A012C015F
004F000000160024012C015F
002E0000000E0023012C0167
00320000000F002A012C0167
004F000000130024012C0167
00300000000C0021012E016B
00300000000E0026012E016B
004F00000010001E012E016B
00290000000C0023012D0170
00300000000E002B012D0170
0051000000140027012E016F
00240000000E0024012D017B
0030000000130030012D017B
00530000001D0034012D017A
00220000000D0024012E0184
0030000000120030012E0184
00530000001C0034012F0184
00240000000D0024012C018C
003200000012002D012C018C
00510000001C002D012C018B
00240000000D0024012C0194
003200000012002E012C0194
00530000001B0030012D0194
00250000000D0024012C019D
003200000012002D012C019D
005100000019002B012C019D
00250000000D0024012D01A3
003000000012002D012D01A4
00510000001A002B012E01A3
002A0000000B0021013101AC
00300000000E0028013101AC
0051000000140024013101AB
00270000000D0024012F01B4
003000000011002D012F01B4
0051000000180029012F01B3
00240000000E0024012D01BA
002E00000012002D012D01BA
00530000001A0029012D01BA
00220000000E0024012D01C3
003000000013002F012D01C3
00530000001E0032012D01C3
00220000000E0024012D01CC
003000000013002F012D01CC
00530000001D0032012E01CC
00220000000E0024012E01D4
003000000013002E012E01D4
00530000001C002D012E01D3
00240000000F0024012D01DC
003000000013002E012D01DC
00510000001B002B012D01DC
00240000000E0023012B01E4
003000000013002B012B01E4
00510000001A0027012B01E4
00240000000E0024012D01EB
003000000013002E012D01EB
00510000001A002B012D01EB
00250000000C0023012C01F7
00320000000F002B012C01F7
005100000017002B012D01F6
002A0000000B0020012B01FE
00340000000D0025012B01FE
004F000000120020012B01FE
002A0000000A001F012B0201
00320000000B0022012B0201
004F0000000F001A012B0201
00240000000D0023012D020A
002E00000010002D012D020A
0053000000170027012D020A
00240000000E0024012D0212
003000000012002D012D0212
0051000000190029012D0212
00220000000E0024012D021B
003000000013002E012D021B
00530000001C002B012D021B
00210000000F0024012D0223
003000000014002E012D0223
00530000001E0030012D0223
00220000000D0024012B022C
003000000013002E012B022C
00510000001B002D012B022B
00240000000D0023012E0234
003000000010002D012E0234
005300000019002B012E0234
00240000000D0024012D023C
003000000010002D012D023C
005300000019002D012E023B
00240000000E0024012E0243
003000000013002E012E0243
00530000001B002B012F0243
00240000000D0023012D024B
003000000011002C012D024B
0053000000190029012D024A
00220000000E0024012E0253
003000000013002D012E0253
00530000001B002B012E0253
00220000000E0024012D025C
003000000012002E012D025C
00530000001A002D012D025B
00250000000C0021012C0267
0034000000100029012C0267
0051000000160024012C0267
00270000000C0021012B026D
00320000000F0026012B026D
005100000012001E012B026C
00320000000A001B012A0273
00340000000B001D012A0274
004D0000000E0016012A0273
002E0000000C001A012A0279
00320000000E001B012A0279
004F0000000F0013012A0279
00270000000C002001310004
00300000000E002401310004
004F00000014001E01320004
00250000000B00200131000C
00300000000D00260131000C
005100000012001E0131000B
00250000000D002301340014
002E0000000F002C01340014
005300000015002401340013
00250000000E00230134001D
003000000011002B0134001D
00510000001600220134001D
00270000000E002301330024
002E00000012002A01330024
005100000015001E01340024
00250000000F00240134002B
002E00000013002D0134002B
00530000001600220134002B
00240000000D002301340032
002E00000011002C01340032
005300000018002701340032
00220000000E00230135003B
002E00000013002D0135003B
00530000001B002B0135003B
00220000000D002401330044
003200000012002D01330044
00510000001B002D01330044
00220000000D00230133004B
003000000012002D0133004B
00530000001C002D0133004B
00220000000E002401350054
003000000013003001350054
00530000001F003401350054
00240000000D00240136005B
003200000012002D0136005B
00530000001D00300136005A
00220000000E002401350062
003000000013003001350062
00530000001E003401360062
00220000000E00240135006C
003000000013002F0135006C
00530000001E00340135006B
00220000000E002401340073
003000000013002E01340073
00510000001E003201340073
00240000000D00240134007C
003200000011002F0134007C
00510000001A00340134007C
00250000000D002101360084
003200000011002801360084
005100000019002001360084
00250000000E00240136008B
003000000012002D0136008B
00530000001A00290136008B
00250000000E002401370095
003000000013002E01370095
00530000001A002D01370095
00250000000F00240136009C
003000000013002E0136009C
00530000001A002B0136009C
00250000000F0023013400A6
003200000013002C013400A6
00510000001B0029013400A6
00270000000B001E013300AC
00340000000F0021013300AC
005100000015001C013300AB
00250000000C0020013300B0
00300000000F0025013300B0
005100000015001E013400AF
00240000000E0024013300BC
003000000012002F013300BC
00510000001B0032013300BC
00250000000D0023013300C3
003000000010002A013300C3
0051000000180027013300C3
00240000000E0024013400CC
002E00000012002E013400CC
00530000001A002D013400CB
00250000000F0024013300D5
003000000013002D013300D5
00510000001A0029013400D5
00270000000F0024013500DD
003000000012002E013500DD
005100000019002B013500DD
00270000000D0024013700E4
003000000010002D013700E4
005100000017002B013700E3
00250000000D0024013400EB
003000000012002E013400EB
00510000001A002D013400EB
00240000000E0024013600F5
003000000013002E013600F5
00530000001A002B013600F4
00270000000C0022013800FC
00300000000F0029013800FC
0053000000160024013800FC
00250000000D002401370102
002E00000011002E01370102
00530000001A003001370102
00240000000D00240134010B
003000000010002D0134010B
005100000019002D0134010A
00240000000C002301330113
003000000011002D01330113
00510000001A002D01340113
00250000000C00220131011D
00320000001000290131011D
004F0000001700270131011D
00250000000D002201310124
003200000010002901310124
004F00000015002201310124
00240000000F00240133012C
003000000013002E0133012C
00510000001A002B0133012C
00240000000F002401330134
003200000013002D01330134
00510000001B002901330134
00240000000E002401340139
003000000013002E01340139
00530000001C002D01340139
00220000000F002401360144
003000000014003101360144
00530000001F003801370144
00220000000F00240136014B
00320000001500310136014B
00530000002000360137014B
00220000000F002401330154
003200000014003001330154
00510000001F003601330154
00250000000D00240130015C
003200000011002E0130015C
004F0000001A00300130015C
002E0000000B002001300167
00340000000C0023012F0167
004D00000010001E01300167
002E0000000A001C0130016C
00340000000C001E0130016C
004D0000000E00180130016B
00250000000D002401330170
00300000000F002D01320170
005100000016002B01320170
00240000000D00240135017C
003000000011002E0135017C
00510000001B00300135017C
00240000000D002401350183
003000000012002D01350183
00530000001B002D01350183
00220000000D00240134018A
003000000012002E0134018A
00510000001C00300134018A
00240000000D002401350194
003000000012002D01350194
00530000001C002B01360194
00240000000D00240135019C
003000000011002D0135019C
00530000001A002B0135019C
00270000000C0021013301A7
0034000000100029013301A7
0051000000160024013401A7
00290000000C0020013301AD
00340000000F0024013301AD
004F00000013001E013301AC
00290000000B001F013301B1
00320000000E0024013301B1
004F00000012001E013301B1
00240000000E0023013401B9
002E00000012002C013401B9
0051000000190027013401B9
00220000000E0024013501C3
003000000013002F013501C3
00530000001D0032013501C3
00240000000E0024013601CC
003000000013002E013601CD
00530000001C0030013601CC
00270000000E0023013701D6
003000000012002C013701D6
0051000000170029013701D5
00290000000D0023013701DC
003000000010002B013701DC
0051000000140024013701DC
00250000000E0024013501E2
002E00000012002D013501E2
0051000000190029013601E2
00240000000E0024013401EB
002E00000013002D013401EB
00510000001B0029013401EB
00240000000D0024013401F4
003000000012002D013401F4
00530000001A0029013401F3
00240000000B0023013101FB
00320000000E002A013101FB
004F000000160027013101FB
00240000000C002301320204
003200000010002C01320204
005100000018002901320204
00240000000D00210133020C
00320000001100280133020C
00510000001900220133020B
00220000000D002201330210
003000000011002901330210
005100000019002701330210
00220000000D00240135021C
003200000012002E0135021C
00530000001C00320135021C
00240000000D002301380224
003000000012002C01380224
00530000001A002901380224
00250000000E00240137022D
003000000012002E0137022D
00530000001A002D0137022D
00250000000E002401370234
003000000012002E01370234
00510000001A002B01370234
00240000000F00240134023B
00300000001300300134023B
00510000001C00300135023B
00240000000D002301340242
003000000012002B01340242
00510000001A002701340242
00220000000E00240134024B
003000000013002E0134024B
00530000001B00300134024B
00240000000D002301350254
003000000012002D01350254
005300000019002701350254
00240000000D00240136025D
003000000012002E0136025D
005300000018002B0136025D
00270000000D002301380264
002E00000010002B01380264
005300000016002401380264
00250000000D00230132026B
00300000000F002C0132026B
004F0000001600270133026B
00270000000A002101310274
00300000000B002701310274
004F0000000F001E01310273
00270000000C001F0132027B
00320000001000230132027B
004F00000015001C0133027A
00290000000C001E01410004
00300000000E002101410004
005300000013001A01410004
00240000000E0023013C000B
002E00000011002B013C000B
0053000000180022013D000B
00250000000D0023013E0016
003000000010002B013E0016
0053000000150024013E0015
00290000000B001F013F001D
00300000000C0023013F001D
005100000010001A013F001C
00270000000D0023013E0022
002E000000100029013E0022
005100000015001E013E0022
00270000000D0023013E002C
002E00000010002C013E002C
0053000000140022013E002C
002E00000007001801410035
003200000008001901410035
00510000000C001801410035
00290000000B0021013F003A
00300000000D0028013E003A
005100000013001E013F0039
00250000000D0023013D0042
003000000010002C013D0042
0051000000180029013D0042
00220000000E0024013E004C
003000000013002F013E004C
00530000001C0032013E004C
00220000000E0024013D0054
003200000013002E013D0054
00530000001D0032013D0053
00220000000E0023013B005A
003200000013002C013B005A
00510000001E002D013B005A
00220000000E0024013D0064
0030000000130030013D0064
00530000001E0034013D0064
00220000000E0024013D006B
003000000013002E013D006B
00530000001E0030013D006B
00220000000E0024013C0072
003000000013002E013C0072
00530000001E0032013C0072
00240000000D0023013C0080
003400000012002D013C0080
00510000001A0030013C0080
00270000000D0021013B0085
0032000000110026013B0085
005100000017001E013C0085
00270000000D0023013C008A
003000000010002A013C008A
0051000000150022013C008A
00270000000F0024013C0095
003000000013002E013C0095
004F000000190029013C0095
0025000000100024013C009B
002E00000015002E013C009B
00510000001B0027013C009A
00240000000F0024013B00A1
003000000013002E013B00A1
00510000001C002D013B00A1
00220000000E0024013A00AB
003000000013002D013A00AB
00510000001C002D013B00AB
00220000000E0024013D00B4
003000000013002E013D00B4
00530000001D002D013E00B4
00240000000E0024013D00BD
0030000000130031013D00BD
00530000001C0032013D00BD
00270000000D0024013F00C5
003000000011002E013F00C5
005300000018002D013F00C5
00270000000D0023013E00CC
003000000010002D013E00CC
0051000000170027013E00CC
00270000000D0023013C00D3
00300000000F002B013C00D3
0051000000150024013C00D3
00250000000D0024013B00DD
003000000011002E013B00DD
005100000018002D013B00DD
00270000000C0023013A00E4
00300000000F002A013A00E4
004F000000140027013A00E3
00240000000D0024013C00EB
002E00000011002F013C00EB
0053000000180030013C00EA
00250000000D0023013B00F6
0032000000100029013B00F6
0051000000170027013C00F5
00270000000C0021013A00FC
00320000000E0029013A00FC
004F000000130022013A00FC
00250000000C0022013B0102
00300000000F0029013B0102
004F000000160027013B0102
00240000000D0024013D010B
003000000011002E013D010B
005300000019002D013D010B
00240000000D0023013D0113
003000000011002D013D0113
00530000001A002B013D0113
00220000000D0024013C011B
003000000011002E013C011B
00510000001B002D013C011B
00240000000C0023013B0124
003000000010002C013B0124
005100000019002B013B0124
00220000000D0024013B012B
002E00000012002E013B012B
00510000001C002D013B012B
00240000000E0024013B0134
0030000000130030013B0134
00510000001C0034013B0134
00240000000E0024013D013B
003000000013002F013D013B
00510000001D0030013E013B
00220000000F0024013C0144
0032000000150031013C0144
0053000000210036013D0144
0022000000100024013D014B
003200000016002F013D014B
0051000000200032013D014B
00240000000F0024013F0153
003200000014002E013F0153
00530000001E0030013F0153
00220000000D0024013E015A
003000000012002E013E015A
00510000001C002D013E015A
00240000000B0023013C0164
00300000000E002D013C0164
005300000017002B013C0164
00250000000B00210140016B
00300000000E00260140016B
00530000001500200141016B
00220000000D0023013B0173
003000000012002D013B0173
00510000001B002B013B0173
00220000000F0025013D017D
0030000000130031013D017D
00530000001E0036013D017D
00240000000F0024013F0184
003000000013002F013F0184
00530000001C0030013F0184
00240000000E0024013E018C
003000000013002F013E018C
00530000001C0030013E018C
00250000000F002401400194
003000000013002E01400194
00530000001B002B01400194
00250000000E0024013E019B
003000000012002D013E019B
00510000001A0029013E019A
00240000000D0024013D01A4
003000000010002D013D01A4
0051000000180029013D01A4
00270000000C0022013E01AB
00300000000F0029013E01AB
0051000000160022013E01AB
00250000000C0022013D01B2
00300000000F0029013D01B2
0051000000160024013D01B2
00220000000D0023013C01BB
003000000012002A013C01BB
00530000001B0027013C01BB
00210000000D0024013C01C2
003000000013002E013C01C2
00510000001E0032013C01C2
00220000000E0024013B01CD
003200000013002E013B01CD
00510000001D0032013B01CD
00270000000D0023013A01D6
003200000011002A013A01D6
004F000000170024013A01D6
00270000000D0023013A01DB
0030000000100029013A01DB
004F000000150022013A01DB
00250000000E0023013B01E3
003000000012002D013B01E3
0051000000180029013B01E2
00240000000E0024013D01EA
002E00000013002D013D01EA
00530000001B0029013D01EA
00240000000D0023013D01F4
003000000011002D013D01F4
005300000018002B013D01F3
002A00000008001B014101FC
003200000009001D014101FC
005100000010001C014101FC
00250000000D0023013F0201
003000000010002A013F0201
0051000000170024013F0201
00220000000D0023013B020B
003000000012002C013B020B
00510000001C002B013B020A
00220000000D0024013D0213
003000000012002D013D0213
00530000001B002D013D0213
00220000000E0024013C021C
003000000013002E013C021C
00510000001C0030013C021C
00240000000D0023013B0223
003000000012002B013B0223
00510000001A0027013B0223
00240000000F0024013C022D
003000000013002F013C022D
00510000001B0030013B022C
00250000000E0024013B0234
003000000013002D013B0234
00510000001A0029013B0233
00240000000D0024013C023B
003000000012002F013B023B
00510000001A0030013C023A
00220000000D0024013C0243
003000000012002E013C0243
00530000001A002B013D0243
00220000000D0024013D024A
003000000012002E013D024A
00530000001B002D013D024A
00240000000E0024013D0253
003000000012002E013D0253
00530000001A002B013D0253
00250000000E0024013C025F
003200000013002E013C025F
005100000018002B013C025F
00270000000E0022013B0264
0030000000120029013B0264
0051000000170020013B0264
00250000000E0024013C026A
002E00000011002E013C026A
0051000000160029013C026A
00270000000D0023013E0274
00300000000F002C013E0274
0051000000150024013E0273
00270000000E0022013D027C
0030000000120029013D027C
0051000000170020013E027C
00290000000D001E01440004
00300000000F002001440004
005100000013001801440004
00270000000C002101440009
002E0000000F002601440009
005100000014001E01440009
00290000000C002101430017
00320000000E002701430017
005100000011001E01430017
002A0000000C001F0143001E
00320000000E00210143001E
00510000000E00160143001E
002A0000000C002001440022
00300000000E002601440022
00510000000F001C01440022
002A0000000C002101440030
00340000000E002701440030
00510000000F001E0144002F
002E00000009001801420036
003600000009001901420036
004F0000000C001301420035
003000000007001101430037
003400000008001101430037
004F00000009000E01430037
00220000000D002401430042
003000000012002E01430042
00510000001A003001430041
00240000000E00240144004C
003000000013002D0144004C
00530000001C002D0144004C
00220000000E002401430053
003000000013002E01430053
00510000001D003201430053
00220000000D00240144005B
003000000013002D0144005B
00510000001D00300144005B
00240000000D002301470064
003000000012002D01470064
00530000001B002B01470064
002E000000080015014A006C
0032000000090015014A006C
00510000000F0016014B006B
00240000000D002401440072
003000000011002E01440072
00510000001E003001440071
00220000000E00240145007D
003000000013002F0145007D
00530000001E00340145007C
00250000000D002301440084
003200000011002B01440084
005100000018002701440084
00250000000E00240145008B
003000000012002D0145008B
00530000001900290145008B
00250000000E002401430094
003000000013002E01430094
00510000001A002D01440094
00240000000E00240143009B
003000000012002D0143009B
00510000001B002B0143009A
00220000000D0023014400A2
003000000012002D014400A2
00530000001C0030014400A2
00220000000D0023014500AC
003000000012002D014500AC
00530000001C002D014500AC
00220000000E0024014400B3
003000000013002E014400B3
00530000001E0030014400B3
00240000000E0024014400BE
003200000013002F014400BE
00510000001B0032014500BE
00250000000E0023014300C5
003200000012002D014300C5
004F000000190029014400C5
00270000000D0023014300CB
003000000010002A014300CB
004F000000150022014300CB
00270000000C0023014500D4
00300000000F002B014500D4
0051000000130027014500D3
00290000000B0023014800DC
00300000000C0029014800DC
0051000000120024014800DC
002E000000060016014A00E4
0032000000070016014A00E4
00530000000D0015014B00E3
00250000000D0024014400EB
002E00000010002D014400EB
0051000000180027014400EA
00240000000D0024014400F3
003000000011002D014400F3
005300000019002D014500F3
00240000000C0023014400FB
003000000010002D014400FB
005100000019002B014400FB
00240000000D002401440104
003000000011002E01440104
005100000019003001450104
00250000000C00230146010D
003000000010002D0146010D
005300000018002B0146010C
00240000000D002301450112
003000000010002C01450112
005100000019002701450112
00220000000D00240145011B
003000000012002E0145011B
00530000001A002B0146011A
00270000000C002301470125
00320000000F002A01470125
005100000017002B01470125
00290000000C00210148012B
00300000000E00280148012B
00510000001500220148012B
00250000000E002401450133
002E00000012002F01450133
00510000001A003001450133
00240000000D00240145013C
003000000012002E0145013C
00530000001B002D0145013C
00220000000E002401450144
003000000013002F01450144
00530000001D003201450144
00220000000E00240144014C
003200000013002E0144014C
00510000001C00300144014C
00240000000D002101440154
003200000012002901440154
00510000001A002401440154
00240000000C00220144015A
003000000010002A0144015A
005100000018002701440159
00240000000B002301440167
00340000000F002B01440166
005100000018002D01440166
00270000000B00200143016B
00320000000E00260143016B
00510000001500200144016B
00220000000C002301450171
003000000010002D01450171
005300000018002B01450171
00250000000E002501460180
003200000012003001460180
00530000001A003401460180
00290000000E002401460187
003000000012002F01460187
005100000018002D01460186
003C00000009001A01480190
003E00000008001B01480190
00510000000A001E0148018F
003E00000009001601480192
003A00000008001601480192
004D00000009001301480191
00340000000A001801460195
00300000000A001901460195
00510000000C001201460195
00240000000E0024014301A3
003000000012002D014301A3
0051000000180029014301A3
00250000000B0021014201AB
00320000000F0027014101AB
0051000000160020014201AB
00220000000D0024014301B2
003000000012002E014301B2
00510000001A002D014301B2
00220000000D0024014501BB
003000000012002E014501BB
00530000001C0030014501BB
00210000000F0024014601C3
003000000015002F014601C3
0053000000200034014601C3
00210000000F0024014501CB
003000000014002F014501CB
00530000001F0034014501CB
00220000000D0024014201D4
003000000012002D014201D4
00510000001B0030014301D4
00240000000D0023014601DC
003000000012002A014601DC
00510000001A0029014601DC
00220000000D0023014401E2
003000000012002D014401E2
00510000001C002B014501E2
00240000000D0023014401EC
003000000013002C014401EC
00510000001B0029014401EB
00240000000C0023014401F6
003200000010002B014401F6
005100000019002B014401F5
002900000009001B014201FC
00340000000C001C014201FC
004F000000120018014301FC
00270000000B001D014301FF
00320000000E001F014301FF
004F00000013001A014301FF
00220000000D00230145020A
003000000012002D0145020A
00530000001A002B0145020A
00210000000E002401450213
003000000013002E01450213
00530000001D002D01450213
00220000000D00240144021B
003000000012002E0144021B
00530000001C00300144021B
00220000000D002401440224
003000000012002D01440224
00510000001B003001440223
00220000000D00230145022C
003000000012002C0145022C
00530000001B002B0145022C
00240000000D002301440233
003000000011002B01440233
005100000019002901440232
00240000000D00240144023C
003000000011002E0144023C
00530000001A00320145023B
00220000000D002401470244
003000000013002D01470244
00530000001C002D01480244
00220000000E00240145024B
003000000013002F0145024B
00530000001D00300145024B
00240000000D002401450254
003000000011002D01450254
005300000018002901450254
00240000000D00240144025C
002E00000011002D0144025C
00530000001800290144025C
00250000000D002401440264
003000000010002D01440264
005300000017002701440264
00270000000C00230147026C
00300000000F002C0146026C
00530000001400270147026C
00290000000D002301450274
00300000000F002A01450274
005100000014002201460274
00290000000F00210146027B
00300000001300280146027B
005100000017001E0146027B
002A0000000D001F014C0006
00320000000F0021014C0006
0051000000110016014D0006
00320000000700160150000C
00320000000800160150000C
00510000000900130151000B
00290000000C0021014E0010
002E0000000D0028014E0010
005100000011001E014E0010
00270000000D0023014B001E
00300000000F0029014B001E
0051000000120020014B001D
00290000000B0020014A0024
00300000000D0025014A0024
00510000000E001A014A0023
00250000000C0023014C002A
002E0000000F002B014C002A
0053000000130020014C002A
00250000000C0022014B0033
00300000000F0029014B0033
0051000000140020014B0033
00250000000C0022014C003B
00300000000F0029014C003B
0051000000150022014D003B
00250000000B002201500042
00300000000F002901500042
005300000017002701500042
00220000000D0024014D004C
003000000013002E014D004C
00530000001C0030014D004C
00240000000D0024014D0053
003200000012002E014D0053
00510000001B0032014D0053
00220000000D0024014D005C
003000000012002E014D005C
00530000001D0032014D005B
002A000000090018014C0069
003A0000000C001A014C0069
004F00000012001A014D0069
002A0000000A0018014B006C
00360000000C0019014B006C
004F000000110012014B006B
0029000000090018014C006D
00320000000C001A014C006D
0051000000120016014C006D
00240000000D0024014D007E
003200000012002F014D007E
00530000001C0034014D007E
00270000000F0023014D0087
003200000013002B014D0087
00510000001A0029014D0087
00290000000F0024014F008C
003000000012002D014F008C
0051000000180029014F008C
00270000000D0024014C0094
003000000010002E014C0094
005100000018002D014C0094
00250000000D0023014C009A
003000000011002D014C009A
0053000000190029014D009A
00240000000D0024014E00A3
003000000012002E014E00A3
00530000001A002D014E00A3
00240000000D0023014E00AB
003000000012002D014E00AB
00530000001B002D014E00AB
00220000000E0024014E00B4
003000000013002E014E00B4
00530000001C0030014E00B3
00220000000E0024014D00BC
003000000013002D014D00BC
00530000001C002D014D00BC
00240000000D0024014B00C3
003000000011002D014B00C3
00510000001A002D014B00C3
00250000000B0023014A00CC
00320000000F002A014A00CC
0051000000160029014B00CC
00250000000C0023014A00D4
0030000000100029014A00D4
0051000000150024014A00D4
002E00000008001A014C00E0
00380000000A001C014C00E0
004F0000000F001A014C00E0
002C000000090019014B00E4
00340000000A001A014B00E4
004F0000000E0013014B00E3
002A00000009001D014D00E8
00320000000A001F014D00E8
00510000000E0018014D00E8
0032000000060017015100F4
0034000000070018015100F4
00510000000B0016015100F4
00290000000C0023014F00FA
00300000000E002B014E00FA
0051000000140024014F00F9
00240000000E0024014D0103
003000000013002E014D0103
00510000001B002D014D0103
00240000000D0023014A010C
003000000011002B014A010C
0051000000190029014B010C
00240000000D0024014B0112
003000000012002E014B0112
00510000001A002B014B0112
00220000000E0024014C011C
003000000013002F014C011C
00530000001C0030014C011C
00270000000C0022014B0126
0034000000100029014B0126
004F000000170027014B0126
00270000000C0020014A012A
0032000000100025014A012A
004F00000015001E014A012A
00240000000D0024014B0131
003000000012002D014B0131
005100000019002B014B0131
00240000000E0024014D013D
003000000012002F014D013D
00530000001A0032014E013D
00240000000D0024014E0143
003000000012002E014E0144
00530000001A002D014E0143
00220000000D0024014D0149
003000000012002E014D0149
00530000001B002D014D0149
00240000000E0024014D0154
003000000013002E014D0154
00530000001C0030014D0154
00240000000D0024014E015C
003000000012002E014E015C
00530000001A002D014E015C
00250000000D0024014E0163
003000000012002E014E0163
00530000001B0030014E0163
00240000000C0023014A016B
003200000010002D014A016B
00510000001A002B014A016A
00220000000D0024014C0174
003000000012002E014C0174
00530000001B0030014D0174
00250000000D0024014C017E
003200000011002F014C017E
0053000000190032014C017E
002A0000000F0024014B0187
003200000011002D014B0187
004F000000140029014B0187
003C0000000900170149018F
00400000000800180149018F
004B0000000800180149018F
004000000009001101490192
003E00000008001101490192
004B00000008001001490191
002C0000000A001B01490196
00320000000A001C01490196
00510000000D001501490196
00240000000C0023014D01A3
00300000000F002D014D01A3
0053000000170029014D01A2
00220000000C0023014C01AB
003000000010002D014C01AB
00530000001A002B014D01AB
00220000000D0023014C01B3
003000000012002C014C01B3
00530000001B0029014D01B3
00220000000F0024014D01BB
003000000015002D014D01BB
00530000001E002D014D01BB
00220000000F0024014D01C4
003200000015002E014D01C4
0053000000200032014D01C3
00210000000F0024014C01CB
003000000015002E014C01CB
0051000000210032014D01CB
00220000000D0024014D01D5
003200000012002E014D01D5
00530000001C0032014D01D5
00240000000D0021014B01DC
0032000000120029014B01DC
0051000000190024014B01DC
00220000000D0022014C01E1
003000000011002A014B01E1
0051000000190027014C01E0
00240000000D0024014D01ED
003000000012002E014D01ED
00530000001B002D014D01ED
00250000000C0023014D01F3
003000000010002A014D01F3
0051000000180027014D01F3
00220000000C0023014B01FA
003000000010002B014B01FA
0051000000190027014C01F9
00240000000D0023014E0204
003000000010002B014E0204
005300000019002B014E0204
00240000000E00230150020B
002E00000013002D0150020B
00530000001C002D0150020B
00240000000D0024014E0214
003000000012002D014E0214
00530000001B002D014E0213
00240000000D0023014F021B
003000000012002D014F021B
00530000001B002D014F021A
00220000000D0024014C0223
003000000012002D014C0223
00510000001B002D014C0223
00220000000D0023014B022C
003200000013002C014B022C
00510000001B0029014C022B
00220000000D0023014C0233
003000000012002D014C0233
00510000001B002B014C0233
00220000000D0024014E023D
003200000012002D014E023D
00530000001B0030014E023D
00240000000D0023014C0244
003200000012002B014C0244
00510000001A0027014C0244
00240000000E0024014C024B
003000000012002E014C024B
00530000001A002B014D024B
00290000000D0023014F0256
00300000000F002C014F0256
0053000000140027014F0255
002C0000000A001F0150025C
00300000000A00220150025C
00510000000E001A0150025B
00270000000D0023014C0263
003000000010002B014C0263
0051000000160022014C0262
00250000000D0024014B026C
003000000010002C014B026D
0051000000150024014B026C
00290000000D0023014B0274
0030000000100029014B0274
004F000000130020014B0274
002A0000000E0020014C027A
0030000000120025014C027B
005100000016001C014C027A
00300000000A001A01520009
00380000000A001B01520009
00510000000E001801530009
00320000000A00160152000C
00340000000C00180152000C
004F0000000E00120152000B
00290000000B002301530011
002E0000000C002A01530011
00530000000F002001530010
00290000000C00220155001C
00300000000D00290155001C
005100000011001E0155001C
00250000000D002301540023
003000000010002D01540023
005300000016002701550022
00250000000D00220153002B
00300000001000290153002B
00510000001600200154002A
00240000000E002401540034
002E00000012002E01540034
00530000001A002B01540034
00250000000C00210154003E
00320000001000280154003E
00510000001700220154003D
00250000000D002101540043
003000000010002901540043
005100000017002201550042
00240000000D00230156004A
003000000011002B0156004A
005300000019002901560049
00220000000E002401550053
003000000013002F01550053
00530000001D003201550053
00240000000D00240156005C
003200000013002D0156005C
00530000001C00300157005C
00250000000C002301520064
003200000010002B01520064
005100000018002901520064
0029000000070018014E006A
003600000009001A014E006A
004B000000110018014F006A
00240000000C002301540073
003000000010002C01540073
00530000001A002B01540073
00240000000D00240155007D
003000000012002E0155007D
00530000001B00300156007D
00290000000D002401530088
003400000010002D01530088
005100000015002B01530088
00290000000D00230153008C
003000000010002A0153008C
004F0000001500240153008C
00270000000D002301560093
003000000010002D01560093
005100000015002701560093
00270000000D00230155009C
003000000010002C0155009C
00510000001600270155009B
00250000000E0024015500A4
003000000012002E015500A4
005300000019002B015500A3
00250000000F0024015600AD
003000000013002E015600AD
005300000018002B015600AD
002E0000000B0020015700B5
00320000000C0025015700B5
005100000011001E015700B5
002A0000000D0023015600BA
00300000000F002A015600BA
0051000000140024015600BA
00290000000E0024015800C3
002E00000012002D015800C3
0053000000190029015800C3
00250000000F0024015700CB
002E00000013002F015700CB
00530000001C002D015700CB
00240000000D0024015500D4
003000000012002D015500D4
00530000001A002B015500D4
00240000000D0023015200DC
003000000011002C015200DC
0051000000170027015200DC
002900000007001A014F00E2
003600000009001D014F00E2
004D0000000F0018014F00E2
00290000000A001F015200F0
00360000000C0023015200F0
005100000010001E015200F0
0030000000090017015200F4
00360000000A0018015200F4
004F0000000D0013015200F3
00290000000A001C015200F7
00320000000C001E015200F7
0051000000100018015200F7
00240000000D002401550104
003000000012002E01550104
005300000019002D01550104
00270000000E00230157010B
003000000012002C0157010B
00510000001900290157010B
00240000000F002401550112
003000000013002E01550112
00510000001D002B01550112
00240000000F00240156011C
00300000001300300156011C
00530000001C00320157011C
00250000000C002301570124
00320000000F002B01570124
005100000018002901570124
00250000000E002301540129
003000000012002D01540129
00510000001A002901540129
00240000000D002401550134
003000000011002D01550134
005300000019002D01550134
00250000000F00240156013C
003000000013002E0156013C
00510000001B002B0156013C
00250000000E002301530143
003000000012002C01530143
005100000019002701530143
00220000000F00250154014B
00300000001400310154014C
00530000001C00340155014B
00240000000F002401570154
003000000015002F01570154
00530000001F003001570154
00240000000F00240154015C
003000000015002F0154015C
00510000001D002D0154015C
00240000000F002401540163
003000000013002D01540163
00510000001C002901540163
00240000000E00240155016A
003000000012002E0155016A
00530000001A002B0155016A
00220000000F002401550173
003000000014002E01550173
00530000001D002D01550173
00220000000F00240153017D
003000000015002F0153017D
00530000001D00300154017D
00240000000E002401520184
003000000013002D01520184
005100000019002901520184
00250000000B0023014F018C
00320000000E002C014E018C
004D000000140029014F018C
00270000000B002301510194
00320000000E002901510194
005100000014002201510193
00250000000B00220154019A
00300000000E00290154019A
00530000001600240154019A
00250000000D0024015701A4
0030000000100030015701A4
0053000000190032015701A4
00290000000D0024015901AD
003000000010002D015901AD
005500000019002D015901AD
00270000000E0024015901B4
003000000012002E015901B5
00530000001A002D015901B4
00290000000E0024015901BC
003000000011002D015901BC
005300000019002B015901BC
00250000000F0024015601C3
003000000013002E015601C3
00530000001C002D015701C3
00250000000E0024015401CB
003000000012002D015401CB
00510000001B002B015501CA
00220000000E0024015501D4
0030000000130030015501D4
00530000001E0032015501D3
00270000000C0023015701DD
003200000010002A015701DD
0051000000180029015801DD
00290000000C0022015701E3
00300000000E0029015701E3
0051000000150024015701E3
00240000000F0024015401EB
003000000013002E015401EB
00510000001B002B015401EB
00240000000F0024015601F5
003000000013002E015601F5
00530000001B002B015601F4
00250000000E0024015601FC
003000000012002E015601FC
00510000001A002D015601FB
00250000000F002401550205
003000000013002E01550205
00510000001B002D01550205
00240000001000240155020B
002E00000015002D0155020B
00510000001E00290155020B
00240000000E002401540212
003000000013002F01540212
00510000001E003201540212
00240000000D00230154021A
003000000012002B0154021A
00510000001B00290154021A
00220000000D002401540222
003000000012002D01540222
00530000001C002D01540222
00220000000E00240155022C
003000000013002E0155022C
00530000001C002D0156022C
00250000000E002401570236
003000000012002E01570236
00530000001A002D01580236
00270000000E00240157023C
003000000011002D0157023C
00530000001800290157023B
00240000000E002401540243
003000000012002E01540243
00510000001B002D01540242
00240000000E00240154024C
003000000012002E0154024C
00510000001A00300154024B
002A0000000B002101530257
00340000000E002601530257
004F00000011002001530257
002A0000000C001E0153025C
00320000000E00210153025C
00510000000F00160153025B
00270000000C002101530260
002E0000000E002801530260
005100000012001E0153025F
00250000000C00230154026B
00300000000F002D0154026B
00510000001500270154026B
00270000000C002301530274
003000000010002901530274
004F00000015002201530274
00290000000F00200155027C
00300000001300250155027C
005100000018001A0156027B
003C00000006000A01600003
003C00000005000901600003
005100000005000A01600003
00360000000B0012015F0006
00320000000C0013015F0006
00510000000E000E015F0006
00290000000C0023015B0014
00300000000E0029015B0014
0051000000120020015C0014
00270000000B00210159001C
00300000000E00280159001C
005100000011001E0159001B
00250000000D0024015C0024
003000000010002D015C0024
0053000000160027015C0023
00240000000D0023015D002B
002E00000011002D015D002B
0053000000160024015D002B
00240000000D0024015D0034
003000000011002D015D0034
0053000000180029015D0033
00240000000C0023015C003B
003000000010002C015C003B
0051000000190029015C003A
00240000000C0022015A0043
003200000010002A015A0043
0051000000180029015A0043
00240000000D0023015C004C
003000000012002B015C004C
00510000001A0029015C004C
00220000000E0024015C0054
003000000013002E015C0054
00530000001D0032015D0054
00240000000E0024015D005E
003200000013002E015D005E
00530000001B0030015D005E
00290000000E0024015F0065
003000000012002D015F0065
0051000000190029015F0064
00290000000D0023015F006B
00300000000F002C015F006B
0051000000160029015F006A
00250000000D0024015E0072
002E00000011002E015E0072
005100000019002B015E0072
00240000000D0024015C007B
003000000011002E015B007B
00510000001A0030015C007B
00250000000C0024015A0085
00300000000F002D015A0085
005100000017002D015A0085
00290000000D0022015B008F
0034000000100029015B008F
004F000000160024015B008E
00270000000D0021015B0094
0032000000100027015B0094
005100000014001E015B0094
00270000000D0022015C0099
0030000000100029015C0099
0051000000150022015C0098
00250000000D0024015A00A4
003200000011002D015A00A4
005100000019002B015A00A4
00270000000D0024015B00AF
003200000011002D015B00AF
005100000017002B015B00AF
002C0000000C001F015900B5
00340000000E0022015900B5
004D00000010001C015900B4
00290000000D0021015A00BA
00320000000F0027015900BA
004F00000012001E015900BA
00290000000E0023015B00C4
003200000012002C015B00C4
004F000000160024015B00C4
00270000000E0024015C00CC
003000000012002D015C00CC
0051000000150024015C00CB
00270000000F0024015F00D4
002E00000013002D015F00D4
0053000000170027015F00D4
00250000000F0024015D00DB
003000000013002D015D00DB
0051000000180027015D00DB
00240000000F0024015D00E3
002E00000014002F015D00E3
00530000001E002D015E00E2
00220000000E0024015D00ED
003000000013002F015D00ED
00530000001D0030015E00EC
00250000000E0023016000F3
003000000012002A016000F3
0053000000190022016000F3
00240000000E0024015E00FA
002E00000013002D015E00FA
00530000001B0029015E00FA
00250000000E0023015B0105
003200000013002D015B0105
00510000001B002B015C0105
00250000000D0020015A010B
0032000000120025015A010B
005100000017001E015A010B
00220000000E0024015C0112
003000000013002E015C0112
00510000001C0030015C0112
00240000000D0023015C011D
003200000012002D015C011D
00510000001B0030015C011D
00250000000C0020015B0123
0032000000100025015B0123
004F00000017001E015B0122
00240000000D0023015D012A
003000000012002D015D012A
005100000019002B015E012A
00250000000D002301600135
003000000011002C01600135
005300000019002B01600135
00250000000F0024015D013C
003000000013002D015D013C
00510000001B002B015D013C
00250000000E0024015F0143
003000000013002D015F0143
00530000001A002B015F0143
0024000000100025015E014D
002E000000150031015E014D
00530000001E0032015F014C
00240000000F0024015D0154
003000000013002E015D0154
00510000001B0029015D0153
00220000000F0024015D015B
002E00000013002F015D015B
00530000001C002D015D015A
00240000000E0024015E0164
003000000012002D015E0164
00530000001A0029015E0164
00240000000D0023015D016A
003000000012002B015D016A
00530000001A0027015D016A
00220000000E0024015C0173
003000000013002E015C0173
00530000001D002D015D0173
00220000000E0024015D017C
003000000013002E015D017C
00530000001D0032015D017C
00240000000D0024015D0184
003000000012002E015D0184
00530000001A002D015D0184
00250000000D00240160018D
003000000011002D0160018D
00530000001800290160018D
00270000000C002401600194
00300000000F002D01600194
005300000016002B01600194
00270000000D0024015D019E
003000000010002F015D019E
0051000000170030015D019D
00290000000E0024015D01A6
003200000010002F015C01A6
0051000000170030015D01A6
00290000000E0024015C01AF
003200000011002E015C01AF
005100000016002D015C01AF
002A0000000E0024015C01B6
003200000011002D015B01B6
004F000000150029015C01B5
002A0000000F0024015C01BD
003000000012002E015C01BD
0051000000160029015C01BD
00290000000F0024015D01C3
003000000013002D015D01C3
0051000000190027015D01C3
00250000000F0024015C01CA
003000000013002E015C01CA
00510000001B0030015C01C9
00240000000E0024015C01D5
003000000013002F015C01D5
00510000001B0030015C01D5
00270000000C0021015A01DD
0034000000100029015A01DD
004F000000160024015B01DD
00290000000B001E015A01E1
00320000000E0022015A01E2
004F00000013001E015A01E1
00240000000D0024015B01EC
003000000012002F015B01EC
00510000001A0032015B01EB
00250000000E0024015C01F5
003200000012002D015C01F5
005100000019002B015C01F5
00250000000D0023015B01FB
003000000011002C015B01FB
004F000000170029015B01FA
00240000000F0024015B0204
003000000013002F015B0204
00510000001A002D015B0204
00250000000E0023015B020B
003000000012002C015B020B
0051000000180027015B020B
00240000000F0024015D0212
0030000000130030015D0212
00530000001B0032015D0212
00240000000E0024015F021C
003000000013002E015F021C
00530000001C002D015F021C
00250000000D002301600223
003000000012002A01600223
00530000001B002901600223
00240000000F0024015D022D
0030000000150030015D022D
00530000001F0032015D022D
00270000000F0024015C0238
003400000014002E015C0238
00510000001A002D015C0238
0029000000100024015D023D
003000000015002F015D023D
004F0000001B002B015D023D
00290000000F0024015E0242
002E00000012002F015E0242
005100000018002D015E0242
00250000000F0024015D024A
003000000013002F015D024A
00510000001B002D015D024A
00250000000D0024015B0254
002E00000010002E015B0254
0051000000160029015C0254
00250000000C0023015A025C
00300000000E002B015A025C
0051000000120022015A025B
00270000000D0023015E0265
00300000000F002B015E0265
0053000000130022015E0265
00290000000C00220160026B
00300000000E00290160026B
00530000001200200160026B
00290000000D0023015D0274
003000000010002A015D0274
0051000000140020015D0274
002A0000000F001E015C027C
0030000000130020015C027C
0051000000160015015C027B
003E00000006000701610003
004000000006000701610003
005100000006000801610003
003800000008000E01610007
003600000008000F01610007
005100000009000C01620007
002A0000000D002401650015
002E0000000E002C01650015
005100000011002401650014
00290000000D00230166001C
002E0000000E002C0166001C
00530000001200240166001C
00270000000D002401650024
002E0000000F002D01650024
005300000013002201650024
00290000000C00220169002D
002E0000000E00290169002D
00530000001200200169002C
00270000000E002401660034
003000000010002E01660034
005300000016002B01660034
00250000000E00240165003C
003000000012002D0165003C
00530000001800290166003B
00240000000F002401660043
002E00000013002F01660043
00530000001B002D01660042
00220000000E00240165004C
003000000013002E0165004C
00530000001D00300165004B
00220000000F002401640054
003000000013003001640054
00530000001E003401640054
00250000000F00240163005E
003400000013002F0163005E
00510000001D00340163005E
00290000000E002301620066
003400000012002901620066
004F00000018002401620065
00270000000E00230163006B
003200000012002A0163006B
00510000001700240163006B
00240000000E002401640072
003000000012002E01640072
00510000001B002D01640071
00240000000D00240163007B
003000000011002E0163007B
00510000001A00320163007A
00240000000D002401630084
003000000011002D01630084
005100000019002D01630084
00240000000D00240162008D
003200000012002D0162008D
00510000001A002D0162008D
00270000000D002101630095
003200000010002901630095
004F00000016002201630095
00250000000C00210163009A
00300000000F00280163009A
00510000001600220164009A
00220000000E0024016400A1
002E00000013002F016400A2
00530000001B0030016500A1
00240000000E0024016600AC
003000000013002E016600AC
00530000001C0032016600AC
00250000000E0023016500B3
003000000012002C016500B3
00510000001A0029016500B3
00240000000E0023016400BB
002E00000012002C016400BB
00530000001A0029016400BB
00240000000D0024016100C4
003000000011002D016100C4
005100000019002B016100C4
00250000000E0024016200CE
003200000012002D016200CE
004F00000019002D016200CE
00270000000E0023016300D4
003000000011002C016300D4
0051000000170027016300D4
00250000000F0024016400DB
002E00000013002F016300DB
005100000019002D016400DB
0025000000100024016600E4
002E00000015002F016600E4
00530000001B002B016600E4
00270000000F0024016400F0
003200000013002E016400F0
005100000018002D016400EF
00290000000F0023016400F5
003000000013002B016400F5
004F000000170022016500F4
00270000000F0024016500F9
002E00000012002D016500F9
0051000000180027016500F8
00240000000D002301630102
003000000012002C01630102
00510000001B002901630101
00240000000D00230164010C
003000000012002D0164010C
00530000001A002D0164010C
00240000000D002401670114
003200000012002D01670114
00530000001A003001670114
00240000000D00240164011B
003000000012002E0164011B
00510000001A002D0164011B
00240000000B002301630123
00320000000F002B01630122
005100000018002B01630122
00250000000C00220164012E
00340000001000290164012E
00510000001700270164012E
00270000000C002101640133
00320000000F002701640133
004F00000014001E01640133
00270000000F00240164013C
003000000013002E0164013C
004F00000019002B0164013C
00250000000E002401640145
003200000012002D01640145
005100000018002901640145
00250000000F00240164014B
00300000001300300164014B
00510000001B00300164014B
00270000000D002401640153
003000000010002E01640153
005100000016002B01640153
003000000009001E01670161
003600000009002001670161
00510000000E001E01670160
003400000009001B01670164
003400000008001D01670164
00510000000A001601670164
002E0000000B002001670167
002E0000000C002501670167
00510000000F001C01670167
00250000000D002401670174
003000000011002E01670174
005300000018002B01670173
00270000000D00230169017B
003000000010002B0169017B
00530000001900290169017B
00240000000E002401640185
003000000012002E01640185
00510000001B002D01640185
00270000000D00230163018F
003200000010002B0163018F
00510000001700290164018F
00270000000C002301630194
00300000000F002A01630194
004F00000016002701630194
00270000000D00240163019B
003000000010002F0163019B
005100000016002D0163019B
00270000000D0024016101A4
003000000010002D016101A4
004F000000150029016101A4
00250000000D0024016001AC
003000000010002D016001AC
005100000016002B016001AC
00250000000D0024015F01B4
003200000010002D015F01B4
004F00000018002B016001B4
00250000000F0025016101BF
0032000000130031016101BF
004F0000001B0034016101BF
00270000000F0023016201C4
003200000013002B016201C4
004F000000180024016201C4
00240000000F0024016301CA
002E00000013002E016301CA
00530000001A002B016301C9
00240000000D0024016501D3
003000000012002E016501D3
00530000001A002D016501D2
00220000000D0024016401DB
003000000012002E016401DB
00530000001B002D016401DB
00220000000D0024016401E4
003000000012002D016401E4
00530000001B002D016401E3
00220000000E0024016601EB
002E00000013002E016601EB
00530000001C0030016601EB
00220000000E0024016201F4
003000000013002E016201F4
00510000001C0030016201F3
00220000000D0024016301FC
003000000012002E016301FC
00510000001A002D016301FC
00240000000C002301630203
003000000010002B01630203
005100000019002901630203
00240000000D00240164020C
003000000012002D0163020C
00510000001B002D0164020C
00240000000E002401660214
003000000013002E01660214
00530000001C002D01660214
00250000000E00230164021F
003200000013002A0164021F
00510000001A00270165021E
00250000000F002301640223
003200000014002C01640223
00510000001B002401640223
00240000000F00240165022A
003000000015002E0165022A
00530000001E002D0165022A
00250000000F002501630237
003200000013003101630237
00510000001B003401630237
00290000000E00240162023E
003400000011002D0162023E
004D00000016002B0162023D
00270000000D002301620242
003200000011002A01620242
004F00000016002401620242
00240000000E00240163024A
003000000013002E0163024A
00510000001B002D0163024A
00240000000E002401640254
003000000012002E01640254
00530000001A002B01650254
00240000000E00240164025C
002E00000012002E0164025C
00530000001700290164025C
00270000000E002301640268
003200000011002B01640268
005100000014002401640268
002E0000000D00200167026E
00320000000F00240167026E
004F00000010001A0167026E
00300000000C002101660273
002E0000000C002701650273
004F0000000E001E01650273
002E0000000D001D0164027A
00320000000F001F0164027A
004F00000013001601640279
00270000000B001F016B0005
00300000000E0022016B0005
005100000015001C016C0005
00290000000A0020016B000D
00300000000C0024016A000D
00510000000F001C016B000D
00290000000B0023016A0014
002E0000000D0029016A0014
0051000000100020016A0013
00290000000D0023016B001C
00300000000F002A016B001C
0051000000120020016B001C
00270000000D0024016B0026
00300000000F002E016B0026
0051000000130029016B0025
00290000000D0023016B002E
00300000000F002A016B002E
0051000000130022016C002E
00290000000E0024016C0034
003000000010002E016C0034
0051000000140029016C0034
00270000000F0024016C003B
002E00000013002E016C003B
0051000000180029016C003B
00250000000F0024016C0044
003000000013002F016C0044
00510000001B002D016C0043
00240000000E0024016C004B
003000000013002E016C004B
00530000001B002D016D004A
00220000000F0024016D0053
0030000000140031016D0053
00530000001D0034016D0053
00220000000F0024016B005C
003000000014002F016B005C
00510000001F0034016B005C
00240000000E0024016A0064
003200000013002E016A0064
00510000001D0032016A0063
00220000000D00240169006C
003200000012002F0169006C
00510000001D0034016A006C
00240000000D0024016C0074
003200000012002D016C0074
00510000001B002D016C0074
00240000000D0024016E007A
003000000012002E016E007B
00530000001A0030016E007A
00250000000C002201710084
003000000010002901710084
005300000018002901710084
00240000000E0024016D008B
003000000013002E016D008B
00510000001C002D016D008B
00220000000D0024016B0094
003000000012002D016B0094
00510000001A002D016B0094
00220000000D0023016B009B
003000000012002D016B009B
00510000001A002B016B009B
00220000000E0024016E00A4
003000000013002E016E00A4
00530000001C0030016E00A4
00250000000E0023016C00AE
003200000013002B016C00AE
0051000000190027016C00AD
00270000000D0021016C00B4
0032000000110029016C00B4
0051000000160020016C00B3
00240000000E0024016D00B9
002E00000013002D016D00B9
00530000001A0029016D00B9
00220000000E0024016D00C4
0030000000130030016D00C4
00530000001C0032016D00C4
00250000000D0024016E00CC
003000000011002E016E00CC
0053000000190030016E00CC
002A0000000B001F017100D4
00320000000D0023017100D4
005100000013001E017100D4
00270000000E0023017000DB
003000000012002C016F00DB
0051000000180027017000DB
0025000000100024016C00E4
003000000014002E016C00E4
00510000001A0029016C00E4
0024000000100024016B00EC
0030000000150030016B00EC
00510000001B002D016B00EC
00270000000D0023016800F4
0032000000100029016800F4
004D000000150022016800F4
00250000000D0023016B00FB
003000000011002C016B00FB
0051000000170027016B00FA
002A00000007001A01720104
003200000009001C01720104
00530000000F001C01720104
00240000000E0024016E010C
003000000013002F016E010C
00530000001E0032016E010C
00240000000E0023016C0113
003200000013002D016C0113
00510000001D002D016C0113
00220000000E0024016B011A
003000000013002D016B011A
00510000001D0030016C011A
00220000000D0024016D0123
003200000012002E016E0123
00530000001B0032016E0123
00220000000D0023016E012C
003200000011002C016E012C
00530000001A002D016E012C
00240000000D0021016C0132
0032000000110029016C0132
0051000000190022016C0132
00240000000D00240169013C
003000000011002D0169013C
005100000019002D0169013C
00250000000E0024016B0145
003000000012002E016B0145
005100000018002B016B0144
00270000000F0025016C014E
0032000000120030016C014E
005100000018002D016C014E
00290000000D0024016C0154
003200000010002E016C0154
005100000016002D016C0154
002E0000000D00210169015F
00360000000E00270169015F
004D0000001000200169015F
00320000000B001A01690164
00360000000C001B01690164
004D0000000D001301690164
002A0000000D0022016A0169
00300000000F0028016A0169
004F00000012001E016A0169
00250000000F0024016C0176
003000000013002F016C0176
005100000019002D016C0176
00270000000D0023016B017B
003000000011002A016B017B
0051000000170022016C017B
00250000000D0024016C0181
002E00000010002E016C0181
005300000018002D016C0181
00240000000C0024016A018C
00300000000F002E016A018C
005100000018002D016A018C
00240000000C0024016A0194
003000000010002E016A0194
0051000000180030016B0194
00250000000C0024016C019C
00300000000F002D016C019C
005100000016002D016C019C
00250000000D0023016C01A4
003000000010002D016C01A4
0051000000170029016D01A3
00240000000D0023016F01AC
002E00000011002C016F01AC
00530000001A0029016F01AC
00240000000E0024016E01B3
003000000013002E016E01B3
00530000001B002D016E01B3
00240000000D0024016D01BC
003000000012002E016D01BC
00530000001B002D016D01BC
00250000000D0023016B01C3
003000000012002D016B01C4
00510000001A0029016C01C3
00250000000D0023016C01CB
003000000011002C016C01CB
0051000000190029016C01CA
00220000000E0024016D01D4
003000000013002E016D01D4
00530000001B002B016D01D4
00240000000D0024016E01DC
003000000012002D016E01DC
0053000000190029016E01DC
00220000000F0024016D01E4
002E000000140030016D01E4
00530000001E0032016E01E3
00220000000F0024016C01EB
002E00000014002E016C01EB
00510000001E002D016D01EB
00220000000E0024016C01F2
003000000013002E016C01F2
00510000001D0030016D01F2
00220000000E0024016C01FC
003000000013002E016C01FC
00530000001C002D016C01FC
00220000000D0024016D0204
003000000012002D016D0204
00530000001B002D016E0203
00240000000D0024016C020C
003000000012002D016C020C
00510000001B002D016C020C
00240000000E0024016C0213
003000000013002E016C0213
00510000001C002D016C0213
00240000000F0024016D021C
003000000015002F016D021C
00530000001E0032016D021C
00240000000F0024016A0223
003000000014002E016A0223
004F0000001F002D016A0223
00220000000F0024016B022C
003000000015002E016B022C
00510000001F0030016B022C
00220000000E0024016D0233
003000000013002E016D0233
00530000001D0030016D0233
00220000000E00250169023C
00300000001300310169023C
00510000001C00340169023C
00240000000D0024016C0243
003000000012002D016C0243
00510000001A002D016C0243
00240000000D0023016D024C
003000000010002D016D024C
005300000019002B016E024C
00240000000D0024016D0254
003000000011002D016D0254
0053000000180029016D0253
00220000000E0024016D025C
002E00000013002E016D025C
00530000001A002D016E025C
00270000000E0024016C0268
003200000010002D016B0268
0051000000140029016C0268
00300000000B001F0169026E
00340000000C00230169026E
004D0000000C001A0169026E
003000000009001D01690273
003400000009001F01690273
004F0000000A001801690272
002C0000000C001F01690279
00300000000E002301690279
004F00000011001A01690279
00250000000D002101740004
003000000010002701740004
005100000016001E01740003
00250000000D00230172000C
00300000000F002B0172000C
00510000001600240172000C
00250000000C002301740014
002E0000000F002B01740014
005300000014002401740014
00250000000D00230173001C
003000000010002C0173001C
00510000001600240174001B
00250000000C002301730024
002E0000000F002C01730024
005100000015002701730023
00250000000C00240171002C
002E0000000F002C0171002C
00510000001400270171002C
00250000000C002301710034
00300000000F002A01710034
005100000015002401720034
00240000000E00240173003B
003000000012002D0173003B
00510000001800290173003B
00240000000D002401750044
003000000012002E01750044
00530000001B003001750044
00240000000E00230175004B
003000000013002D0175004B
00510000001C002D0175004B
00220000000E002401740053
003000000013002E01740053
00530000001C003001750053
00220000000D00240174005C
003000000013002E0174005C
00530000001D00320174005C
00220000000E002401750064
003200000013002E01750064
00530000001E003201750064
00240000000D00240174006B
003000000011002D0174006B
00510000001A00300174006B
00240000000C002301720073
003000000010002B01720073
005100000019002B01720073
00240000000D00230173007D
003000000011002C0173007D
00510000001A002B0173007D
00240000000D002101730084
003200000011002901730084
005100000018002401730084
00240000000D00230174008A
003000000011002A0174008A
005100000019002901740089
00240000000D002401750094
003000000011002E01750094
005300000019003001750094
00240000000D00230176009C
003000000012002C0176009C
00530000001900290176009C
00220000000E0024017500A3
002E00000013002D017500A3
00530000001B0029017500A2
00240000000D0024017300AB
003000000012002E017300AB
00510000001A002D017300AB
00240000000C0023017200B4
003200000010002B017200B4
0051000000180029017200B3
00240000000D0023017400BA
003000000012002C017400BA
00530000001B0029017400BA
00220000000F0024017600C4
0030000000150031017600C4
00530000001E0034017600C4
00270000000D0021017400CF
0034000000100029017400CF
0051000000180027017400CF
002A0000000A001C017300D5
00360000000D001E017300D5
004F00000011001A017300D5
002A00000009001A017300D8
00320000000B001C017300D8
00510000000F0015017300D8
00250000000E0024017400E4
003000000012002E017400E4
005100000018002B017400E4
00270000000D0023017500EB
003000000010002C017500EB
0051000000160027017500EB
00240000000D0024017500F1
003000000011002D017500F1
005300000018002B017500F0
00290000000A001D01740100
00360000000D002001740100
005100000013001E01740100
00270000000A001B01730104
00360000000E001C01730104
005100000015001801730104
00270000000A001A01740106
00320000000C001B01740106
005100000014001801750106
00220000000E002401740114
003000000013002F01740114
00510000001E003401740113
00220000000E00240177011C
003000000013002E0177011C
00530000001D00300177011C
00240000000D002401740124
003200000012002E01740124
00510000001B003001740123
00250000000C00210174012C
00320000001100290174012C
00510000001900240174012C
00250000000A001F01730130
00340000000E002401730130
005100000017002001730130
00210000000D00230174013B
003000000013002D0174013B
00530000001D00320175013B
00220000000D002301740144
003000000012002D01740144
00530000001D003001740144
00240000000E00240172014D
003000000013002F0172014D
00510000001C00320173014D
00250000000D002401730155
003200000011002D01730155
005100000017002B01730154
00250000000C00240171015D
00320000000F002D0171015D
004F00000016002B0171015D
00270000000C002101720164
00320000000F002801720164
005100000014002001720164
00250000000D00230173016A
003000000010002C0173016A
00510000001700270173016A
00240000000D002401730174
003000000011002E01730174
005100000019002D01730173
00240000000D00240172017B
003000000012002E0172017B
005100000019002B0172017B
00240000000D002401740183
003000000011002D01740183
00530000001A002D01740183
00240000000D00240175018C
003000000011002E0175018C
00530000001A00300175018C
00240000000D002301740193
003000000011002D01740193
00510000001B002D01740193
00240000000D00240173019B
003000000012002E0173019B
00510000001B002D0173019B
00270000000C0023017701A8
00320000000E0029017701A8
0051000000150027017701A7
002E0000000A001F017701AC
00320000000B0022017701AC
004F0000000F001C017701AC
00290000000C0021017501B0
00300000000E0027017501B0
005100000013001E017501AF
00220000000E0024017401BA
003000000013002D017401BA
00530000001C002B017401BA
00220000000D0023017401C4
003000000012002D017401C4
00530000001C002D017401C3
00220000000E0024017501CC
003000000013002E017501CC
00530000001C0030017501CC
00250000000C0023017701D4
00300000000F002A017701D4
0053000000170024017701D4
00250000000D0023017401DB
003000000010002B017401DB
0051000000180024017401DB
00240000000F0024017501E3
002E00000013002E017501E3
00530000001B002B017501E3
00240000000F0024017501EC
003000000013002F017501EC
00530000001B0030017501EC
00250000000C0022017901F4
0030000000100029017901F4
0053000000180029017901F4
00240000000E0024017601FC
003000000012002E017601FC
00530000001B002D017601FC
00240000000E002401750204
003000000013002E01750204
00530000001C002D01750203
00240000000E00240174020C
003000000012002E0174020C
00530000001B00300174020B
00240000000E002301740215
003200000013002D01740215
00510000001C002D01740214
00240000000E00220173021C
00320000001300290173021C
00510000001C00240173021C
00240000000E002401740221
003000000013002E01740221
00510000001B002D01740221
00220000000F00240174022D
003200000015002F0174022D
00530000001E00320175022C
00240000000D002301750234
003200000013002B01750234
00530000001B002901750234
00240000000E00240175023B
003000000013002E0175023B
00530000001B002D0175023A
00240000000D002401740243
003000000012002E01740243
00510000001A002B01740243
00250000000D00240176024C
003000000012002E0176024C
005300000018002B0176024C
00290000000C002201790254
00300000000E002901790254
005300000013002001790254
00250000000E00240175025C
003000000012002E0175025C
00510000001800290175025B
00250000000D002401740264
003000000010002E01730264
005100000015002901740264
00290000000C00230170026C
00320000000E002A0170026C
004F0000001000240170026C
00270000000B002201720274
00300000000C002901720274
005100000011002201730274
002A0000000D00210176027B
00300000000F00260176027B
005100000014001E0177027B
00250000000D0021017D0004
0030000000100027017C0004
005100000016001E017D0004
002C00000009001F0180000F
00320000000900220180000F
00510000000D001E0180000F
003200000008001A01800014
003200000008001B01800014
004F00000009001501800014
002A0000000B0021017E0019
00300000000C0026017E0019
005100000011001E017E0018
00250000000D0023017D0023
002E00000010002C017D0023
0053000000150024017D0023
00240000000D0023017C002B
002E00000010002D017C002B
0053000000160027017D002B
00240000000D0024017C0034
002E00000010002D017C0034
005300000018002B017D0033
00240000000D0024017D003C
003000000011002D017D003C
005300000019002B017E003C
00250000000C0022017E0045
00320000000F0029017E0045
0053000000170024017E0045
00250000000B0021017C004A
00300000000F0028017C004A
0051000000170022017D004A
00220000000E0024017C0052
003000000013002E017C0053
00510000001E0030017D0052
00220000000F0024017D005C
0030000000130030017D005C
00530000001F0036017E005C
00220000000E0024017D0064
003200000013002E017D0064
00530000001D0032017E0064
00240000000E0024017D006B
003000000012002E017D006B
00510000001B0030017E006A
00250000000D0024017D0074
003000000010002D017D0074
005100000018002B017D0073
00270000000A00200181007C
00300000000D00260181007C
00530000001500220181007C
00240000000D0023017E0082
002E00000012002D017E0082
00510000001A002B017E0082
00240000000D0024017D008C
003000000012002D017D008C
00530000001A002D017E008C
00240000000E0024017C0094
003000000012002E017C0094
00530000001A002D017D0094
00240000000E0024017C009C
003000000012002D017C009C
00510000001A002B017C009B
00240000000E0024017C00A3
003000000012002E017C00A3
00530000001A002B017C00A3
00240000000E0024017D00AC
003000000012002E017D00AC
00530000001B002D017D00AC
00240000000E0024017E00B4
003000000012002D017E00B4
00530000001A002B017E00B3
00220000000E0024017D00BC
003000000013002E017D00BC
00530000001C002D017E00BC
00240000000E0024017D00C3
003000000012002E017D00C3
00530000001A002B017D00C3
00220000000E0024017C00CB
003000000013002E017C00CB
00530000001C0030017C00CB
00240000000C0023017800D4
003200000010002B017800D4
004F000000180027017900D3
00240000000C0023017A00DC
003000000010002A017900DC
0051000000170024017A00DC
00270000000D0024017F00E5
003000000011002D017F00E5
0053000000170029017F00E5
00290000000E0023017E00EB
003000000013002A017E00EB
0051000000190022017E00EB
00240000000F0024017C00F2
003000000013002D017C00F2
00510000001D002B017C00F2
00220000000D0024017C00FB
003000000011002E017C00FB
00510000001B002D017C00FA
00220000000B002001780103
003400000010002701780103
004F0000001A002401780103
00220000000E0024017D010C
003000000013002E017D010C
00530000001E0032017E010B
00220000000E0024017D0114
003200000014002F017D0114
00530000001E0032017E0114
00220000000E0024017C011B
003200000013002D017C011B
00530000001D002B017C011B
00220000000D0024017D0122
003000000013002E017D0122
00530000001C0030017D0122
00240000000D0024017D012C
003000000013002E017D012C
00510000001C0030017E012B
00250000000D002301800134
003200000012002B01800134
00530000001A002901800134
00240000000E0024017F013B
003000000012002E017F013B
00510000001B0030017F013B
00240000000D0024017D0144
003200000012002E017D0144
00510000001B0030017E0144
00240000000D0024017D014D
003200000012002E017D014D
005300000019002D017D014D
00250000000C0023017C0154
00300000000F002B017C0154
0051000000160027017C0153
00240000000C0023017C0159
002E0000000F002D017C0159
0053000000170029017C0159
00240000000C0023017A0163
003000000010002B017A0163
0051000000190029017B0163
00240000000D0023017B016B
003000000012002B017B016B
00530000001A0029017C016B
00220000000E0024017C0174
003000000013002F017C0174
00530000001D0030017C0174
00270000000E0024017F017F
003200000012002E017F017F
005300000018002D017F017F
003800000009001801820187
003800000008001901820187
00510000000B001801820187
003C0000000600110182018A
00360000000600110182018A
00510000000700100182018A
002A0000000C0023017E0191
002E0000000E002A017E0191
0051000000140022017E0190
00240000000D0024017C019C
003000000011002D017C019C
005100000019002B017D019B
00290000000C0021017A01A7
00340000000E0028017A01A7
004F000000130022017A01A7
002E00000009001A017901AB
00340000000B001C017901AB
004D0000000E0016017901AB
00250000000D0021017901B0
0030000000100027017901B0
0051000000160020017901B0
00220000000E0024017D01BB
002E00000013002E017D01BB
00530000001C002D017D01BB
00240000000D0024017E01C6
003200000012002E017E01C6
0053000000190030017E01C6
0032000000080019017E01D0
003800000008001A017E01D0
004F0000000B0018017E01D0
00320000000A001C017F01D3
00320000000A001E017F01D3
004F0000000C0016017F01D2
00290000000C0020017D01D7
002E0000000F0024017D01D7
005100000014001C017D01D6
00220000000E0024017C01E3
003000000012002E017C01E3
005300000019002D017D01E3
00250000000D0023017D01EF
003200000010002B017D01EF
0051000000170029017D01EF
00270000000D0021017C01F5
0032000000100027017C01F5
0051000000170020017C01F5
00270000000D0023017D01FA
003000000010002B017D01FA
0051000000160027017D01F9
00250000000E0024017D0203
0030000000120030017C0203
00530000001A0032017D0203
00250000000E0024017E020D
0030000000120030017E020D
00530000001A0032017E020C
00250000000E0024017F0213
002E00000012002E017F0213
00530000001A002D017F0213
00240000000D0024017B021B
003000000012002E017B021B
00510000001C0030017C021A
00220000000D0024017D0224
003000000013002E017D0224
00530000001C0030017E0224
00220000000E0024017D022C
003200000013002D017D022C
00530000001D002B017D022C
00220000000F0024017C0233
003000000014002E017C0233
00510000001E0030017C0233
00240000000E0024017C023C
003200000013002E017C023C
00510000001C0030017C023C
00270000000D0024017F0245
003000000011002E017F0245
005300000017002D017F0244
00270000000E0024017C024E
003200000011002D017C024E
004F00000017002B017C024E
00290000000D0021017B0254
00320000000F0027017B0254
005100000012001E017B0254
00270000000C0021017C0257
002E0000000E0026017C0258
005100000011001E017C0257
00240000000E0024017B0263
002E00000012002E017B0263
005100000018002B017B0263
00250000000C0024017B026D
00300000000F002D017B026D
0051000000150029017C026D
00290000000C0023017C0274
00300000000E0029017C0274
004F000000130022017C0274
002A0000000D001F017B027B
0030000000100023017B027B
004F00000014001A017B027B
00250000000D002101830005
003000000010002801830005
005100000016002001830004
002C0000000B001F01820010
00340000000C002201820010
00510000000E001E01820010
00300000000A001B01820014
00320000000B001D01820014
004F0000000C001501820014
002A00000009001E01820018
00300000000A002001820018
00510000000D001801820018
00250000000D002401850024
00300000000F002D01850024
005300000015002701850023
00250000000D00240184002B
002E00000010002E0184002B
00530000001700290184002B
00240000000E002401850034
003000000012002F01850034
00530000001A002D01850034
00270000000B00210185003F
00340000000E00280185003F
00510000001400240185003F
00290000000C002301850044
00320000000E002A01850044
005100000014002401850043
00250000000D00240185004A
003000000010002D0185004A
00530000001700290185004A
00240000000D002301850053
003200000011002D01850053
00510000001A003001850052
00240000000F00240185005B
003000000013002F0185005B
00530000001C00320186005B
00240000000E002401840064
003000000013002E01840064
00510000001C003001840063
00240000000D00240182006B
003000000012002D0182006B
00510000001B002D0183006B
00250000000C002301840076
003400000010002C01840076
005100000018002D01840076
00250000000B00200182007C
00340000000F00250182007C
00510000001600200183007C
00250000000C002101830081
003000000010002901830081
005100000017002401830080
00240000000F00240185008D
003000000013002F0185008D
00530000001B00300186008D
00250000000E002401860094
003000000012002D01860094
005100000017002701860094
00250000000F00240185009C
002E0000001200300185009C
005300000019002D0185009B
00240000000D0023018400A3
003000000010002D018400A3
0051000000170027018400A3
00240000000E0024018400AB
003000000013002D018400AB
00510000001A002B018400AB
00240000000E0024018400B4
003000000013002D018400B4
0053000000190029018400B4
00250000000E0024018600BB
002E00000013002D018600BB
0053000000190029018700BB
00220000000F0024018300C3
003000000013002F018300C3
00510000001D0032018400C3
00250000000E0024018700CD
003000000012002D018700CD
00530000001A002D018700CD
00250000000D0024018600D4
003000000010002D018600D4
005100000018002B018600D4
00240000000F0024018500DC
0030000000130030018500DC
00530000001B0030018500DC
00290000000D0023018400E7
0034000000100029018400E7
0051000000160027018400E7
00270000000D0021018300EB
0032000000110029018300EB
004F000000180022018300EB
00240000000E0024018400F0
003000000012002E018400F0
00510000001A002D018400F0
00220000000F0024018600FC
003000000014002F018600FC
00530000001D0032018600FC
00270000000D002101870106
003200000010002801870106
005100000017002201870105
002C0000000C00200187010C
00320000000E00250187010C
004F00000012001E0187010C
002C0000000B002101880114
00300000000C002701880114
005100000011002201880113
00290000000D00240188011C
00300000000F002D0188011D
005300000015002D0188011C
002A0000000B002301880125
00300000000C002B01870125
005100000012002901880125
002A0000000C00230187012C
00300000000E002C0187012C
00510000001200270187012C
00270000000D002301840134
003200000011002C01840134
005100000017002401840133
00250000000F00240185013B
003000000013002E0185013B
005300000019002B0185013A
00270000000E002401860144
003000000012002E01860144
005300000017002901860144
00290000000C00230188014C
00300000000E002A0188014C
00530000001400240188014C
00250000000E002401850153
003000000011002E01850153
005100000018002B01850152
00240000000D00240185015A
003000000012002E0185015A
00530000001B002B0186015A
00220000000E002401840163
003000000013002E01840163
00530000001C003001850163
00220000000D00230184016B
003000000013002D0184016B
00530000001B002B0184016B
00220000000D002401850173
003000000012002E01850173
00530000001C003001850173
00270000000D002401840181
003600000010002D01840181
005100000015002D01840181
003C00000008001301830189
004300000009001401830189
004D0000000A001501830189
003C0000000800130183018A
003C0000000800130183018B
004D0000000700100182018A
00320000000800160184018E
00340000000800150184018E
00510000000900120184018E
00240000000D00230184019A
002E00000010002D0184019A
005300000017002701840199
00220000000D0024018301A3
003000000011002E018301A3
005100000019002D018301A3
00240000000D0023018401AB
003000000010002C018301AB
0051000000180029018401AB
00250000000C0022018801B4
00300000000F0029018801B4
0053000000170027018901B4
00250000000D0024018701BB
002E00000011002D018701BB
005300000019002B018801BB
00250000000E0024018401C5
003000000013002E018401C5
00510000001A002D018401C5
002E000000090018018001D0
00380000000A001A018001D0
004F0000000E0016018001CF
0032000000090016018001D2
0036000000090016018001D2
004D0000000A0012018001D2
00290000000B0021018301DA
00300000000C0029018301DA
0051000000110020018301DA
00270000000D0023018801E4
002E00000010002B018801E4
0053000000160024018801E3
00250000000D0023018501EB
003000000010002B018501EB
0053000000180024018501EA
00240000000D0023018201F4
003200000012002D018201F4
00510000001A002B018201F4
00250000000E0024018301FC
003000000012002D018301FC
005100000019002B018401FC
00240000000E002401830203
003000000013002F01830203
00510000001C003201830203
00250000000F00250184020E
00300000001300310184020E
00510000001C00340184020E
00250000000E002401840214
003000000012002D01840214
00510000001A002B01840214
00240000000F00240185021A
002E0000001300300185021A
00530000001C00320185021A
00240000000E002401850224
003000000013002F01850224
00530000001C003001850224
00220000000E00240184022B
003000000013002E0184022B
00530000001C002D0184022B
00220000000F002401840233
003000000013003101840233
00530000001D003401840233
00220000000F00240184023C
00320000001400300184023C
00510000001E00340184023C
00240000000F002401830245
003000000013002F01820245
00510000001C003001830245
00250000000E00240182024C
003000000011002E0182024C
004F00000017002D0182024C
00270000000D002301820254
00300000000F002C01820254
004F00000012002201820254
00270000000D00230185025B
002E0000000F002A0185025B
00530000001400200186025A
00240000000D002401840263
002E00000011002E01840263
005300000017002901850262
00240000000D00240184026C
003000000012002E0184026C
005300000019002B0184026C
00270000000D002201830274
003000000010002901830274
004F00000015002001830274
00290000000E001F0187027C
00300000001100220187027C
00510000001600180187027C
00270000000D0021018D0004
0030000000100028018D0004
0051000000160020018E0004
00250000000D0023018C000E
003000000010002A018C000E
0053000000160022018C000E
002A0000000A0020018B0014
00300000000C0024018B0014
00510000000E001C018B0013
00270000000B0021018B001A
00300000000E0028018B001A
0051000000130020018B001A
00250000000D0023018C0023
002E00000011002A018C0023
0053000000170022018C0023
00240000000E0024018D002C
002E00000012002E018D002C
0053000000190029018D002C
00240000000F0024018D0034
002E00000013002E018D0034
00530000001B002B018E0034
00240000000D0024018B003C
003000000012002D018B003C
0051000000180029018B003C
00270000000C002101890044
00320000000F002901890044
004F00000015002201890044
00250000000E0023018C004C
003000000012002B018C004C
0051000000190024018C004C
00220000000D0023018A0051
003000000012002D018A0051
00510000001B002D018B0051
00240000000E0024018B005B
003200000013002D018B005B
00510000001C002D018B005B
00220000000D0024018B0063
003000000012002E018B0063
00510000001C0032018B0062
00220000000D0024018C006C
003000000012002E018C006C
00530000001B0032018C006B
00240000000C0024018E0074
003000000010002E018E0074
00530000001A0030018E0073
00240000000C0024018C007B
003000000010002D018C007B
00510000001A002B018C007B
00240000000D0024018D0084
003000000011002E018D0084
00530000001A0030018E0084
00240000000E0024018C008D
003200000012002D018C008D
005100000019002B018C008D
00270000000D0023018C0095
003200000011002B018C0095
0051000000160024018C0095
00270000000C0022018D009A
00320000000F0029018D009A
0051000000140024018D009A
00240000000E0023018C00A0
002E00000013002D018C00A0
00530000001A0029018C00A0
00220000000E0024018C00AB
003000000013002F018C00AB
00530000001B0030018C00AB
00250000000E0024018D00B7
003200000013002D018C00B7
00510000001A002B018D00B7
00250000000E0024018C00BC
003000000013002D018C00BC
0051000000190029018C00BB
00240000000F0024018D00C2
002E000000130031018D00C2
00530000001B0032018D00C2
00250000000F0024018C00CC
003000000013002D018C00CC
0051000000190029018C00CC
00250000000E0023018B00D2
003000000012002C018B00D3
004F000000180027018B00D2
00220000000E0024018B00DB
003000000013002E018B00DB
00510000001B002D018B00DB
00240000000D0024018A00E4
0032000000120030018A00E4
00510000001B0032018A00E4
00250000000D0023018900EC
003200000010002C018900EC
004F00000018002B018900EC
00220000000E0024018D00F3
003000000013002E018D00F3
00530000001C0030018D00F3
00220000000F0024018C00FC
003000000014002E018C00FC
00530000001D0030018D00FC
00250000000C0020018A0105
0034000000100026018A0105
004F000000170022018A0104
002A0000000C001F018A010C
00340000000F0024018A010C
004D00000013001E018A010B
00290000000D0023018A0115
0032000000100029018A0115
004F000000130022018A0114
00290000000F0024018B011C
003000000012002E018B011C
004F000000160029018A011C
00290000000D0024018A0125
003000000010002D018A0125
004F000000140029018A0124
00290000000B00210189012B
00320000000C00280189012B
004F0000001100220189012B
00270000000D0024018A0134
00300000000F002E018A0134
005100000015002B018A0134
002A0000000C0023018D013D
00320000000E002A018D013D
0051000000130024018D013D
002A0000000C0023018C0144
00320000000D002B018C0144
0051000000110024018C0144
002A0000000D0022018B014C
00320000000F0029018B014C
004F000000130022018B014C
00270000000E0023018C0153
003000000012002C018C0153
0051000000170024018C0152
00240000000F0024018D015A
003000000014002E018D015A
00530000001C002B018D015A
00220000000E0024018D0163
003000000013002E018D0163
00530000001C002D018E0162
00220000000E0024018D016B
003000000013002F018D016B
00530000001E0032018D016B
00240000000E0024018D0174
003000000013002E018D0174
00530000001D002D018D0173
00240000000E0024018D017D
003000000012002E018D017D
00530000001A002D018D017D
00290000000B002101860186
00320000000D002701860186
004D00000014002001860186
003000000007001A0185018B
003600000008001C0185018B
004D0000000B00180185018B
00270000000A0021018A0193
00320000000C0026018A0192
0051000000140022018A0192
00240000000C0023018C019B
003000000010002C018B019B
005300000019002B018C019A
00220000000D0023018E01A4
003000000012002D018E01A4
00530000001B002B018E01A4
00240000000D0023018C01AD
003200000011002C018C01AD
0053000000190029018D01AC
00250000000D0022018B01B5
0032000000100029018B01B5
0051000000170024018C01B5
00250000000D0022018C01BA
0030000000110029018C01BA
0051000000180022018C01BA
00240000000D0024018C01C3
002E00000011002F018C01C3
0053000000190030018C01C2
00240000000B0023018D01CC
00300000000E002C018D01CC
0053000000160029018D01CC
002C00000007001A019101D4
003200000008001C019101D4
00530000000D0018019101D4
002A0000000D0023018D01DD
00300000000F002C018D01DD
004F000000150024018D01DD
00270000000F0023018C01E3
0030000000130029018C01E3
0051000000170020018C01E2
00240000000E0023018C01E9
002E00000012002C018C01E9
00510000001A0027018C01E8
00220000000E0024018D01F4
003000000013002D018D01F4
00530000001C002D018D01F4
00240000000E0024018C01FC
003000000013002E018C01FC
00510000001A002B018C01FC
00240000000D0024018D0203
003000000011002D018D0203
005300000019002D018D0203
00240000000D0024018C020C
003000000011002E018C020C
005300000019002D018C020C
00240000000D0024018C0214
003000000012002E018C0214
00510000001A002D018C0214
00250000000D0024018E021C
003000000012002E018E021C
005300000019002D018E021C
002A0000000D002101910225
003000000010002601920225
005100000016002201920224
00270000000D00200191022A
00300000001000250191022A
005300000018001E01910229
00220000000F0024018C0233
0030000000140031018C0233
00530000001E0032018C0233
00220000000E0024018C023B
003000000013002E018C023C
00530000001E0030018C023B
00220000000E0024018C0243
003000000013002E018C0243
00510000001D0030018C0242
00240000000D0024018A024C
003200000012002E018A024C
00510000001A0032018A024C
00250000000B002201890254
00300000000E002901890254
005100000012002201890254
00250000000D0023018A025B
002E00000010002C018A025B
0051000000160024018A025B
00240000000E0024018C0263
003000000012002E018C0263
005300000018002B018D0263
00240000000D0024018D026C
003000000011002E018D026C
005300000017002B018D026C
00270000000D0021018D0275
0032000000120027018D0275
005100000017001E018D0274
00290000000E001A018B027C
003200000012001B018B027C
0051000000160012018C027B
00270000000F002001950004
003000000012002401940004
005100000016001A01950004
00270000000E00230194000C
002E00000011002A0194000C
005100000016001E0194000C
00270000000D002301930014
00300000000F002A01930014
005100000015002201930013
00250000000D00230194001C
003000000010002B0194001C
00530000001700240194001C
00250000000D002201940024
003000000010002901940024
005300000016002001940023
00240000000E00240195002B
002E00000012002D0195002B
00530000001800270196002B
00240000000D002401940034
003000000011002E01940034
005300000019002D01950034
00240000000D00230195003C
003000000011002D0195003C
00530000001900290195003C
00270000000C002301950046
00320000000F002A01950046
005100000017002901950046
00270000000C00210196004B
00320000000F00290196004B
00530000001600240196004B
00250000000D002301950050
003000000011002D01950050
00530000001A002D0196004F
00220000000D00240194005B
003200000013002F0194005B
00530000001E00340194005B
00220000000E002401950064
003000000013002F01950064
00530000001E003401960064
00250000000D00240198006E
003200000012002E0197006E
00530000001A00300198006E
002E0000000B002101990076
00320000000C002601990076
005100000012002201990075
002A0000000C00240196007B
00300000000E002D0196007A
005100000015002B0196007A
00250000000D002401950082
002E00000010002E01950082
005100000018002D01950081
00240000000D00230193008A
003000000010002D0193008A
005100000019002D0193008A
00250000000C002301910094
00320000000F002B01910094
004F00000016002901910094
00240000000C00220191009B
00320000000F002A0191009B
004F0000001600270191009B
00270000000B0021019900A4
00300000000E0026019900A4
0053000000150022019900A4
00270000000C0022019800AC
00300000000F0029019800AC
0051000000150024019800AB
00250000000E0023019300B4
003200000012002D019300B4
004F00000019002B019300B4
00250000000D0022019100BB
003200000011002A019100BB
004F000000170024019100BB
00240000000D0024019300C4
003000000012002E019300C4
00510000001A0030019300C4
00240000000D0023019300CC
003200000011002B019300CC
0051000000190029019300CB
00240000000D0024019400D3
003000000011002D019400D3
005100000019002D019400D3
00240000000E0024019600DC
003000000012002E019600DC
005300000019002D019600DC
00240000000D0024019500E3
003000000012002E019500E3
00510000001A002D019500E3
00220000000F0024019500EB
003000000013002E019500EB
00530000001D0030019500EB
00220000000E0024019600F4
003000000013002F019600F4
00530000001D0032019600F4
00240000000D0024019600FC
003000000012002E019600FC
00530000001A0030019600FC
00220000000D002401940103
003000000012002E01940103
00530000001B002D01940102
00240000000C00230193010B
003200000010002D0193010B
005100000019002D0193010B
00240000000C002301920114
003000000010002D01910114
00510000001A002D01920114
00250000000C00240191011D
00320000000F002D0191011D
005100000017002B0191011D
00250000000B002301920123
00300000000F002B01910123
005100000016002901920123
00240000000C00240192012B
003000000010002E0192012B
005100000018002D0192012B
00250000000C002301920135
003200000010002C01920135
005100000016002B01920135
00270000000D00230191013D
00320000000F002A0191013D
004F0000001400240191013C
00290000000C002301960145
00320000000E002C01960145
005100000013002901960145
00290000000D00230197014C
003000000010002C0197014C
00510000001600270197014C
00250000000E002401930154
003000000012002D01930154
00510000001A002B01940154
00240000000D00230194015B
003000000012002C0194015B
00530000001900290194015B
00220000000E002401950162
003000000013002D01950162
00530000001C002B01950162
00220000000F00240195016B
003000000014002E0195016B
00530000001E00300195016B
00220000000F002401940174
003000000015003001940174
005300000020003401950174
00240000000E00230194017C
003200000013002D0194017C
00510000001B002D0194017C
00240000000D002301930183
003000000012002A01930183
00510000001B002701940183
00240000000D00240194018B
003000000012002D0194018B
00510000001900290194018A
00240000000D002401940193
003000000012002E01940193
00510000001A002D01940193
00220000000D00240195019C
003000000012002E0195019C
00530000001D00300195019C
00240000000D0023019501A4
003000000012002C019501A4
00530000001A0029019501A4
00240000000D0023019601AB
003000000011002C019601AB
0053000000180029019601AB
00220000000D0023019701B4
003000000012002A019701B4
00530000001A0027019701B3
00240000000D0023019301BB
003000000012002C019301BB
00510000001B0029019401BB
00240000000D0024019501C3
003200000011002D019501C3
00530000001A002D019501C3
00250000000A0021019401D1
00360000000E0027019401D1
0051000000140024019401D0
002A00000009001B019201D5
00340000000A001C019201D5
004F0000000E0016019201D4
002A00000009001D019301D9
00320000000A0020019301D9
00510000000E0018019301D8
00250000000D0022019101E2
0030000000100029019101E3
0051000000150020019201E2
00240000000D0024019501EC
003000000012002D019501EC
005300000019002B019501EB
00220000000E0024019601F3
003000000013002E019601F3
00530000001B0030019601F3
00220000000E0024019401FB
003000000013002E019501FB
00530000001C0030019501FB
00240000000D002301940204
003000000012002C01940204
00510000001B002901940204
00250000000C00220198020C
00300000001000290198020C
00530000001900240198020B
00250000000E002401970214
003000000012002D01970214
00510000001A002B01970213
00250000000F00240194021F
003200000013002E0194021F
00510000001A002B0194021F
002E0000000B001B01940226
00360000000E001D01940226
004D00000013001801940225
002A00000009001901930228
00340000000A001A01930228
00510000000E001301930228
00240000000D002301940230
003000000011002D01940230
005300000019002B01940230
00220000000D00240194023C
003000000013002E0194023C
00530000001C00300194023B
00240000000D002301940243
003000000012002C01940243
00510000001B002901940243
00220000000D00240197024C
003000000011002E0197024C
00530000001A00320197024C
00290000000A002001990254
00300000000C002501990254
005300000012001E01990254
00270000000C00230197025C
00300000000F002C0197025C
00530000001400240197025C
00290000000C002301980265
00300000000E002A01980265
005300000013002401980265
00290000000C00230196026C
002E0000000E002B0196026C
00510000001200240196026C
002A0000000D002101940274
00320000000F002601940274
004F00000015001E01950274
00290000000E001F0194027B
00320000001200220194027B
00510000001700180194027B
003A00000008000F019F0008
003C00000008000F019F0008
004F00000008000F019F0008
003A00000005000D01A00009
003800000005000E01A00009
005300000006000C01A00009
002A0000000C0022019D0010
002C0000000E0029019D0010
005100000012001E019D000F
00250000000D0023019C001C
002E00000010002B019C001C
0053000000170024019D001C
00240000000D0023019C0023
002E00000011002C019C0023
0053000000170024019C0023
00250000000E0023019D002C
002E00000012002C019D002C
0053000000170024019D002B
00250000000D0023019E0034
003000000011002C019E0034
0053000000190029019E0034
00250000000D0023019C003B
003000000011002D019C003B
0051000000180029019D003B
00250000000C0023019A0044
003200000010002C019A0044
004F000000170029019A0044
00270000000B001E0199004B
00340000000F00210199004B
004F00000015001C0199004B
00220000000E0024019C0052
003000000013002E019C0052
00510000001D0032019C0052
00220000000E0024019D005C
003200000013002E019D005C
00530000001E0034019D005C
00240000000E0024019D0064
003200000013002E019D0064
00530000001C0032019D0064
00290000000C0023019B0070
00360000000F0029019B0071
004F000000140029019B0070
002E0000000D0022019B0077
00340000000E0029019A0077
004D000000100020019A0076
002C0000000E0023019C007C
00300000000F002C019B007C
004F000000120024019B007B
00270000000F0024019C0082
002E00000013002E019C0082
005100000018002B019C0082
00240000000E0024019C008A
002E00000012002E019C008A
00530000001A002B019C008A
00240000000D0024019D0094
003000000012002E019D0094
00530000001A0030019D0093
00240000000D0023019D009D
003200000012002D019D009D
00510000001A002B019E009D
00270000000C001F019B00A5
00340000000F0024019B00A5
005100000015001E019B00A5
00270000000C001F019B00A9
00320000000F0022019B00A9
004F00000014001C019B00A9
00240000000D0023019B00B1
003000000011002B019B00B1
005100000019002B019B00B1
00240000000E0024019F00BB
002E00000012002D019F00BB
00530000001B002D019F00BB
00240000000D0024019D00C4
003000000011002E019D00C4
00530000001A0030019D00C3
00240000000D0023019D00CC
003200000012002D019D00CC
00510000001A002B019D00CB
00240000000D0024019C00D5
003200000012002D019C00D5
00510000001A002B019C00D4
00240000000D0024019B00DB
003000000012002D019B00DB
00510000001A0030019B00DA
00240000000D0024019B00E3
003000000012002D019B00E3
00510000001A002D019B00E2
00220000000E0024019C00EC
003000000013002F019C00EC
00530000001C0030019C00EC
00240000000F0024019D00F6
003000000014002E019D00F6
00530000001C0030019D00F6
0025000000100024019D00FC
003000000015002F019D00FC
00510000001D002D019D00FC
00250000000F0025019D0105
0030000000130031019D0105
00530000001D0034019D0104
00270000000E0024019E010C
0030000000120030019E010D
0053000000190032019E010C
00250000000F0025019E0113
002E000000130032019E0113
00530000001E0034019E0113
00250000000E0025019D011C
0030000000120031019D011C
00510000001B0034019D011B
00270000000C002301A00124
003000000010002B01A00124
005300000018002901A00123
00250000000D002301A0012B
003000000011002D01A0012B
005300000019002B01A0012B
00240000000E0024019D0134
003000000012002F019D0134
00510000001B0030019D0133
00250000000E0024019B013E
003200000012002D019B013E
005100000018002B019B013E
00290000000D0023019B0146
003200000010002C019A0146
004F000000160029019B0146
00290000000D0021019B014A
0030000000100028019B014A
004F000000140020019B014A
00250000000D0024019B0152
003000000010002E019B0152
005100000017002D019B0152
00240000000E0024019C015B
003000000012002D019C015B
00510000001B002D019D015B
00220000000F0024019C0164
003000000013002F019C0164
00530000001D0032019C0164
00240000000F0024019E016C
003000000013002E019E016C
00530000001D0030019F016C
00240000000F0024019E0173
003000000013002E019E0173
00530000001D002D019E0173
00240000000E0024019D017C
003000000013002E019D017C
00510000001B0030019D017C
00240000000C0023019C0183
003000000010002B019C0183
0051000000180027019D0183
00240000000D0024019D018C
003000000011002D019D018C
005300000019002B019D018B
00270000000C0023019F0194
00300000000F002D019F0194
005300000016002B01A00194
00240000000D0024019E019B
002E00000010002D019E019B
005300000019002B019F019B
00240000000D0023019C01A4
003000000011002D019C01A4
00510000001A002B019C01A3
00240000000D0023019C01AD
003200000012002A019C01AD
00530000001A0029019D01AD
00250000000D0021019C01B3
0032000000110027019C01B4
005300000017001E019C01B3
00240000000D0022019C01B9
003000000011002A019C01B9
0053000000180024019D01B8
00220000000E0024019D01C3
003000000013002E019D01C3
00530000001D002D019D01C3
00220000000E0024019F01CC
003000000013002E019F01CC
00530000001C002D019F01CC
00240000000C0023019A01D4
003200000010002B019A01D3
0051000000180024019B01D3
00240000000D0023019C01DC
003000000010002C019C01DC
0053000000180029019C01DB
00240000000C0023019C01E3
003000000010002B019C01E3
0053000000170027019C01E3
00250000000D0024019C01EC
003000000012002D019C01EC
0053000000190029019C01EC
00240000000E0024019C01F4
003000000013002D019C01F4
00510000001B002B019C01F4
00240000000E0024019C01FB
003000000013002E019C01FB
00530000001B002D019D01FB
00240000000E0023019C0205
003000000013002D019C0205
00510000001C002B019C0204
00270000000B001F019A020C
00340000000F0024019A020C
005100000016001E019B020C
00250000000C0021019A0212
0032000000100029019A0212
0051000000170024019B0211
00240000000D0023019A021B
003000000011002B019A021B
0051000000190029019A021B
00250000000B002201970225
00340000000E002A01970225
004F00000015002701970224
00250000000C00230199022A
00320000001000290199022A
004F0000001700240199022A
00240000000F002401A00234
003000000013002E01A00234
00530000001D003001A00234
00290000000B002001A1023C
00300000000E002501A1023C
005100000014002001A1023B
00240000000D0024019D0243
003000000011002D019D0243
00510000001A002B019D0243
00250000000C0022019C024F
00340000000F0029019C024F
0051000000160027019C024F
00270000000B001F019B0254
00320000000E0022019B0254
005100000013001A019B0254
00270000000B0022019B025A
00300000000E0029019B025A
0051000000130022019B025A
00270000000C0023019B0264
00300000000E002A019B0264
004F000000140024019B0264
00270000000C0022019A026B
00300000000E0029019A026B
0051000000110020019A026B
00270000000B002201990273
00300000000E002901990273
004F000000130022019A0273
00290000000D001E019B027B
0032000000110020019B027B
0051000000160016019B027B
003200000008001501A10007
003A00000008001501A00007
004F00000009001001A10007
003A00000006000801A1000A
003C00000006000801A1000A
004F00000006000901A10009
002900000009002101A2000E
002E00000008002601A2000E
00530000000B001E01A2000E
00250000000E002401A5001C
002E00000011002D01A5001C
005300000017002901A6001C
00240000000E002401A50024
002E00000011002D01A50024
005300000018002701A60024
00250000000D002301A4002B
002E00000011002C01A4002B
005100000017002401A5002B
00250000000C002201A30033
003000000010002A01A30033
005100000016002401A30033
00240000000D002301A3003B
002E00000010002D01A3003B
005100000018002901A4003B
00240000000C002301A30044
00300000000F002A01A30044
005100000018002701A40044
00240000000C002301A4004B
003000000010002A01A4004B
005300000019002901A5004B
00240000000D002301A60054
003200000012002D01A70054
00530000001C002D01A70054
00240000000D002301A6005B
003000000012002D01A6005B
00530000001B002D01A6005A
00220000000E002401A50064
003000000013002E01A50064
00530000001D003001A50064
00240000000D002401A4006D
003000000010002D01A4006D
005100000019002D01A4006D
00290000000B002301A00076
00320000000E002B01A00076
004F00000014002901A00076
00290000000B002301A2007D
00320000000D002B01A2007D
004F00000012002701A2007C
00270000000C002301A30083
00300000000F002C01A30083
005100000015002701A30082
00250000000D002301A6008B
003000000010002D01A6008B
005300000018002901A6008B
00240000000E002401A60094
003000000013002F01A60094
00530000001B003001A60094
00240000000E002301A4009C
003000000012002C01A4009C
005100000019002701A4009C
00240000000D002401A400A2
003000000012002D01A400A2
00530000001A002901A400A2
00250000000D002401A500AD
003200000010002D01A500AD
005300000017002B01A500AD
00290000000D002301A800B5
00300000000F002B01A800B5
005300000015002701A800B5
00290000000D002401A600BC
003000000010002D01A600BC
005100000016002701A600BC
00290000000C002301A800C3
00300000000E002A01A800C3
005100000014002701A800C3
00250000000E002401A600CA
003000000012002D01A600CA
005100000019002701A600CA
00220000000D002401A400D2
003000000012002E01A400D2
00530000001B003001A400D2
00220000000D002401A300DB
003000000013003001A300DB
00510000001C003401A300DB
00240000000D002401A600E5
003200000012002D01A600E5
00530000001A003001A600E5
00270000000C002301A700EC
00300000000F002A01A700EC
005300000016002701A800EC
00250000000F002501A500F5
003000000013003001A500F5
00510000001C003001A500F5
00250000000F002401A300FD
003200000013002F01A300FD
00510000001B003001A300FC
002500000010002501A40104
003000000015003201A40104
00510000001D003601A40104
00250000000F002501A3010D
003200000013003101A3010D
00510000001B003401A3010D
00250000000F002501A40114
003000000013003101A40114
00510000001B003201A40114
00250000000F002401A3011C
003000000012002F01A3011C
005100000019002D01A3011B
00270000000D002201A30125
003200000012002901A30125
005100000017002201A30124
00250000000D002101A3012A
003200000010002901A3012A
005100000017002201A3012A
00240000000E002401A40133
003000000013002D01A40133
005300000019002B01A50133
00270000000D002401A9013C
003000000011002D01A9013C
005300000019002D01A9013C
00250000000D002401A20144
003000000010002E01A20144
005100000018002D01A20144
00250000000D002301A3014C
003000000010002B01A3014C
005100000018002901A3014B
00220000000E002401A40155
003000000012002F01A40155
00530000001C003201A40154
00240000000F002401A4015C
003000000013002E01A4015C
00510000001C003001A4015C
00240000000E002401A40164
003000000013002E01A40164
00510000001C003001A40164
00240000000E002301A4016C
003000000013002C01A4016C
00530000001B002901A4016B
00240000000E002401A40172
003000000013002D01A40172
00510000001C002D01A40172
00240000000D002401A3017C
003000000012002D01A3017C
00510000001B002D01A4017C
00240000000D002401A50184
003000000012002D01A50184
00530000001B002B01A50184
00250000000D002401A6018D
003000000010002D01A6018D
005300000019002B01A6018C
00270000000D002301A30194
003000000010002C01A30194
005100000018002901A30193
00250000000D002301A4019A
002E00000010002C01A4019B
005100000019002901A4019A
00240000000E002401A701A3
002E00000012002E01A701A3
00530000001B002D01A701A2
00240000000D002401A501AB
003000000011002E01A501AB
00530000001A002D01A501AB
00240000000D002301A501B5
003200000012002D01A501B5
005300000019002901A501B5
00290000000B002001A901BC
00300000000E002501A901BC
005300000013001E01A901BC
00250000000E002301A401C2
003000000011002C01A401C2
005100000018002401A501C2
00240000000E002301A501CB
003000000013002C01A501CB
00530000001A002701A501CA
00240000000F002401A501D3
002E00000013002D01A501D3
00530000001A002901A501D3
00240000000F002401A601DC
002E00000013002E01A601DC
00530000001B002D01A601DC
00240000000E002401A601E5
003000000013002E01A601E5
00530000001A002D01A601E5
00240000000D002401A501EB
003000000012002D01A501EB
00530000001A002B01A601EB
00220000000F002401A501F3
002E00000013002E01A501F3
00530000001C002D01A501F2
00220000000F002401A401FC
003000000013002E01A401FC
00530000001D002D01A501FC
00240000000F002401A50204
003000000013002D01A50204
00530000001C002B01A50204
00220000000E002401A4020B
003000000013002F01A4020B
00530000001C003001A5020B
00220000000E002401A60214
003000000013002F01A60214
00530000001E003401A60214
00240000000E002401A5021B
003000000013002F01A5021C
00530000001D003201A5021B
00220000000F002501A50225
003200000015003101A50225
005300000020003401A50225
00240000000F002401A4022C
003200000015003001A4022C
00510000001E003201A4022C
00270000000D002301A40236
003400000012002A01A40236
004F00000018002901A40236
00290000000C002001A3023B
00320000000F002401A3023B
004F00000013001C01A3023A
00250000000C002101A4023F
00320000000F002901A4023F
005100000017002401A4023F
00220000000D002401A4024C
003200000012003001A3024C
00530000001C003401A4024C
00240000000C002301A30254
00300000000F002B01A30254
005100000016002401A30253
00220000000D002401A4025C
003000000011002E01A4025C
005300000018002B01A4025C
00240000000D002401A30264
003000000012002E01A30264
005300000018002B01A40263
00250000000C002301A3026C
00300000000F002B01A3026C
005100000014002401A4026C
00270000000B002301A40274
00300000000E002A01A40274
005100000014002201A50273
00290000000D002101A5027C
003000000010002601A5027C
005100000016001E01A5027B
003000000009001A01AB0007
003400000008001B01AB0007
004F00000009001501AB0007
002E00000008001A01AC000A
003200000008001B01AC000A
00530000000A001301AC0009
00290000000B002301AD0013
00300000000C002A01AD0013
00530000000F002001AE0013
00270000000D002301AC001D
003000000010002B01AC001D
005100000014002201AC001D
00250000000D002301AB0024
003000000010002A01AB0024
005300000014002201AC0023
00250000000D002401AC002C
003000000011002D01AC002C
005300000016002901AC002C
00250000000D002401AD0034
003000000010002D01AC0034
005100000018002B01AD0033
00270000000D002301AD003B
00300000000F002D01AC003B
005100000015002701AD003B
00250000000C002301AE0043
00300000000F002B01AE0043
005300000016002701AE0042
00240000000D002301AD004B
003000000011002C01AD004B
00530000001A002901AE004B
00220000000D002301AB0054
003200000013002C01AB0054
00510000001C002D01AB0054
00220000000E002401AB005C
003000000013002E01AB005C
00510000001D003001AC005B
00250000000D002301AD0066
003200000012002B01AD0066
00510000001A002901AD0065
00270000000D002301AC006B
003200000010002C01AC006B
005100000017002901AC006B
00270000000B002201AA0073
00320000000E002901AA0073
005100000014002401AA0072
00250000000A002301A8007B
00320000000C002D01A8007B
005100000014002D01A8007B
00250000000B002301AB0085
00320000000E002C01AB0085
005100000015002B01AB0085
00250000000C002101AB008C
00320000000F002801AB008C
005100000015002201AB008C
00240000000D002301AB0092
003000000011002B01AB0092
005300000017002701AC0092
00240000000D002301AB009C
003000000012002D01AB009C
005100000019002B01AB009C
00250000000D002301AE00A5
003000000012002C01AE00A5
005300000018002901AE00A4
00290000000E002401AE00AF
003200000011002D01AE00AF
005100000016002901AE00AF
002A0000000F002401AC00B5
003000000012002D01AC00B5
004F00000017002701AC00B4
00290000000D002301AB00BC
003000000010002C01AB00BC
004F00000015002701AB00BB
00270000000D002101AA00C2
003200000010002801AA00C2
004F00000015002001AA00C2
00250000000D002201AB00C9
003000000011002901AB00C9
005100000018002401AB00C9
00240000000D002401AC00D2
003000000012002E01AC00D2
00530000001B003001AD00D2
00220000000E002401AD00DB
003000000013003101AD00DB
00530000001D003601AD00DB
00240000000E002401AC00E5
003200000013002E01AC00E5
00510000001C003001AC00E5
00250000000D002201AA00ED
003200000012002901AA00ED
00510000001A002701AB00ED
00250000000D002401AC00F3
003000000012002E01AC00F4
005100000019002D01AC00F3
00250000000F002401AC00FB
003000000013003001AC00FB
00510000001A003201AC00FB
00240000000E002401AB0104
003000000013003001AB0104
00510000001C003401AB0104
00240000000E002501AB010C
003000000013003101AB010C
00510000001C003601AB010C
00250000000E002401AA0113
003200000012002D01AA0113
004F0000001A002D01AA0113
00220000000D002401AA011B
003000000012002E01AA011B
00510000001B003001AB011B
00240000000D002401AC0123
003000000011002E01AC0123
005100000019003001AC0123
00240000000C002301AB012C
003000000010002D01AB012B
005100000019002D01AB012B
00270000000D002301AC0138
003400000010002B01AC0138
005100000018002D01AC0138
00270000000D002301AC013D
003200000012002C01AC013D
005100000018002901AC013D
00270000000E002401AC0142
002E00000012002E01AC0142
005100000018002D01AC0141
00250000000C002301AC014B
00300000000F002B01AB014B
005100000017002901AC014A
00220000000D002401AC0153
003000000011002F01AC0153
005300000019003001AC0153
00240000000E002401AD015C
003000000013002E01AD015C
00510000001B003001AD015C
00240000000D002401AE0162
002E00000012002D01AE0162
00530000001A002D01AE0162
00240000000D002301AC016B
003000000012002A01AC016B
00510000001A002701AC016B
00220000000D002301AD0173
003000000011002D01AD0173
00530000001A002B01AD0173
00250000000C002201AE017E
00320000000F002901AE017E
005300000017002701AF017E
00270000000D002201AE0184
003000000010002901AE0184
005100000016002001AE0184
00250000000D002201AB018B
003000000010002901AB018B
005100000016002201AB018A
00250000000D002401AB0193
003000000011002D01AB0193
005100000019002901AC0193
00250000000E002401AC019D
003000000012002D01AC019D
00530000001B002D01AC019D
00250000000D002301AB01A3
003000000012002D01AB01A3
00510000001A002901AC01A3
00220000000E002401AC01AB
002E00000012002F01AC01AB
00530000001C003201AD01AB
00270000000D002301AC01B8
003400000010002901AC01B8
005100000017002701AC01B7
00270000000D002001AB01BC
003200000010002401AB01BC
005100000015001A01AB01BB
00270000000D002101AC01C0
003000000010002901AC01C0
005100000016002001AC01C0
00220000000D002401AC01CB
003000000012002E01AC01CB
00530000001A002D01AC01CB
00240000000D002301AC01D4
003000000011002D01AC01D4
005300000019002B01AD01D4
00250000000E002401AD01DD
003000000012002D01AC01DD
005300000018002B01AD01DD
00290000000D002401AD01E6
00320000000F002D01AD01E6
005100000014002701AD01E6
00270000000E002401AE01EC
003000000011002D01AD01EC
005100000017002901AE01EC
00250000000F002401AE01F2
002E00000012002E01AE01F3
005300000018002901AE01F2
00240000000E002401AE01FC
002E00000012002E01AE01FC
005300000019002B01AE01FC
00250000000F002401AD0204
003000000013002E01AD0204
00510000001A002B01AD0203
002400000010002501AE020E
003000000015003201AE020E
00530000001D003201AE020D
002500000010002501AD0215
003200000016003201AD0215
00510000001F003401AD0214
00250000000F002401AC021A
003000000013003001AC021A
00510000001B002D01AC021A
00220000000F002401AC0222
003000000015003101AC0223
00530000001E003201AC0222
00220000000F002501AC022C
003000000015003101AC022C
00530000001F003601AC022B
00250000000D002401AD0235
003000000012003001AD0235
005300000018003201AD0235
002A0000000D001F01B1023C
003200000010002201B1023C
005100000015001E01B1023C
00250000000E002301AE0242
003000000012002C01AE0242
00510000001C002901AE0241
00240000000E002401AD024B
003200000013002F01AD024B
00510000001D003201AD024A
00220000000E002401AC0253
003000000013002F01AD0253
00530000001C003001AD0253
00220000000E002401AD025C
003000000013002E01AD025C
00530000001B002B01AD025C
00240000000F002401AD0264
003000000013002E01AD0264
00530000001A002901AD0263
00250000000E002401AC026C
003000000011002D01AC026C
005100000016002701AC026B
00270000000D002301AC0274
003000000010002B01AC0274
005100000016002201AC0274
002A0000000D001F01AC027B
003200000011002201AC027B
005100000015001801AC027B
002A0000000B001E01B10005
00320000000C002001B00005
004F0000000F001601B10005
002A0000000A001D01AF000C
00320000000B001F01AF000C
004F0000000F001801B0000B
00250000000D002301B40014
002E0000000F002C01B40014
005100000014002401B40013
00250000000D002401B2001C
002E00000010002D01B2001C
005100000016002401B2001C
00250000000E002401B40024
002E00000011002D01B40024
005300000018002901B50024
00250000000F002401B4002C
002E00000012002D01B4002C
005300000018002701B4002C
00250000000F002401B30033
003000000013002E01B30033
005100000019002901B30033
00240000000E002401B3003C
003000000012002D01B3003C
005100000019002901B3003B
00240000000D002301B60043
003000000011002C01B60043
005300000018002701B60043
00250000000C002301B8004E
00300000000F002C01B8004E
005300000015002901B8004D
002C00000009001E01B90054
00340000000A002001B90054
005100000011001E01B90054
00250000000E002401B5005A
003000000012002E01B5005A
00510000001B002B01B60059
00220000000E002401B20063
003000000013002D01B30063
00510000001D002D01B30063
00240000000C002201B0006A
003200000010002B01B0006A
004F00000019002B01B0006A
00220000000D002301B40074
003000000010002D01B40074
005100000019002D01B40074
00240000000C002301B5007C
003000000010002D01B5007C
005300000019002B01B5007C
00250000000D002401B70085
003000000010002D01B70085
005300000017002B01B70084
00250000000D002301B7008B
003000000011002C01B7008B
005300000018002901B8008B
00240000000E002401B60093
003000000012002E01B60093
00530000001A003001B60093
00240000000D002401B7009B
003000000012002D01B7009B
00530000001A002D01B7009B
00250000000E002301B300A6
003400000012002A01B300A6
005100000019002701B300A5
00270000000D002101B200AE
003400000011002601B200AE
005100000015001E01B200AD
00290000000F002301B200B4
003200000013002B01B200B4
004F00000018002401B200B3
00250000000E002401B200BB
003000000012002E01B200BB
00510000001A002D01B200BB
00220000000E002401B200C3
003000000013002E01B200C3
00510000001B002B01B200C3
00220000000E002401B500CC
003000000013002E01B500CC
00530000001B002D01B500CC
00240000000E002401B500D4
003000000013002F01B500D4
00530000001C003001B500D4
00240000000E002401B500DB
003000000013003101B500DB
00530000001C003201B500DB
00220000000E002401B400E3
003000000012002F01B400E3
00530000001B003001B400E3
00240000000D002401B400EC
003000000012002E01B400EC
00510000001A003001B400EC
00250000000F002401B300F6
003200000013002F01B300F6
00530000001C003201B300F6
002500000010002401B500FC
003000000015003001B500FC
00530000001C003001B500FC
00250000000E002401B50103
002E00000012002F01B50103
00510000001A003001B50102
00250000000C002301B6010B
003000000010002C01B6010B
005300000019002B01B6010B
00220000000D002401B60113
003000000012002D01B60113
00530000001B002D01B60113
00240000000D002401B5011C
003000000012002D01B5011C
00530000001B002D01B5011C
00240000000D002401B80124
003000000012002D01B80124
00530000001B002D01B80124
00250000000D002301B8012C
003000000011002B01B8012C
00530000001A002B01B9012B
00240000000E002401B30135
003000000013002E01B30135
00510000001D002D01B30135
00250000000E002401B2013E
003200000013002E01B2013E
00510000001A002D01B2013D
00250000000D002301B30143
003000000010002D01B30143
005100000019002B01B30143
00250000000C002401B5014A
003000000010002E01B5014A
005300000018002D01B5014A
00240000000D002301B80153
002E00000010002B01B80153
005500000019002901B80153
00220000000D002401B3015C
003200000012002D01B3015C
00510000001B002D01B3015C
00220000000D002301B40163
003000000012002A01B40163
00510000001B002701B40162
00220000000D002301B3016A
003000000012002B01B3016A
00510000001B002901B3016A
00220000000D002401B30173
003000000013002D01B30173
00530000001C002D01B40173
00240000000C002101B3017E
003200000011002901B3017E
00510000001A002901B3017E
00250000000B001F01B10182
00320000000E002301B10182
004F00000016001E01B20182
00220000000C002301B2018B
003000000010002D01B2018B
005100000019002B01B2018A
00220000000E002401B50194
003000000013002E01B50194
00530000001C003001B50194
00220000000E002401B4019C
003000000013002E01B4019C
00530000001D003001B4019C
00240000000E002401B401A3
003200000013003001B401A3
00510000001D003401B501A3
00220000000F002401B501AC
003000000013002E01B501AC
00530000001D003001B501AC
00220000000D002401B301B3
003000000012002D01B301B3
00530000001B002B01B301B3
00220000000D002401B201BC
003200000012002E01B201BC
00510000001A002D01B201BC
00240000000C002301B401C3
003200000010002C01B401C3
005300000019002901B401C3
00240000000D002401B501CA
003000000012002D01B501CB
00530000001A002901B501CA
00220000000E002401B501D3
003000000013002E01B501D3
00530000001C002D01B501D3
00220000000E002401B301DD
003000000013002E01B301DD
00530000001B002D01B401DD
00250000000D002301B101E5
003000000010002B01B101E5
004F00000016002701B101E5
00250000000E002401B201EC
003000000012002D01B201EC
005100000017002701B201EC
00250000000E002401B401F4
003000000012002F01B401F4
005100000019002D01B401F3
00250000000E002401B301FB
003000000012002D01B301FB
00530000001A002B01B301FB
00240000000F002401B40203
002E00000013002F01B40203
00530000001B003001B40203
002400000010002501B4020E
003000000014003101B4020E
00530000001B003001B5020E
00270000000F002501B50216
003200000013003001B50216
005100000019003001B50216
002C0000000D002301BA021D
003200000010002901BA021D
005300000016002701BA021D
002A0000000D002201BA0223
003000000010002901BA0223
005300000017002401BA0223
002500000010002601B6022B
002E00000015003201B6022B
00530000001F003401B6022B
002A0000000E002301B40239
003600000011002A01B40239
004F00000017002901B40238
002C0000000D001F01B3023C
00340000000F002301B3023C
004D00000012001C01B3023C
002A0000000B001D01B3023E
00300000000C001F01B3023F
00510000000F001801B3023E
00240000000E002401B5024A
003000000013002E01B5024A
00530000001B002D01B5024A
00220000000E002401B50253
003000000013002E01B50253
00530000001C002D01B50253
00210000000E002401B4025B
003000000013002E01B4025B
00530000001C002D01B5025B
00240000000D002401B60265
003000000012002D01B60265
005300000019002B01B60264
00290000000B002001B9026D
00300000000C002401B9026D
005100000011001E01B9026C
002A0000000D002201B50274
00300000000F002901B50274
004F00000014002001B60273
00290000000E002001B4027B
003000000012002401B4027B
005100000017001A01B5027B
00270000000D001F01BC0003
00300000000F002301BC0003
005100000015001C01BC0003
00250000000E002301BB000C
002E00000011002A01BB000C
005100000019002401BC000C
00250000000F002401BD0014
002E00000013002D01BD0014
005300000019002401BE0014
00250000000F002401BC001C
002E00000013002D01BC001C
005300000019002401BC001B
00240000000F002301BC0024
002E00000013002B01BC0024
005300000018002201BD0023
00240000000E002301BB002B
002E00000013002C01BB002B
005300000018002701BB002A
00240000000E002401BD0034
003000000012002E01BD0034
00530000001A002D01BD0034
00250000000D002301BE003D
003000000010002B01BE003D
005300000017002701BE003C
00270000000B002201BB0044
00320000000E002901BB0044
005100000014002401BB0044
002900000008001F01BB004F
00360000000A002301BA004F
005100000012002201BB004F
002900000009001B01BA0054
00360000000C001D01BA0054
005100000011001A01BB0053
00270000000A001F01BB0057
00320000000D002401BB0057
005100000014002001BB0057
00220000000E002401BD0064
003000000013002E01BD0064
00530000001C003001BD0063
00220000000D002401BE006C
003000000012002E01BE006C
00530000001C003201BF006C
00240000000E002401BE0073
002E00000012002F01BE0073
00530000001B003001BF0073
00240000000E002401BD007B
003000000012002E01BD007B
00510000001B003001BD007B
00250000000E002301BB0086
003200000013002C01BB0086
00510000001B002B01BB0086
00250000000F002401BC008C
003000000013002D01BB008C
00510000001A002901BC008C
00250000000E002401BC0094
003000000012002F01BC0094
005100000019003001BC0094
00250000000E002301BD009B
003000000013002B01BD009B
00530000001A002401BD009B
00220000000D002401BC00A3
002E00000013002E01BC00A3
00530000001B002D01BD00A3
00240000000D002301BB00AB
003200000012002C01BB00AB
00510000001B002D01BB00AB
00240000000D002301B900B3
003200000012002A01B900B3
005100000019002901B900B3
00220000000D002401BA00BA
003000000013002D01BA00BA
00510000001B002D01BA00BA
00220000000E002401BD00C5
003000000013002E01BD00C5
00530000001C003001BD00C4
00240000000D002401BE00CD
003000000012002E01BE00CD
00530000001A002D01BE00CD
00250000000E002401BD00D4
003200000012002E01BD00D4
00530000001A002D01BD00D4
00250000000F002401BE00DB
003000000013002F01BE00DB
00530000001B003001BE00DB
00250000000F002401BE00E3
003000000013002F01BE00E3
00530000001C003001BE00E3
00240000000E002401BE00EC
003000000012002E01BE00EC
00530000001C003201BE00EC
00250000000E002401BD00F6
003200000012003001BD00F6
005100000019003201BD00F5
00270000000F002401BC00FD
003200000013002E01BC00FD
00510000001A002D01BC00FD
00250000000F002501BC0103
002E00000013003001BC0103
00530000001B003001BC0103
00250000000D002401BC010C
003000000011002E01BC010C
00510000001A002B01BC010B
00250000000D002301BC0113
003000000010002B01BC0113
005100000018002701BC0112
00240000000C002401BD011C
003200000010002E01BC011C
00530000001A003001BD011C
00270000000C002101BC0126
003400000010002801BC0126
005100000017002401BC0126
00270000000C002101BB012B
00320000000F002801BB012B
005100000015002201BB012A
00270000000D002301BF0134
003000000010002C01BF0134
005300000016002701BF0134
002E0000000A001B01C1013C
00320000000A001C01C1013C
00510000000F001801C1013B
00270000000E002301BC0142
003000000012002C01BC0142
004F0000001B002701BD0141
00250000000C002301BC014D
00320000000F002A01BC014D
005100000018002B01BC014D
00250000000B002101BB0153
00320000000E002701BB0153
005100000016002201BC0153
00220000000D002401BD015A
003000000012002D01BD015A
00530000001A002B01BD0159
00220000000E002401BE0164
003000000013002E01BE0164
00530000001C003001BE0164
00220000000D002401BE016C
003000000012002E01BE016C
00530000001B003001BE016B
00240000000D002401BF0173
003000000012002E01BF0173
00530000001C002D01BF0173
00220000000E002401BD017B
003000000013002E01BD017B
00530000001D003001BE017B
00250000000D002301C00185
003000000012002C01C00185
00530000001A002B01C00185
003200000008001A01C2018D
003400000009001A01C2018D
00510000000F001A01C2018C
003000000009001E01C00193
00320000000A002101C00193
00510000000F001E01C00193
00270000000B002201BD0199
00300000000E002901BD0199
005100000015002401BE0198
00240000000E002401BD01A4
003000000013003001BD01A4
00530000001C003201BD01A3
00240000000D002401BC01AB
003000000012002E01BC01AB
00510000001B003001BC01AB
00240000000D002401BD01B4
003000000012002E01BD01B4
00530000001A003001BD01B3
00240000000E002401BE01BC
003000000013002E01BE01BC
00530000001A002B01BE01BC
00240000000E002401BE01C3
003000000012002E01BE01C3
005300000019002B01BE01C3
00240000000D002401BD01CC
003000000011002E01BD01CC
005300000019002B01BD01CB
00240000000D002401BD01D4
003000000012002D01BD01D4
005300000019002B01BE01D3
00240000000E002401BE01DC
003000000012002E01BE01DC
00530000001A002D01BE01DC
00250000000F002401BE01E4
002E00000013002F01BE01E4
00530000001B003001BE01E4
00270000000E002401BE01EE
003000000012002F01BE01EE
005300000019003001BE01EE
00290000000C002301BC01F4
00320000000E002A01BC01F4
005100000014002401BD01F4
00250000000D002401BD01FA
003000000010002D01BC01FA
005300000015002701BD01FA
00250000000E002401BE0205
003000000011002D01BE0205
005300000017002701BE0205
003000000009001F01BF020F
003400000009002101BF020F
00510000000C001E01C0020E
002E0000000C002301BD0215
00340000000C002901BD0215
004F0000000F002201BD0215
00320000000D002201BC0220
00360000000E002801BB0220
004D0000000F002001BB021F
00300000000C002001BC0224
00340000000D002301BC0224
004D0000000F001C01BC0223
00290000000E002401BC0228
002E00000010002C01BC0228
005100000015002401BC0228
00250000000F002501BB0234
003000000013003101BB0235
005100000018003001BB0234
00270000000D002301BC023C
003200000010002B01BC023C
004F00000014002701BC023C
00290000000D002301C00244
00300000000F002A01C00244
005100000016002901C00243
00240000000F002401BC024A
003000000013002E01BC024A
00510000001F003001BC024A
00220000000E002401BD0253
003000000012002E01BD0253
00530000001A002D01BD0253
00220000000E002401BD025C
003000000013002E01BD025C
00530000001B002D01BE025B
00250000000C002101BC0267
003400000010002901BC0267
005100000017002401BC0267
00290000000B001F01BB026D
00340000000E002201BB026D
004F00000011001A01BB026D
002C0000000B001F01BA0272
00320000000C002201BA0272
004F0000000E001A01BA0271
002A0000000E001F01BC027B
003000000012002201BC027B
005100000016001601BC027A
002A0000000D001E01C40005
003000000010002101C40005
004F00000013001801C40004
002C0000000D002001C5000E
00320000000E002501C5000E
004F00000012001E01C5000D
002A0000000E002101C50012
003000000010002701C50012
005100000013001C01C50012
00250000000E002301C4001A
002E00000011002C01C4001A
005300000016002201C40019
00250000000E002301C60024
002E00000012002D01C60024
005300000017002701C60024
00270000000E002301C8002C
002E00000012002B01C8002C
005300000017002401C8002C
00250000000D002301C40035
003200000011002B01C40035
005100000019002701C40034
00240000000C002101C3003A
00300000000F002701C3003A
005100000016002001C3003A
00220000000C002301C20042
003000000010002D01C20042
005100000019002D01C20042
00220000000D002401C3004C
003200000011002D01C3004C
00530000001B003001C3004C
00220000000D002301C10052
003400000012002B01C10052
00510000001D002B01C10052
00210000000E002401C4005C
003200000014002E01C4005C
00530000001F003401C5005C
00220000000E002401C50065
003200000014002E01C50065
00530000001F003201C50065
00240000000E002401C4006D
003200000013002E01C4006D
00510000001C002D01C4006D
00250000000E002401C40074
003200000013002E01C40074
00510000001B002D01C40074
00240000000E002401C4007B
003000000012002E01C4007B
00530000001A003001C4007B
00240000000D002401C40084
002E00000012002F01C40084
00530000001A003001C50084
00250000000C002301C4008B
00300000000F002D01C4008B
005100000016002901C4008B
00250000000C002301C30093
00300000000F002D01C30093
005100000016002901C40093
00240000000D002401C4009C
003000000012002D01C4009C
005300000019002901C5009C
00250000000D002401C500A2
003000000010002D01C500A3
005300000018002901C500A2
00220000000D002401C400AB
003000000013002E01C400AB
00530000001C003001C400AB
00220000000D002401C500B4
003000000012002E01C500B4
00530000001B003001C600B4
00240000000D002401C700BB
003000000012002E01C700BB
00530000001B002D01C700BB
00220000000E002401C400C4
003000000013002F01C400C4
00530000001D003201C400C4
00220000000F002401C400CC
003000000015002E01C400CD
00530000001E002D01C400CC
00240000000F002401C300D4
003000000014002F01C300D4
00510000001D003001C300D4
00250000000F002501C400DF
003200000013003101C400DF
00530000001A003401C400DF
00270000000E002401C500E4
003000000012002E01C500E4
00510000001A002D01C500E4
00250000000D002301C400EB
003000000010002C01C400EB
005100000018002901C400EA
00250000000B002101C300F2
00300000000E002901C300F2
005100000015002201C300F2
00250000000E002401C400FE
003000000012002F01C400FE
005100000018003001C400FE
00270000000F002401C40105
003000000012002E01C40105
005100000019002B01C40104
00270000000E002401C4010C
003000000011002D01C4010C
005100000018002901C4010B
00250000000D002401C50112
003000000010002D01C50112
005300000018002901C50112
00240000000E002401C7011B
002E00000013002D01C7011B
00550000001B002901C7011B
00220000000D002401C30123
003000000012002D01C30123
00510000001C002D01C30123
00240000000C002401C2012C
003200000010002E01C2012C
004F00000019003201C2012C
002C0000000B001B01C30139
00380000000D001C01C30139
004D00000010001801C30139
002C0000000C001B01C3013C
00340000000E001C01C3013C
004F00000010001301C3013C
002A0000000B001B01C4013E
00300000000D001C01C4013E
004F00000011001501C4013E
00250000000D002301C6014C
003000000010002C01C6014C
005300000019002901C6014C
00220000000E002401C60153
003000000013002D01C60153
00530000001B002B01C60153
00220000000D002301C4015C
003000000013002C01C4015B
00530000001D002B01C4015B
00220000000E002401C40164
003000000013002E01C40164
00510000001D003201C40164
00240000000F002401C4016C
003200000013002D01C4016C
00510000001C002D01C4016C
00240000000E002401C40173
003000000013002D01C40173
00510000001C002B01C40173
00240000000F002401C6017C
003000000013002F01C6017C
00530000001C003001C6017B
002A0000000C002001C40188
00360000000F002401C40188
004F00000015002001C40188
00300000000A001D01C3018E
00360000000B001E01C3018E
004D0000000E001A01C3018E
003200000008001201C20191
003600000008001201C20191
004D00000009000F01C20191
00250000000D002201C40198
003000000011002901C40198
005100000017002201C40198
00240000000E002401C501A3
003000000013003001C501A3
00530000001C003401C501A3
00240000000E002401C401AB
003200000013003101C401AB
00510000001E003601C401AB
00240000000D002401C401B5
003000000012002D01C401B5
00530000001B002D01C401B4
00250000000E002401C401BC
003000000012002E01C401BC
005100000019002D01C501BC
00250000000E002401C501C4
003000000012002D01C501C4
005100000019002B01C501C3
00250000000E002401C601CC
003000000012002E01C601CC
005300000019002B01C601CC
00250000000F002401C501D3
003000000013002E01C501D3
00510000001A002B01C501D3
002400000010002501C401DC
003000000015003101C401DC
00510000001D003201C401DC
00250000000F002401C601E4
003000000015002D01C701E5
00510000001C002901C701E4
00250000000F002401C301EB
003000000014002D01C301EB
004F0000001B002901C401EB
00250000000D002201C101F3
003200000010002901C101F3
004F00000017002401C101F3
00240000000F002401C601FC
003000000013002E01C601FC
00530000001B002D01C601FC
00290000000C002401C40206
00340000000F002D01C40206
005100000014002901C40206
002E00000008001A01C1020E
003800000008001B01C1020E
004D0000000A001601C1020E
002E00000007001801C00211
003400000008001901C00211
004D0000000A001301C00211
00290000000C002401BF021D
00320000000E002C01BF021D
004D00000012002701BF021D
00270000000D002201BF0224
00320000000F002901BF0224
004D00000015002201BF0224
00250000000D002401C3022B
003000000011002C01C3022B
005100000019002901C3022A
00250000000C002301C30235
00320000000F002B01C30235
005100000017002901C30235
00270000000D002301C3023F
003400000010002A01C3023F
005100000016002701C3023F
00290000000E002301C40244
003200000011002D01C40244
004F00000018002901C30244
00250000000D002401C40249
003000000012002D01C40249
005100000018002B01C40249
00240000000D002401C70254
003000000011002E01C70254
005300000019002B01C70254
00290000000A001F01CA025B
00300000000C002101CA025B
005500000012001E01CA025B
00220000000F002401C40264
003000000013002F01C40264
00530000001D002D01C40264
00240000000C002301C1026C
003200000010002B01C1026C
004F00000017002701C1026C
00270000000A002101C10274
00320000000C002601C10274
004F00000011001E01C10274
00290000000C001E01C3027B
00320000000F002101C3027B
005100000014001801C3027B
00290000000A001D01C90004
00320000000B002001C90004
004F0000000F001C01CA0004
00290000000A001E01C9000C
00300000000B002101C9000C
00510000000F001801C9000C
00290000000B002101C90012
00300000000D002601C90012
005100000010001E01CA0011
00270000000D002301CE001C
002E00000010002C01CE001C
005300000015002401CE001C
00270000000E002401CD0026
003000000011002C01CD0026
005100000016002401CD0025
00270000000E002201CC002B
003000000011002901CC002B
005100000015001E01CC002B
00240000000D002301CC0031
003000000010002C01CC0031
005100000017002701CC0031
00240000000D002301CC003B
003000000011002C01CC003B
005300000019002901CD003B
00220000000D002301CD0043
003000000012002D01CD0043
00530000001B002B01CD0042
00220000000D002301CD004B
003200000013002D01CD004B
00530000001D003001CD004B
00210000000E002401CD0053
003200000013002E01CD0053
00530000001F003201CD0053
00220000000E002401CD005D
003200000013002E01CD005D
00530000001D003201CE005D
00240000000D002301CC0064
003200000011002C01CC0064
00510000001A002B01CD0063
00240000000D002401CC006D
003200000011002E01CC006E
005300000019003201CC006D
00270000000D002401CE0074
003200000010002D01CE0074
005100000017002901CE0073
00270000000D002401CC007B
003000000011002E01CC007B
005100000018002D01CD007A
00250000000D002401CF0086
003000000011002E01CF0086
005300000017002D01CF0086
003400000009001901D2008D
00340000000A001A01D2008D
00510000000E001801D2008D
002E0000000D002201D00094
00300000000E002901D00094
005100000013002001D00093
00290000000D002301CD009A
00300000000F002A01CD009A
005100000016002201CD009A
00240000000D002501CD00A3
003000000012003101CD00A3
00530000001A003401CD00A3
00240000000E002401CE00AC
003000000013002E01CE00AC
00530000001C003001CE00AC
00240000000E002401CC00B4
003000000013002E01CC00B4
00530000001C002D01CD00B4
00240000000E002301CC00BB
003000000013002D01CC00BB
00510000001B002B01CC00BB
00220000000E002401CD00C4
003000000013003001CD00C4
00530000001D003401CD00C4
00240000000E002401CC00CD
003200000013002D01CC00CD
00530000001B002B01CC00CD
00240000000E002401CD00D3
003000000012002E01CD00D3
00530000001A002D01CD00D3
00240000000F002501CC00DD
003000000013003101CC00DD
00510000001B003201CC00DD
00270000000D002401CC00E4
003000000010002E01CB00E4
005100000018002D01CC00E4
00250000000D002401CC00EB
003000000011002E01CC00EB
005100000018002B01CC00EA
00240000000C002301CB00F3
00300000000F002B01CB00F3
005100000018002701CB00F3
00240000000D002401CB00FD
003000000012002D01CB00FD
00530000001B002B01CC00FC
00270000000E002401CE0104
003000000013002E01CE0104
00510000001A002D01CE0104
00250000000D002401CA010C
003000000012002D01CA010C
00510000001A002B01CB010B
00250000000E002401CC0115
003000000013002E01CC0115
00510000001B002D01CC0115
00250000000E002301CD011B
003000000012002A01CD011B
005100000019002401CD011B
00240000000E002301CD0120
003000000012002D01CD0120
00530000001A002901CD0120
00220000000D002401CC012B
003000000012002E01CC012B
00510000001C003201CD012B
00240000000C002301C80134
003000000010002C01C80134
005100000019002B01C80134
00250000000A001F01C7013B
00340000000D002301C7013B
004D00000014001E01C7013B
00240000000C002301CC0144
002E00000010002A01CC0144
005100000019002701CC0143
00250000000D002301CB014D
003000000011002B01CB014D
005100000019002901CC014C
00240000000D002201CC0153
003000000012002901CC0153
005100000019002401CC0153
00220000000D002301CC0158
002E00000011002B01CC0158
00530000001A002901CD0158
00220000000D002401CD0163
003000000013002E01CD0163
00530000001D003001CE0163
00220000000E002401CC016B
003000000013002E01CC016B
00530000001D003001CD016B
00220000000D002401CC0175
003200000013002E01CC0175
00510000001C003201CC0174
00240000000E002301CC017D
003000000012002D01CC017D
00510000001A002B01CC017C
00240000000D002401CB0183
003000000010002D01CB0183
005100000018002901CB0183
00250000000B002101C7018C
00320000000D002801C7018C
004D00000014002201C7018B
00250000000A002201CA0194
00320000000E002901C90194
005100000014002401CA0193
00240000000D002301CC019C
003000000011002C01CC019C
005300000019002701CD019C
00250000000E002401CE01A4
003200000013002F01CD01A4
00530000001A003001CE01A4
00270000000D002301D001AC
003200000010002D01D001AC
005300000019002D01D101AC
00270000000D002401D001B4
003000000010002D01D001B4
005300000017002B01D001B4
00270000000F002401CE01BC
003000000012002D01CE01BC
005100000018002901CE01BC
00250000000E002401CB01C4
003000000012002E01CB01C4
005100000019002D01CB01C4
00250000000D002401CB01CB
003000000012002D01CB01CB
005100000019002B01CB01CB
00240000000D002301CB01D2
003000000012002D01CB01D2
005100000019002901CB01D2
00240000000D002301CC01DE
003200000013002D01CC01DE
00510000001A002D01CC01DE
00250000000D002101CB01E4
003200000012002901CB01E4
005100000019002201CB01E4
00240000000D002301CC01EA
003200000013002B01CC01EA
00510000001A002901CC01E9
00250000000E002401CD01F6
003200000013002E01CD01F6
00510000001B002D01CD01F5
00250000000D002401CC01FC
003000000012002D01CC01FC
005100000019002901CC01FB
00240000000C002301CB0202
003000000010002D01CB0202
005100000018002901CB0201
00240000000B002301CA020B
00300000000E002B01CA020B
005100000016002701CA020B
00240000000A002301CB0213
00300000000E002A01CB0213
005100000017002901CB0212
00240000000D002401CB021D
003200000011002D01CB021D
005100000019002D01CB021D
00250000000D002301CB0223
003000000011002A01CB0223
005100000018002201CB0223
00220000000E002401CB0229
003000000013002F01CB0229
00530000001C003001CB0229
00220000000D002401CB0234
003000000012002F01CB0234
00530000001B003201CC0234
00220000000D002401CA023D
003200000011002E01CA023D
00510000001A003001CA023D
00250000000C002301C80243
00340000000F002C01C80243
004F00000017002B01C90243
00240000000C002401CA024B
003200000010002D01CA024B
005100000019002D01CB024B
00290000000A001F01CC0258
00360000000D002201CC0258
005100000013001E01CD0258
00290000000C001F01CC025C
00320000000F002201CC025C
005100000013001A01CC025B
00250000000D002301CD0260
002E00000010002C01CD0260
005300000016002701CD0260
00270000000D002401CE026E
00300000000F002D01CE026E
005100000014002901CE026E
00300000000A001E01D10274
003200000009001F01D10275
004F0000000D001A01D10274
002E0000000D001F01CF027A
00300000000F002101CF027B
004F00000012001601CF027A
00270000000C002101D50005
00300000000E002701D50005
005100000013001E01D50005
00270000000D002301D5000C
00300000000F002901D5000C
005300000013002001D5000C
00270000000C002401D40014
00300000000E002D01D40014
005100000013002701D40014
00270000000D002301D3001D
003000000010002C01D3001D
005100000013002401D3001D
00270000000D002301D30023
00300000000F002A01D30023
005100000012002001D30023
00250000000D002301D4002B
003000000010002B01D4002B
005100000015002201D4002A
00240000000D002301D40033
003000000010002C01D40033
005100000018002701D40033
00240000000D002301D4003B
003000000012002D01D4003B
005300000019002701D4003B
00220000000D002401D50043
003000000011002D01D50043
00530000001B003001D50042
00220000000D002301D4004B
003000000013002D01D4004B
00530000001D002D01D4004B
00240000000D002301D70055
003200000013002D01D70055
00530000001C003001D70055
00250000000E002301D7005C
003000000013002C01D7005C
00530000001B002901D7005B
00240000000F002301D50061
003000000013002C01D50061
00510000001D002901D50061
00240000000E002401D3006C
003200000013002D01D3006C
00510000001B002B01D3006C
00250000000C002101D10073
003200000010002701D10073
005100000017002001D10073
00240000000E002401D3007B
003000000012002F01D3007B
00510000001B003001D3007B
002A0000000B001F01D4008A
00380000000E002201D4008A
004F00000012001E01D4008A
00320000000B001B01D3008F
003A0000000C001C01D3008F
004D0000000E001601D3008F
00340000000A001601D30090
003600000009001501D30090
004F0000000A001001D30090
00290000000D002301D30099
00300000000F002A01D30099
005100000014002201D30098
00240000000F002501D400A4
003000000013003201D400A4
00530000001B003401D500A4
00240000000E002401D400AC
003000000013002E01D400AC
00510000001C002D01D400AC
00220000000E002401D400B2
003000000013002F01D400B2
00530000001C003001D400B2
00220000000E002401D400BB
003000000013002F01D400BB
00530000001D003201D400BB
00220000000E002401D500C4
003000000014002E01D500C4
00530000001F003201D600C4
00220000000D002401D300CC
003200000013002E01D300CC
00510000001D003201D300CC
00240000000D002401D400D4
003000000012002D01D400D4
00510000001A002D01D400D4
00250000000D002401D600DC
003000000010002E01D600DC
005300000018002D01D600DC
002C0000000C002201D800E7
00320000000E002801D700E7
005100000013002201D800E6
003800000006001101D900EC
003600000006001001D900EC
005100000008001001D900EC
002E00000009001C01D700F0
003000000009001E01D700F0
00510000000E001801D700EF
00250000000E002401D500FE
003000000012002E01D500FE
005100000018002B01D500FE
00270000000E002401D40104
003000000012002D01D40104
005100000018002701D40104
00250000000D002401D4010B
003000000011002E01D4010B
005100000018002D01D4010B
00240000000D002401D40113
003000000011002D01D40113
005100000019002B01D40113
00250000000D002301D3011B
003000000012002C01D3011B
005100000019002901D3011B
00250000000D002301D80123
003000000010002B01D80123
005300000019002901D80123
00240000000D002401D4012B
003000000011002E01D4012B
00530000001B003001D4012A
00220000000D002401D40134
003000000012002D01D40134
00510000001B003001D40134
00220000000D002401D5013E
003000000011002E01D5013E
00530000001A003001D5013D
00250000000D002201D60145
003200000010002901D60145
005300000017002201D60144
00250000000D002301D8014A
002E00000010002B01D8014A
005300000019002701D8014A
00250000000D002301D40153
003000000011002C01D40153
005100000019002901D40153
00240000000D002301D5015B
003000000010002C01D5015B
005300000018002901D6015B
00240000000D002301D50163
003000000013002D01D50163
00530000001B002901D50163
00240000000D002301D5016B
003000000011002D01D5016B
005300000019002B01D5016A
00240000000C002301D50173
003000000010002D01D50173
005300000019002D01D50172
00250000000C002301D4017D
003200000010002D01D4017D
005100000017002D01D4017D
00290000000A002001D80185
00300000000C002601D80185
005100000012002001D80185
00290000000B002101D7018B
00300000000C002701D7018B
005100000012002001D7018A
00250000000C002301D60195
00300000000E002C01D60195
005100000015002901D60195
00290000000D002301D6019E
00300000000F002C01D6019E
005100000013002401D6019E
002A0000000D002301D501A5
00320000000F002C01D501A5
004F00000013002701D401A4
002A0000000D002201D301AC
003200000010002901D301AC
004F00000014002001D301AC
00290000000D002301D301B5
003200000010002C01D301B5
004F00000014002701D301B5
00290000000D002301D401BB
003000000010002B01D401BB
004F00000016002701D401BB
00270000000D002401D601C2
003000000010002E01D601C2
005100000016002D01D501C2
00240000000D002401D601CB
002E00000012002D01D601CB
005300000019002B01D601CB
00220000000D002401D501D3
003000000012002E01D501D3
00530000001A002D01D501D3
00220000000D002401D601DC
003000000012002E01D601DC
00530000001C003001D601DB
00220000000E002401D401E4
003000000013002E01D401E4
00510000001D002D01D501E4
00250000000D002401D601ED
003000000011002D01D601ED
005300000018002B01D601ED
00270000000D002401D701F4
003000000011002D01D701F4
005100000018002701D701F3
00250000000E002401D301FB
003000000012002E01D301FB
005100000019002901D301FA
00240000000D002401D40203
003000000010002D01D40203
005300000019002B01D50203
00240000000D002401D5020A
003000000010002D01D5020A
005300000018002B01D5020A
00220000000D002401D40212
003000000013002E01D40212
00530000001C003201D50212
00220000000D002401D5021B
003000000012002E01D5021B
00530000001D003201D5021B
00220000000D002401D40223
003000000013002E01D40223
00510000001C003001D40223
00220000000D002301D5022B
003000000012002D01D5022B
00530000001C002D01D5022B
00210000000E002401D50233
003000000013002E01D50233
00530000001D003201D50233
00210000000E002401D5023C
003000000014002E01D5023C
00530000001E003001D5023C
00220000000E002401D50244
003200000013003001D50244
00530000001D003401D60244
00240000000F002401D7024C
003000000014002F01D7024C
00530000001E003201D7024B
00240000000E002401D40254
003000000012002E01D40254
005100000019002B01D40254
00250000000B002101D1025B
00340000000E002701D1025B
004F00000013001E01D1025B
00240000000D002401D40263
003000000011002D01D40263
005300000018002901D40263
00270000000E002401D3026F
003200000010002D01D3026F
004F00000014002701D3026F
002E0000000D001E01D20274
00340000000F002101D20274
004D00000010001801D20274
00300000000C001C01D3027A
00320000000E001D01D3027A
004F0000000F001501D30279
00250000000D002101DA0004
003000000010002701DA0004
005100000016001E01DA0003
00250000000D002301DA000C
003000000010002B01DA000C
005100000015002201DA000C
00250000000E002401DC0014
003000000012002D01DC0014
005300000018002701DC0014
00250000000E002401DB001C
002E00000012002E01DB001C
005100000018002901DB001B
00250000000C002301DA0025
00300000000F002C01DA0025
005100000015002701DB0025
00250000000C002201DB002B
00300000000F002901DB002B
005100000014001E01DB002B
00240000000D002401DD0033
003000000011002E01DD0033
005300000018002D01DD0032
00250000000D002301DC003C
003000000010002C01DC003C
005100000018002901DD003C
00240000000D002401DC0042
003000000011002D01DC0042
005300000019002B01DC0042
00220000000D002401DC004C
003000000012002D01DC004C
00530000001B002D01DC004B
00240000000F002301DC0054
003200000014002D01DC0055
00510000001C002B01DC0054
00250000000F002101DB005B
003200000013002901DB005B
004F0000001B002201DB005B
00240000000F002401DB0063
003000000014002D01DB0063
00510000001D002B01DB0063
00220000000E002401DD006A
003000000013002F01DC006A
00510000001D003201DD006A
00220000000D002401DC0073
003000000012002E01DC0073
00530000001C003001DC0073
00240000000E002401DE007D
003000000013002F01DE007D
00530000001C003201DE007D
00250000000D002401DE0085
003000000012002D01DE0085
005300000019002901DF0085
00290000000C002101D7008D
00320000000E002701D7008D
004D00000014001E01D7008D
002A0000000C002201D80093
00320000000E002901D80093
004D00000012002001D80093
00250000000D002301DB009B
003000000010002B01DB009B
005100000017002401DC009B
00240000000D002401DD00A4
003000000012002F01DD00A4
00530000001A003001DD00A4
00250000000D002301DE00AC
003000000011002D01DE00AC
005300000019002B01DF00AB
00240000000E002401DF00B3
002E00000013002E01DF00B3
00530000001B002D01DF00B2
00220000000E002401DD00BC
003000000013002E01DD00BC
00530000001D003001DD00BC
00220000000E002401DD00C4
003200000013002E01DD00C4
00530000001D003001DD00C4
00240000000D002401DE00CB
003200000012002E01DE00CB
00530000001A003001DE00CB
00240000000E002401DC00D4
003000000013002E01DC00D4
00510000001D003001DC00D4
00250000000D002301DB00DD
003000000010002C01DB00DD
005100000018002901DB00DC
003000000008001A01DA00E8
003800000009001B01DA00E8
004F0000000E001A01DB00E8
003800000006001001D900EC
003C00000006000F01DA00EC
004F00000007000F01DA00EC
003000000007001001DA00EE
003400000008000F01DA00EE
005100000009000C01DA00EE
00240000000D002301DB00FB
003000000010002C01DA00FB
005100000017002901DB00FB
00250000000D002301DA0104
003000000011002C01DA0104
005100000018002901DB0104
00290000000A001F01E0010E
00320000000C002301E0010D
005100000012001E01E0010D
00290000000B001F01E00112
00300000000D002301E00112
005100000013001E01E00111
00250000000D002301DB011D
003200000010002C01DB011D
005100000018002B01DB011D
00250000000D002301DB0124
003000000011002B01DB0124
005100000019002901DC0124
00250000000D002401DD012A
002E00000010002E01DD012A
005300000018002D01DD012A
00240000000D002401DE0133
003000000012002E01DE0133
005300000019003001DE0133
00240000000D002401DD013E
003000000011002E01DD013E
005300000019002D01DE013E
00290000000C002101DC0146
00320000000F002701DC0146
004F00000015002001DC0145
002A0000000C001F01DC0149
00320000000E002301DC0149
005100000012001C01DC0149
00240000000D002301DB0151
002E00000011002A01DB0151
005100000019002701DB0151
00220000000D002401DD015C
003000000012002D01DD015C
00530000001A002B01DD015C
00220000000E002401DE0164
002E00000013002E01DE0164
00530000001C002D01DE0164
00240000000D002401DC016B
003000000011002D01DC016B
005100000019002D01DC016B
00240000000C002301DE0174
003000000010002D01DE0174
005300000019002B01DE0173
00250000000C002301DC017D
00320000000F002D01DC017D
005100000016002B01DC017D
002900000008001E01DA0185
00340000000A002001DA0185
004F00000011001E01DA0185
002900000008001E01DA0189
00320000000A002001DA0189
004F0000000F001C01DA0189
00250000000C002301DA0194
00300000000F002C01DA0194
005100000014002901DA0194
00270000000D002301DA019D
003000000010002A01DA019D
004F00000015002201DA019C
00270000000B002201D801A3
00320000000E002901D801A3
004F00000013002201D801A2
00240000000C002401D801AB
00300000000F002D01D801AB
005100000016002B01D801AB
00250000000B002301DA01B4
00320000000E002B01DA01B4
005100000015002901DA01B4
00250000000C002301D901BC
00300000000F002B01D901BC
004F00000015002701D901BB
00250000000C002301DA01C4
00320000000F002B01DA01C4
005100000016002901DA01C3
00240000000D002301DC01CB
003000000012002C01DC01CB
00510000001A002901DC01CB
00220000000D002401DC01D1
003000000012002E01DC01D1
00530000001A002D01DC01D1
00250000000E002401DE01E0
003200000013002E01DE01E0
005300000019003001DE01E0
002A0000000C002301DE01E5
00320000000E002901DE01E5
005100000012002401DE01E5
002A0000000E002401DE01ED
003000000010002E01DE01ED
005100000015002901DE01ED
002E0000000D002101DE01F5
00320000000F002601DE01F5
004D00000013001E01DE01F5
002E0000000A001F01DD01F8
00320000000C002201DD01F8
005100000010001C01DD01F8
00240000000D002301DC0200
002E00000012002C01DC0201
00530000001A002901DD0200
00220000000E002401DD020B
003000000013002E01DD020B
00530000001C002D01DD020B
00220000000E002401DD0214
003000000013002E01DD0214
00530000001D003201DD0214
00220000000D002401DD021C
003000000012002D01DD021C
00530000001C002D01DD021B
00220000000E002401DD0223
003000000013002E01DD0223
00530000001D002D01DD0223
00220000000E002401DD022B
003000000013002E01DD022B
00530000001C002D01DE022B
00220000000E002401DD0234
003000000013002E01DE0234
00530000001C003201DE0233
00240000000E002401DE023D
003200000013002E01DE023D
00530000001C003001DE023D
00250000000F002401DD0245
003200000013002E01DD0245
00510000001A002D01DD0245
00250000000F002401DC024B
003000000013002E01DC024B
00510000001B002901DC024B
00240000000F002401DC0252
002E00000013002D01DC0252
005100000018002701DC0252
00240000000D002401DC025B
003000000012002D01DC025B
00510000001A002B01DC025B
00220000000E002401DC0264
003000000013003101DC0264
00530000001B003201DC0264
00250000000D002301DB026D
003000000010002C01DB026D
005100000015002701DB026D
002E0000000C001F01DE0274
00320000000E002301DE0274
004D00000011001C01DE0274
00300000000D001601E1027B
00320000000F001601E1027B
005100000011000F01E1027A
00250000000D002101E50004
00300000000F002801E50004
005100000015002001E50003
00250000000D002301E6000D
002E00000010002C01E6000D
005300000015002401E6000D
00250000000D002301E40013
00300000000F002B01E40013
005100000015002401E40013
00250000000D002301E4001C
003000000010002C01E4001C
005300000016002401E4001B
00240000000D002401E50023
002E00000011002E01E50023
005300000017002901E50023
00240000000D002401E4002C
003000000010002D01E4002C
005300000017002901E5002C
00250000000D002301E50033
003000000011002A01E50033
005300000018002401E50033
00240000000D002301E5003B
003000000011002D01E5003B
00510000001A002901E5003B
00250000000D002301E50044
003200000010002C01E50044
005100000019002B01E60043
00250000000C002201E8004B
00300000000F002901E8004B
005300000018002901E8004B
00220000000E002401E30053
003200000013002D01E30053
00510000001D003001E30053
00220000000D002301E4005B
003000000013002D01E4005B
00510000001E003001E4005B
00220000000F002401E40064
003200000013003001E40064
00510000001F003601E40064
00210000000E002401E3006C
003000000014002F01E3006B
005100000020003401E3006B
00210000000F002401E40073
003200000014003001E40073
00530000001F003401E40073
00220000000E002401E4007D
003200000013002F01E4007D
00510000001D003201E4007C
00250000000E002301E30085
003000000013002D01E30085
005100000019002701E30084
00250000000E002401E4008C
003000000012002D01E4008C
005100000017002901E4008C
00290000000D002301E70094
003000000010002C01E70094
005100000015002401E70094
00270000000C002401E5009B
00300000000F002D01E5009B
005100000016002B01E5009A
00240000000D002401E300A3
003000000011002D01E300A3
005100000019002D01E400A3
00240000000E002301E400AD
003200000013002B01E400AD
00530000001A002901E400AD
00250000000E002301E800B3
003000000013002D01E800B4
00530000001B002901E800B3
00240000000D002401E400BA
003000000012002E01E400BA
00510000001B003001E400B9
00210000000D002401E400C4
003200000013002E01E400C4
00530000001E003001E400C4
00220000000E002301E400CC
003000000013002D01E400CC
00510000001D002D01E400CC
00220000000D002301E400D3
003000000012002B01E400D3
00510000001C002901E400D3
00220000000D002401E300DB
003000000012002E01E300DB
00510000001B003001E400DB
00240000000A002301E100E4
00300000000E002B01E100E4
005100000016002901E100E4
00240000000C002201E100EB
00320000000F002901E100EB
004F00000016002401E100EB
00250000000B002201E700F3
00300000000E002901E700F3
005300000016002401E700F3
00240000000D002301E600FB
002E00000012002D01E600FB
00530000001B002B01E600FB
00220000000D002401E50104
003000000013002E01E50104
00530000001C003001E50104
002900000009001B01E1010D
00360000000C001E01E1010D
004F00000013001E01E2010D
002900000008001801E20110
00340000000B001901E20111
004F00000010001501E20110
00220000000C002401E4011A
003000000010002D01E4011A
005300000019002D01E4011A
00240000000C002401E30124
003000000010002D01E30124
005100000018002D01E30124
00240000000C002301E3012B
003000000010002C01E3012B
005100000019002B01E3012B
00240000000D002401E50134
003000000010002E01E50134
005300000019002D01E50134
00250000000D002401E4013C
003000000010002D01E4013C
005100000017002901E4013B
00240000000C002201E10144
003200000010002A01E10144
005100000017002401E10144
00240000000D002301E2014B
003000000012002C01E2014B
005100000019002901E2014A
00240000000D002401E50154
003000000011002E01E50154
00530000001A002B01E50154
00240000000D002401E5015D
003000000012002E01E5015D
005300000019002B01E5015D
00240000000D002401E40163
003000000011002D01E40163
005100000019002901E40163
00240000000D002401E4016D
003000000010002E01E4016D
005100000018002D01E4016C
00290000000B002201E50174
00300000000E002901E50174
005100000013002001E50174
00250000000C002301E5017A
002E0000000F002D01E5017A
005300000015002701E60179
00240000000B002301E40183
00300000000F002D01E40183
005100000016002901E40182
00240000000B002301E4018A
00300000000F002B01E3018A
005100000017002901E4018A
00240000000B002301E50194
00300000000E002C01E50194
005300000016002B01E50194
00250000000C002301E5019C
00300000000F002A01E5019C
005300000015002401E5019C
00240000000C002301E501A2
00300000000F002C01E501A2
005100000016002901E501A2
00240000000D002401E601AB
003000000011002D01E501AB
00530000001A002B01E601AB
00220000000D002401E501B4
003000000012002E01E501B4
00530000001C003001E501B4
00240000000D002401E501BC
003000000012002D01E501BC
00530000001B002D01E501BC
00240000000D002301E701C3
003000000011002D01E701C3
00530000001A002D01E701C3
00220000000D002301E301CB
003200000012002C01E301CB
00510000001B002B01E301CB
00210000000D002301E401D2
003000000013002D01E401D2
00530000001D003001E401D2
00250000000F002401E301DF
003200000013002E01E301E0
00510000001B003001E301DF
00290000000F002301E301E6
003000000013002B01E301E6
004F00000017002201E301E6
002A00000010002401E201ED
003000000013002D01E201ED
004D00000016002701E201EC
002E0000000C001F01E101F4
00340000000E002201E001F4
004D0000000F001C01E001F4
00290000000C002101E001F9
00320000000F002701E001F9
004F00000014001E01E001F9
00220000000D002401E40203
003000000012002D01E40203
00530000001A002B01E40203
00240000000E002401E4020B
003000000013002E01E5020B
00530000001B002B01E5020B
00220000000E002401E40212
003000000013002E01E40212
00530000001D002D01E40212
00220000000D002401E4021C
003000000013002E01E4021C
00530000001C003001E4021B
00240000000D002301E90223
003000000011002C01E90223
00530000001A002D01E90223
00240000000D002401E6022C
003000000012002E01E6022C
00510000001C003001E6022C
00250000000E002401E60233
003000000013002D01E60233
00510000001B002B01E60233
002400000010002401E4023C
003000000015003001E4023C
00510000001D003001E4023C
00240000000E002401E20243
003000000013002D01E20243
004F0000001B002B01E20243
00240000000E002401E1024B
003000000012002E01E1024B
00510000001A002B01E2024B
00240000000D002301E40253
003000000010002D01E40253
005300000017002901E40253
00240000000D002401E4025C
003000000012002D01E4025C
005300000019002901E5025C
00240000000D002401E60264
003000000012002E01E60264
005300000019002901E60264
00250000000D002401E4026C
00300000000F002D01E4026C
005100000014002701E4026B
00300000000D001D01E40275
003400000010002001E40275
004B00000013001601E40275
00340000000B000F01E3027A
00380000000C000E01E3027A
004F0000000D000B01E3027A
00250000000D002101EC0005
003000000010002801EC0005
005100000015001E01EC0005
002C0000000A001D01F0000D
00300000000B002001F0000D
00510000000E001801F0000D
00270000000D002201EC0011
002E0000000F002901EC0011
005100000013001E01ED0010
00240000000E002401EC001B
002E00000012002D01EC001B
005300000018002901EC001B
00240000000D002401ED0024
002E00000011002D01ED0024
005300000018002701EE0024
00250000000D002401EC002C
003000000010002D01EC002C
005100000017002901EC002B
00240000000D002301EB0033
003000000010002C01EB0033
005100000018002701EB0033
00240000000D002301EC003C
003000000010002B01EB003C
005100000018002701EC003B
00240000000B002301EB0044
00320000000F002B01EB0044
005100000018002B01EB0044
00250000000B002001EA004B
00320000000F002601EA004B
005100000017002001EA004A
00220000000D002401EB0052
003000000012002E01EB0052
00510000001C003201EB0051
00220000000D002401EC005C
003200000013002D01EC005C
00530000001F003201EC005C
00220000000E002401EC0063
003000000013003101EC0063
00510000001F003601EC0063
00220000000E002401EC006B
003200000013003001EC006B
005300000020003601ED006B
00220000000E002401EE0073
003000000013002E01EE0073
00530000001F003201EE0073
00220000000E002401ED007B
003000000013002F01ED007B
00530000001D003201ED007B
00240000000D002401EC0086
003200000012002E01EC0086
00530000001B003001EC0086
00270000000C002301EB008F
00340000000F002B01EB008F
005100000015002901EB008E
00290000000B002301EB0095
00320000000E002901EA0095
005100000013002401EB0094
00270000000C002301EB009A
00300000000F002A01EB009A
005100000013002401EB009A
00240000000E002401ED00A2
002E00000012003001ED00A2
00530000001A003001ED00A2
00240000000D002301EC00B0
003200000013002C01EC00B0
00530000001A002B01EC00B0
00250000000E002301EC00B4
003200000013002A01EC00B4
00510000001A002201EC00B4
00240000000D002301EC00B8
003000000011002D01EC00B8
00510000001A002B01EC00B8
00210000000D002401ED00C3
003000000013002D01ED00C3
00530000001E002D01ED00C3
00220000000D002401EE00CB
003000000013002E01EE00CB
00530000001C003001EE00CB
00220000000D002401EF00D4
003000000013002E01EF00D4
00530000001C003001EF00D3
00220000000D002401ED00DC
003000000012002D01ED00DC
00530000001B002D01ED00DC
00240000000D002301ED00E4
003000000011002C01ED00E4
00530000001A002B01ED00E4
00240000000E002301EC00ED
003200000013002C01EC00ED
00530000001B002901EC00ED
00250000000E002301EC00F4
003000000013002B01EC00F4
00510000001A002701EC00F3
00250000000D002301EC00FC
003000000012002D01EC00FB
00530000001A002901EC00FB
00240000000D002401ED0102
003000000012002D01ED0102
00530000001A002B01ED0102
00240000000D002401ED010B
003000000011002D01ED010B
005300000019002B01ED010B
00220000000D002301EF0113
003000000011002C01EF0113
00530000001C002901EF0113
00250000000E002401EF011E
003000000012002D01EF011E
00530000001B002D01EF011E
002A0000000C002301F10125
00320000000F002A01F10125
005300000015002901F10125
00290000000E002401F0012B
002E00000010002E01F0012B
005300000018002D01F0012B
00250000000D002301EC0133
003000000010002C01EC0133
005100000018002701EC0132
00220000000D002401ED013B
003000000012002D01ED013B
00530000001B002B01ED013B
00220000000D002301EC0145
003000000013002C01EC0145
00530000001C002901EC0144
00240000000D002301EC014B
003000000012002D01EC014B
00510000001A002B01EC014B
00240000000E002501EE0155
003000000012003001EE0155
005300000019003001EE0155
00250000000E002401EE015C
003000000012002E01EE015C
00530000001A002D01EE015C
00240000000E002401EB0162
003000000012003001EB0162
00510000001B003001EB0162
00240000000E002401EC016B
003000000012002E01EC016B
00510000001A002B01EC016B
00250000000B002101E90174
00320000000F002701E90174
004F00000016002001E90174
00240000000D002301EB017B
003000000011002B01EB017B
005100000017002401EC017B
00220000000E002401EC0183
003000000013002E01EC0183
00530000001B002B01ED0182
00220000000D002401EE018B
003000000012002E01EE018B
00530000001B002D01EE018B
00240000000D002401EC0194
003000000011002E01EC0194
00530000001A002B01ED0193
00240000000C002201EB019C
003000000010002A01EB019C
005100000018002401EB019B
00240000000D002301ED01A3
003000000011002D01ED01A3
00530000001A002B01ED01A3
00240000000D002401ED01AB
003000000012002E01ED01AB
00530000001B002D01ED01AB
00240000000D002301EC01B4
003000000012002D01EC01B4
00510000001A002B01EC01B4
00240000000D002301EB01BC
003000000012002D01EB01BC
00510000001B002B01EC01BB
00220000000C002201EB01C3
003200000012002A01EB01C3
00510000001B002901EB01C3
00220000000D002301EC01CA
003000000012002D01EC01CA
00510000001C002D01EC01CA
00270000000B002101F101D4
00320000000F002701F101D4
005300000017002401F101D4
00250000000E002401EF01DD
003000000012002E01EF01DD
00510000001A003001EF01DC
00290000000D002301EB01E6
003200000010002B01EB01E6
004F00000016002701EB01E6
00250000000D002401EA01EB
002E00000010002D01EA01EB
004F00000016002901EA01EA
00250000000D002401EA01F3
003000000011002D01EA01F3
004F00000017002901EA01F2
00240000000D002301EC01FB
003000000011002B01EC01FB
005300000019002401EC01FA
00220000000E002401EC0203
003000000013002F01EC0203
00530000001C003001ED0203
00220000000D002401ED020C
003000000012002E01ED020C
00530000001C002D01ED020B
00240000000D002401EE0213
003000000012002E01EE0213
00530000001B002D01EE0213
00220000000C002301EC021D
003200000010002B01EC021D
00510000001B002B01EC021D
00240000000D002201EC0223
003200000012002901EC0223
00510000001A002401EC0223
00240000000E002401EB022B
003200000013002D01EB022B
00510000001D003001EB022B
00240000000D002301EB0233
003200000012002B01EB0233
005100000019002701EB0233
00240000000D002401ED023C
003000000012002F01ED023C
005300000019003001ED023B
00250000000D002301EF0244
003000000010002D01EF0244
005300000017002701EF0243
00240000000D002401ED024B
003000000012002E01ED024B
00530000001B002B01ED024A
00240000000D002401ED0254
002E00000011002D01ED0254
005300000019002901ED0253
00240000000D002301ED025C
003000000012002C01ED025C
005300000018002701ED025C
00240000000E002401EC0263
003000000013002D01EC0263
00530000001B002901EC0263
00250000000B002301EC026F
00340000000E002901EC026F
005100000015002701EC026F
002C00000009001D01EA0274
00320000000A001F01EA0274
004F0000000D001601EA0273
002C0000000A001801E90278
00320000000C001A01E90278
004F00000010001301EA0278
00290000000B002001F40008
00340000000E002501F40008
005100000013002001F40008
002C0000000B001D01F2000D
00340000000C001F01F2000D
004F0000000E001601F2000D
002C00000009001D01F40010
00320000000A001F01F40010
00510000000D001801F40010
00250000000E002401F5001B
002E00000011002D01F5001B
005300000019002701F5001B
00240000000E002401F50023
002E00000012002D01F50023
005300000019002901F50023
00240000000D002401F4002B
003000000012002D01F4002B
005100000018002701F4002A
00220000000D002401F40033
003000000012002D01F40033
00530000001A002B01F40033
00220000000D002301F4003B
003000000012002D01F4003B
00530000001A002901F4003B
00220000000D002301F40042
003200000012002D01F40042
00530000001C003001F40042
00220000000D002301F3004B
003200000012002C01F3004B
00530000001C002B01F3004A
00220000000D002401F60054
003200000012002D01F60054
00530000001D003201F60053
00220000000E002401F5005C
003200000013002F01F5005C
00530000001F003601F6005C
00240000000F002301F80064
003000000015002D01F80064
00530000001F002B01F80064
00220000000F002401F5006B
003000000015003001F5006B
005300000021003401F5006B
00220000000F002401F50073
003000000015002E01F50073
00530000001E003001F50073
00220000000F002401F6007B
003000000015003001F6007B
00530000001F003201F6007B
00220000000F002501F50085
003000000015003101F50085
00530000001F003601F50085
00220000000E002501F3008C
003000000013003101F3008C
00510000001D003601F3008C
00240000000D002401F20095
003200000012003001F20095
00510000001B003401F20095
00250000000D002401F3009C
003200000011002D01F3009C
005100000019002B01F3009C
00240000000D002401F400A2
003000000012002D01F400A2
005100000019002901F400A2
00220000000D002401F500AB
003000000012002E01F500AB
00530000001B002D01F500AB
00250000000E002301F400B4
003200000012002C01F400B4
005100000019002701F400B4
00240000000F002401F700BA
003000000014002E01F700BB
00530000001D002D01F700BA
00220000000F002401F500C3
003000000015002F01F500C3
005300000020003001F500C3
00220000000E002401F400CC
003000000013002F01F500CC
00530000001E003201F500CC
00240000000E002401F600D5
003000000013002D01F600D5
00530000001C002B01F600D5
00240000000E002401F600DB
003000000012002E01F600DB
00530000001A002D01F600DA
00220000000E002401F500E3
002E00000013002E01F500E3
00530000001D002D01F500E2
00240000000F002401F400EC
003000000014002F01F400EC
00530000001D002D01F400EC
00240000000E002401F400F4
003000000013002D01F400F4
00510000001A002B01F400F3
00240000000D002401F400FB
003000000012002E01F400FB
005300000019002D01F400FB
00220000000D002401F40104
003000000012002E01F40104
00530000001B002D01F50103
00240000000D002301F4010D
003200000011002C01F4010D
00530000001A002B01F5010D
00240000000D002301F40114
003200000012002A01F40114
00510000001A002401F40113
00250000000E002401F3011E
003200000013002D01F3011E
005100000019002B01F4011E
002A0000000F002301F40127
003200000012002901F30127
004D00000016002001F40126
002A0000000D002201F40129
003000000010002901F40129
004F00000015002001F40129
00240000000E002401F30132
003000000012002F01F30132
00510000001A003001F30132
00240000000D002301F5013B
003000000013002C01F5013B
00530000001C002901F5013B
00210000000E002401F50142
003000000013002F01F50143
00530000001D003201F50142
00220000000E002401F4014C
003000000013002F01F4014C
00510000001D003201F4014B
00250000000F002401F50156
003000000013003001F50156
00530000001B003001F50156
00250000000E002401F4015C
003000000013002D01F4015C
005100000019002701F4015B
00240000000F002401F50162
002E00000013002F01F50162
00530000001B002D01F50162
00220000000D002301F5016A
003000000012002D01F5016A
00530000001A002901F5016A
00220000000D002401F50174
003000000012002E01F50174
00530000001A002B01F50173
00240000000D002401F5017D
003000000011002E01F5017D
005300000019002D01F5017D
00270000000C002301F70185
00300000000E002B01F70185
005300000014002701F70184
00340000000B001D01FA018F
00360000000C001D01FA018F
00530000000E001801FA018E
004300000008000C01FB0194
003E00000008000C01FB0194
005100000007000B01FB0193
002E0000000C001F01F70198
00300000000D002201F70198
004F00000013001801F70198
00240000000D002301F301A3
003200000011002C01F301A3
00510000001A002901F301A3
00220000000D002401F401AB
003000000012002D01F401AB
00530000001A002B01F401AB
00240000000D002301F501B3
003000000011002C01F501B3
005300000019002701F501B3
00220000000D002301F401BB
003000000011002C01F401BB
00530000001A002B01F401BA
00220000000D002401F501C4
003000000013002E01F501C4
00530000001C003001F601C3
00250000000D002301F501CF
003400000011002B01F501CF
00510000001A002D01F501CF
00290000000D002001F401D6
003400000010002401F401D6
004F00000016001E01F401D5
002900000009001C01F301D8
00320000000B001E01F301D8
005100000010001A01F401D8
00240000000B002301F201E2
00300000000F002B01F201E2
005100000017002B01F201E2
00240000000C002301F301EC
00300000000F002C01F301EC
005100000017002901F301EC
00240000000C002301F401F3
003000000010002A01F401F3
005100000018002701F401F3
00240000000D002301F501FB
003000000011002D01F501FB
005300000019002B01F501FB
00270000000B002301F80206
00300000000E002901F80206
005300000014002701F80206
003200000007001601FA020D
003400000008001501FA020D
00530000000A001301FA020C
002A0000000D002301F70212
00300000000F002901F70212
004F00000017002401F70211
00240000000D002401F4021A
003000000010002E01F4021A
00510000001A002D01F50219
00220000000D002301F40222
003000000012002C01F40222
00530000001C002901F40222
00220000000D002401F4022B
003000000012002E01F4022B
00510000001C003001F4022B
00220000000D002401F40234
003000000012002E01F40234
00530000001D003001F50233
00250000000C002301F60241
003400000010002C01F50241
005300000017002B01F50240
003600000005001001F70247
003C00000004000F01F70247
005100000007000F01F70246
003600000005001101F70247
003800000005001001F70247
005100000006000F01F70247
00250000000D002401F50251
002E00000010002D01F50251
005300000017002701F50251
00220000000F002401F5025B
003000000014002E01F5025B
00530000001D002B01F5025B
00220000000F002401F50263
003000000014002E01F50263
00530000001C002B01F50263
00240000000D002401F3026C
003200000010002E01F3026C
005100000017002B01F3026B
00270000000C002101F00273
00320000000F002801F00273
004F00000015002001F10273
00290000000D002001F6027C
003000000010002501F6027C
005100000016001E01F6027B
002C0000000B001B02020004
00320000000C001D02020004
00530000000F001602020004
00290000000D002201FB000E
00320000000F002901FB000E
005100000014001E01FC000E
003000000009001F01FF0016
003200000008002201FF0016
00510000000B001E01FF0016
002E0000000A002001FF001B
00300000000A002401FF001B
00510000000E001E01FF001A
00250000000D002301FC0022
002E00000010002A01FC0022
005100000015002201FC0021
00240000000E002401FE002C
003000000012002E01FE002C
005300000019002B01FE002C
00240000000D002401FE0034
003000000012002D01FE0034
005300000019002D01FE0034
00240000000E002401FF003C
003000000013002D01FF003C
00530000001C002B01FF003B
00220000000F002401FD0043
003200000013002E01FD0043
00530000001F003201FD0043
00220000000E002401FC004C
003000000013002E01FC004C
00530000001F003001FD004B
00220000000E002401FC0053
003200000013002E01FC0053
00530000001F003201FC0053
00250000000C002101FD0060
003600000010002901FD0060
005100000019002B01FE0060
002A0000000D002101FD0064
00340000000F002701FD0064
005100000015002001FD0063
00270000000D002101FD0067
003000000012002801FD0067
005100000018002201FD0067
002200000010002501FE0073
003000000015003101FE0073
00530000001E003201FE0073
00240000000F002401FD007D
003000000013003001FD007D
00530000001D003201FD007C
00240000000F002501FD0084
003000000013003101FD0084
00530000001D003201FE0084
00240000000F002501FD008B
003000000014003201FD008B
00530000001C003401FD008B
00240000000F002501FE0094
003000000013003101FE0094
00530000001B003001FE0094
00240000000E002401FD009B
003000000012002F01FD009B
005300000019002D01FD009B
00240000000D002401FB00A3
003000000012002E01FB00A3
00510000001A003001FB00A2
00240000000D002401FC00AC
003000000012002E01FB00AC
00530000001B002D01FC00AC
00240000000E002401FB00B4
003200000014002D01FB00B4
00510000001C002B01FB00B4
00240000000F002401FC00BA
003000000014002E01FC00BB
00530000001C002B01FC00BA
00220000000F002401FD00C2
003000000014003001FD00C3
00530000001E003201FD00C2
00220000000E002401FD00CC
003000000013003001FD00CC
00530000001C003201FE00CC
00250000000D002401FD00D6
003200000012002D01FD00D6
005300000019002B01FD00D6
00250000000F002401FE00DC
003000000013002E01FE00DC
00510000001B002B01FE00DC
00240000000E002401FD00E2
002E00000013002E01FD00E2
00530000001A002D01FD00E2
00220000000D002401FC00EA
002E00000012002E01FC00EA
00530000001A002B01FD00EA
00240000000D002401FC00F3
003000000012002E01FC00F3
00510000001B002D01FC00F3
00240000000D002401FD00FB
003000000012002D01FD00FB
00530000001B002D01FD00FB
00240000000E002401FE0104
003000000013002E01FE0104
00530000001B002D01FF0104
00240000000D002401FF010D
003000000012002D01FF010D
00530000001A002B01FF010C
00240000000E002401FC0113
003000000013002F01FC0113
00510000001C002D01FC0113
00240000000F002501FB011C
003000000013003101FB011C
00510000001D003401FB011C
00250000000D002301F90125
003000000010002B01F80125
004F00000017002701F90124
00270000000E002401FC012C
003000000012002D01FC012C
005100000018002B01FD012C
00270000000C002302000134
003000000010002A02000134
005300000018002902010133
00240000000F002401FE013B
003000000013002F01FE013B
00530000001E003001FE013B
00220000000F002401FE0144
003000000014002F01FE0144
00530000001D003001FE0144
00240000000F002501FE014D
003000000014003101FE014D
00530000001D003401FE014D
00270000000F002401FF0156
003000000013002E01FF0156
00530000001A002B01FF0156
00290000000F00240200015C
003000000013002D0200015C
00510000001800290200015C
00270000000F002401FE0162
002E00000013002D01FE0162
00510000001B002901FE0162
00220000000E002401FD016B
003000000013002E01FD016B
00530000001C002D01FD016B
00240000000D002301FE0174
003000000011002D01FE0174
005300000018002B01FE0174
00240000000E002401FC017C
003000000013002F01FC017C
00530000001A002D01FC017C
00250000000C002301FA0184
003200000010002A01FA0184
005100000017002701FA0184
003E00000009001001FB0192
004300000009000F01FC0192
00490000000A000F01FB0192
004000000009000D01FB0194
004000000008000E01FB0194
004D00000007000C01FB0193
003A00000006000901FB0194
003A00000005000901FB0194
005500000005000801FB0194
00220000000C002401FC01A2
003000000010002D01FC01A2
005300000019002D01FC01A2
00240000000D002301FC01AB
003200000012002D01FC01AB
00510000001B002D01FC01AB
00240000000D002401FC01B4
003000000012002D01FC01B4
00530000001A002B01FD01B4
00240000000E002401FF01BD
003000000013002D01FF01BD
00530000001B002D01FF01BD
00240000000F002401FE01C3
003000000013003001FE01C3
00530000001E003201FE01C3
00220000000F002401FC01CB
003000000013003001FC01CB
00530000001E003201FC01CB
00250000000B002101F901D3
00320000000F002901F901D3
004F00000017002401F901D3
00240000000B002301F801DB
00320000000F002B01F801DB
005100000017002901F901DA
00220000000D002401FD01E4
003000000011002D01FD01E4
00530000001A002D01FE01E3
00220000000D002401FD01EC
003000000012002E01FD01EC
00530000001B002D01FD01EC
00240000000E002401FE01F4
003000000013002D01FE01F4
00530000001B002D01FE01F4
00270000000F0023020001FC
0030000000130029020001FD
0051000000180020020001FC
002A0000000D001F01FC0208
003600000011002201FC0208
004F00000015001E01FC0208
002E0000000C001C01FA020E
00360000000D001D01FA020E
004F0000000E001501FA020D
00300000000A001601FB020F
00340000000A001601FB020F
004D0000000E001201FB020F
00240000000E002401FC0219
003000000013002F01FC0219
00510000001B003001FC0219
00220000000E002401FE0224
003000000013002F01FE0224
00530000001E003201FE0224
00220000000E002401FD022B
003000000013003001FD022B
00530000001C003201FD022B
00220000000E002401FE0233
003000000013002F01FE0233
00530000001D003201FE0233
00240000000D002401FB023E
003200000011002D01FA023E
00510000001A002B01FB023D
003600000003000A01F80246
004000000003000B01F80246
004D00000005000E01F80246
003200000007001001F80248
003800000008000F01F80248
004F00000009000E01F80247
00240000000D002401FB0254
003000000012002D01FB0254
005100000018002B01FB0254
00240000000E002301FC025B
003000000013002C01FC025B
005300000019002401FC025B
00220000000F002401FD0262
003000000013002E01FD0262
00530000001A002901FD0262
00220000000E002401FC026B
003000000012002E01FC026B
00530000001A002B01FC026B
00250000000C002101FB0274
003200000010002901FB0274
004F00000017002201FB0274
00290000000D001E01FB027B
003200000012002101FB027B
004F00000017001801FB027B
002C0000000D001C02040006
00340000000E001D02040006
004F00000010001502040005
002C0000000B001F0203000B
00320000000B00220203000B
004F0000000E001A0203000B
002E00000009002002010016
003400000009002402010016
004F0000000C001E02010016
002A00000009001F0201001A
00320000000A00220201001A
00510000000E001C0201001A
00240000000D002402030022
003000000010002E02030022
005300000016002B02030021
00240000000E00240204002D
003000000013002E0204002D
005300000019002B0204002D
00250000000E002402040035
003000000013002F02040035
00510000001A002D02040034
00240000000F00240205003C
00300000001400300205003C
00530000001D00300205003C
00240000000F002402050043
003200000014003102050043
00530000001F003802050042
00220000000E002402040049
003400000013002F02040049
005100000020003602040049
002200000010002502040054
003200000016003202040054
005300000021003802040054
00240000000F00240204005D
003400000014002E0204005D
00510000001E00320204005D
00270000000D002102010065
003400000012002702010065
004F00000018002002010065
002A0000000F00240208006D
003000000012002C0208006D
00510000001800290208006D
00290000000F002402050073
002E00000012002E02050073
005100000019002B02050072
00240000000F00240205007A
002E0000001300300205007A
00530000001B002D0205007A
00240000000F002402040084
003000000015003002040084
00510000001E003202040084
00240000001000250204008C
00300000001500310204008C
00510000001D00320204008B
00250000000F002402050095
003000000014003002050095
00530000001B003002050095
00270000000E00230206009B
003000000012002C0206009B
00510000001900270206009B
00240000000E0024020500A0
002E00000013002E020500A0
00510000001B002D020500A0
00220000000E0024020500AB
003000000013002E020500AC
00530000001C0030020500AB
00220000000E0024020500B4
003000000013002F020500B4
00530000001C0030020500B4
00240000000E0024020400BB
003000000013002E020400BB
00530000001C0030020400BB
00220000000E0024020500C3
003000000013002F020500C3
00530000001D0032020500C3
00220000000E0024020500CC
003000000013002F020500CC
00530000001C0032020500CC
00240000000F0024020500D6
003000000013002E020500D6
00530000001C002D020600D6
00250000000F0024020400DC
003000000013002F020400DC
00510000001A002D020400DC
00250000000E0024020400E3
002E00000012002F020400E3
00530000001A0030020400E3
00240000000D0024020500EB
002E00000012002D020500EB
00530000001A002B020500EB
00220000000D0024020500F3
003000000012002E020500F3
00530000001A002D020500F2
00220000000D0024020500FC
003000000012002E020500FC
00530000001C002D020500FB
00220000000E002402040105
003000000013002E02040105
00530000001D003202040105
00250000000E00230204010D
003200000013002D0204010D
00510000001900290204010D
00250000000D002402060112
003000000012002E02050112
005100000019002B02060112
00240000000F00250205011B
002E0000001300310205011B
00530000001C00320205011B
00240000000D002402040126
003200000012002E02040126
00510000001A003002040125
00270000000D00230203012E
003200000010002A0203012E
00510000001600270204012E
00290000000C002102030133
00320000000F002702030133
004F00000014001E02030133
00290000000E00240206013C
003000000011002E0206013C
00510000001500290206013C
002C0000000D002102090145
00300000000F002602090145
005100000013001E02090144
00290000001000250206014C
002E0000001400310206014C
00510000001A002D0206014C
002900000010002502040157
003200000013002F02040157
004F00000018002D02040157
00290000000F00240204015E
003200000013002E0204015E
005100000017002B0204015E
002A00000010002402050162
002E00000013002E02050162
005100000018002702050162
00270000000F00250205016B
002E0000001200310205016B
00530000001900300205016A
00240000000E002402040173
003000000012002E02040173
00530000001B002D02040173
00220000000E00240204017A
003000000013002E0204017A
00530000001D002D0204017A
00220000000F002402040184
003000000014003002040184
00530000001D003202050184
00290000000B002101FE018E
00360000000E002701FE018E
004B00000013001E01FD018E
003600000007000D01FD0193
003C00000007000E01FD0193
004900000009000C01FD0193
00270000000B00210202019B
00320000000E00280202019B
00510000001300200203019A
00240000000E0024020601A3
003000000012002E020601A3
00530000001A002D020601A3
00240000000D0024020501AB
003000000012002E020501AB
00530000001C0030020501AB
00240000000E0024020501B4
003000000013002E020501B4
00530000001C0030020601B4
00250000000E0023020401BD
003200000013002B020401BD
00510000001B0024020401BD
00240000000E0023020401C2
003200000013002C020401C2
00510000001B0029020401C2
00220000000E0024020401CA
003000000013002F020401CA
00510000001F0034020401CA
00220000000D0024020401D3
003000000012002E020401D3
00510000001D0032020401D3
00220000000D0024020401DC
003000000012002E020401DC
00530000001D0032020501DC
00220000000E0024020501E4
003000000013002E020501E4
00530000001D0030020501E4
00220000000E0024020401EC
003000000013002E020401EC
00530000001C002D020401EC
00250000000F0023020401F6
003200000013002B020501F6
0051000000180027020501F6
00290000000E0021020401FD
0032000000120027020401FD
004F00000014001C020401FC
00270000000E002102040200
003000000011002702040200
005100000015001E02040200
00270000000A001F01FF020B
00320000000E002301FF020A
004D00000016001E01FF020A
00240000000D002302010213
003000000011002D02010213
00510000001A002D02010213
00220000000E00240203021B
003000000013002F0203021B
00510000001E00320203021B
00220000000E002402040224
003000000013002E02040224
00510000001D003002040224
00220000000F00240204022C
00300000001400300204022C
00530000001D00300204022B
00240000000E002402040233
003000000013002E02040233
00510000001C002D02040233
00220000000D00240206023A
003000000011002D0207023A
00530000001A002D0207023A
00210000000D002402040243
003000000013002E02040243
00530000001F003202040243
00220000000D00240204024C
003000000012002F0204024C
00530000001B00320204024C
00220000000D002402060254
003000000012002E02060254
00530000001A002D02060254
00240000000E00240206025C
003000000013002D0206025C
00530000001A002B0207025C
00270000000D002302090264
003000000010002B02090264
005300000017002702090264
00270000000C00240206026C
00300000000F002C0206026C
00510000001300240206026C
002C0000000B002002070273
00300000000C002502070273
00510000000F001E02070273
00290000000E00210206027B
00300000001200270206027B
005100000017001E0206027B
00290000000B001B02080004
00340000000D001D02080004
004D00000011001502080003
00290000000C0020020C000C
00300000000E0025020C000C
005100000012001E020C000C
00270000000C0023020D0014
00300000000E002C020D0014
0051000000130024020D0014
00250000000C0023020C001B
00300000000E002B020C001B
0053000000150027020D001B
00240000000D0023020E0023
003000000011002B020E0023
0053000000190027020F0023
00240000000D0024020C002C
003000000012002D020C002C
005300000019002B020C002C
00240000000D0023020C0035
003200000012002C020C0035
0051000000190029020C0034
00250000000E0023020E003B
003000000013002B020E003B
00530000001A0027020E003B
00240000000F0024020A0043
003400000014002E020A0043
00510000001E0032020A0043
00220000000F0024020C004B
0032000000150031020C004B
0051000000200038020C004B
00220000000F0025020C0054
0032000000150031020C0054
005100000021003B020C0054
00220000000E0024020A005D
003400000013002E020A005D
00510000001D0032020A005C
00270000000E0024020C0068
003400000012002C020C0069
005100000018002D020C0068
00290000000D0024020A006D
003200000010002D020A006D
004F000000150029020A006C
00290000000D0024020A0071
003000000010002D020A0071
0051000000160029020A0071
00240000000D0024020B007A
003000000012002D020B007A
0051000000180029020B007A
00240000000F0024020D0084
0030000000140030020D0084
00530000001C0030020D0083
00240000000F0024020C008B
0030000000130030020C008B
00510000001C0030020C008B
00270000000F0024020B0096
003000000014002E020B0096
004F0000001A002B020B0095
00270000000F0022020B009B
0030000000130029020B009B
0051000000180020020B009B
00240000000F0024020B00A1
003000000014002E020B00A1
00510000001C002D020C00A0
00220000000E0024020C00AB
003000000013002E020C00AB
00530000001E0030020C00AB
00220000000E0024020C00B3
003000000013002F020C00B3
00530000001C0030020D00B3
00220000000D0024020D00BB
003000000012002E020D00BB
00530000001B002D020D00BB
00220000000D0024020D00C3
003000000013002E020D00C3
00530000001C0030020D00C3
00240000000E0024020E00CE
003200000013002E020E00CF
00530000001B0032020E00CE
00250000000E0024020C00D4
003000000013002D020C00D4
0053000000190029020C00D4
00250000000E0024020B00DA
003000000012002E020B00DA
005100000019002B020B00DA
00240000000D0024020B00E3
003000000011002E020B00E3
005100000019002B020C00E3
00240000000C0023020C00EB
003000000011002D020C00EB
005300000019002B020C00EA
00220000000D0024020D00F3
003000000012002E020D00F3
00530000001B002D020D00F3
00220000000D0024020E00FC
003000000012002E020E00FC
00530000001B0030020E00FB
00220000000D0023020F0103
003000000012002D020F0103
00530000001C002D02100103
00240000000D0023020A010C
003200000011002D020A010C
004F0000001A002D020A010C
00240000000D0023020B0112
003000000012002B020A0112
0051000000190027020B0112
00240000000D0024020C011B
0030000000120030020C011B
00530000001A0032020C011B
00220000000D0024020D0123
003000000012002F020D0123
00530000001B0032020D0123
00240000000D0024020A012C
003000000011002D020A012C
005100000019002B020A012C
00250000000C002302090134
00300000000F002D02090134
005100000017002B02090134
00290000000D0023020B0140
0034000000100029020B0140
004F000000140024020B0140
002A0000000D0021020A0145
00320000000F0026020A0145
004F00000011001E020A0145
00290000000F0024020A014A
003000000012002D020A014B
004F000000150027020A014A
00270000000E002402090155
003000000011002D02090155
004F00000016002902090155
00270000000F00250208015D
00300000001200300208015D
004F0000001700300208015D
00290000000F0024020B0165
003200000012002D020B0165
004F000000170029020B0164
00250000000F0024020B016A
003000000013002E020B016A
00510000001B002B020B016A
00220000000E0024020C0173
003000000013002F020C0173
00530000001C0032020C0173
00220000000E0024020D017B
003000000013002E020D017B
00530000001C002D020D017B
00220000000E0024020D0182
003000000013002E020D0182
00530000001D0032020D0182
00220000000D0024020C018C
003200000012002E020C018C
00530000001C0030020C018C
00250000000C0023020D0194
003000000010002B020D0194
0053000000180027020D0194
00250000000D0024020C019C
003000000011002E020C019C
005300000018002D020C019C
00240000000F0024020C01A4
003000000013002F020C01A4
00510000001C0030020C01A4
00240000000E0024020C01AC
003000000013002E020C01AC
00530000001C002D020C01AC
00240000000E0024020E01B5
003000000012002F020D01B5
005300000019002D020E01B5
00270000000D0023020E01BC
003000000010002D020E01BC
0053000000170029020F01BB
00240000000E0024020D01C1
003000000012002D020D01C1
00510000001B002B020E01C1
00240000000E0024020F01CC
003000000013002E020F01CC
00530000001B002D020F01CB
00290000000A001F021201D4
00320000000C0022021201D4
005300000014001E021201D3
00220000000D0023020D01D9
003000000011002D020D01D9
00510000001C002B020D01D9
00210000000E0024020D01E4
003000000013002E020D01E4
00530000001D0030020E01E4
00220000000D0024020C01EC
003000000013002D020C01EC
00530000001C002B020C01EC
00240000000C0023020B01F3
003000000010002C020B01F3
0051000000160029020B01F3
00250000000D001F020901FB
0032000000100024020901FB
004F00000016001E020901FB
00240000000C0022020B0202
003000000010002A020B0202
0051000000170027020B0202
00240000000D0024020F020B
002E00000012002D020F020B
00530000001C002D0210020B
00220000000D0024020D0213
003000000012002E020D0213
00510000001C0030020D0213
00220000000D0024020D021B
003000000013002E020D021B
00530000001E0032020D021B
00220000000E0024020D0223
003000000013002F020D0223
00530000001D0032020D0223
00220000000D0024020E022C
003000000013002E020E022C
00530000001D0030020E022B
00220000000E0024020D0233
003000000013002E020D0233
00510000001F0032020D0233
00240000000D0023020C023B
003200000012002B020C023B
00510000001B0029020C023B
00210000000D0024020C0242
003000000013002E020C0242
00530000001F0032020D0241
00210000000E0024020C024C
0030000000130030020C024C
00530000001F0034020C024C
00240000000D0024020C0255
003200000012002D020C0255
00530000001B002B020D0255
00270000000D0024020C025F
003400000010002D020C025F
0051000000140029020C025F
00290000000D0023020B0264
003200000010002A020B0264
004F000000160022020B0264
00270000000C0023020B026A
00300000000E002A020A026A
004F000000120024020A0269
00290000000B0021020A0273
00320000000E002702090273
004F00000012001E020A0273
00290000000C001F020A027A
00320000000F0022020A027A
004F00000013001A020B027A
00290000000D002102140006
003200000010002702140006
004F00000016002002140006
00290000000E00200215000D
00300000001100250215000D
005100000016001C0215000C
00270000000D002202130012
00300000000F002902130012
004F00000015002202130012
00240000000D00230213001B
003000000010002C0213001B
00510000001800290213001B
00240000000D002302130023
003000000012002B02130023
00530000001B002902140023
00220000000D00240214002B
003000000012002E0214002B
00530000001B00300214002A
00250000000B002102140036
003400000010002702130036
005100000018002402140036
00250000000B00200213003A
00320000000F00240213003A
005100000016001E0213003A
00240000000C002302140041
003000000011002C02140041
00510000001B002D02140041
00220000000D00240214004B
003200000012002E0214004B
00510000001E00320214004B
00220000000E002402140053
003200000013003102140053
00510000001F003B02140053
00210000000F00240214005B
00320000001400310214005B
005100000021003B0215005B
00220000000F002402110065
003200000014002E02110065
005100000021003602110065
00250000000D0023020F006C
003400000012002C020F006C
004D0000001C002D020F006C
00250000000C002302130073
003200000010002A02130073
00510000001A002902130073
00220000000D00240215007C
003000000012002E0215007C
00530000001B00300215007C
00240000000D002402150083
003000000012002D02150083
00510000001B002D02150083
00220000000E00240214008C
00300000001300300214008C
00530000001D00320215008B
00220000000D002402140094
003000000012002E02140094
00510000001B003002140093
00240000000D00230213009B
003000000011002A0213009B
00510000001A00270213009B
00240000000C0023021700A3
003000000010002D021700A3
00530000001A002D021700A3
00250000000C0023021800AC
003000000010002C021800AC
00530000001A002B021800AB
00240000000D0024021500B4
003000000011002E021500B4
00530000001B0030021600B3
00240000000D0024021500BC
003000000012002D021500BC
00530000001A002D021600BC
00240000000D0024021500C3
003000000012002F021500C3
00530000001B0032021500C3
00250000000D0024021500CE
003200000012002E021400CE
00530000001A0030021500CE
00270000000E0024021500D4
003000000012002D021500D4
0051000000190027021500D4
00270000000D0024021500DA
002E00000010002D021400DA
0051000000170029021500DA
00240000000D0024021400E2
002E00000011002F021400E2
00530000001A0030021500E2
00220000000C0024021500EC
003000000011002E021500EC
00530000001A002D021500EC
00220000000E0024021500F4
0030000000130030021500F4
00530000001E0034021600F4
00240000000D0023021400FD
003200000012002D021400FD
00510000001B002B021500FD
00240000000D002102140102
003200000012002802140102
00510000001A002202140102
00220000000D002302150109
003000000012002D02150109
00530000001C003002150109
00240000000C002302150115
003000000010002D02150115
005300000019002B02160115
00250000000B00230216011B
00300000000F002B0216011B
00530000001700290216011B
00240000000D002302150122
003000000012002D02150123
00530000001A002902160122
00220000000D00230214012B
003000000012002D0214012B
00530000001B002D0215012B
00220000000E002402150134
003000000013002E02150134
00530000001F003202150133
00220000000D00240212013C
003000000012002E0212013C
00510000001C00320213013C
00250000000C002302100144
003200000010002D02100144
004F00000018002D02100144
00290000000900200218014C
00320000000C00240218014C
00510000001400200218014C
00250000000D002302150152
003000000010002B02150152
005100000018002902150151
00270000000B002102160161
00340000000E002702160161
005300000013002402160161
002C0000000B001E02160165
00320000000C002002160165
004F00000010001802160164
002A0000000A001D02150167
00320000000C001F02160167
005100000011001A02160166
00250000000E002402180174
002E00000012002E02180174
00530000001A002B02180174
00250000000E00240217017B
002E00000013002F0217017B
00530000001B00300217017B
00240000000D002402170183
003000000012002E02170183
00530000001B002D02170183
00240000000D00240215018B
003000000012002D0215018B
00530000001D00290215018B
00220000000D002402140193
003000000012002E02140193
00530000001C003002140193
00240000000C00230218019C
003000000010002A0218019C
00530000001900270218019C
00240000000E0024021401A2
003000000013002E021401A2
00510000001C0030021501A2
00240000000D0024021401AC
003000000012002E021401AC
00510000001B0030021401AB
00250000000D0024021301B5
003000000011002E021301B5
005100000019002D021301B5
00270000000C0021021201BC
0032000000100028021201BC
004F000000160020021201BC
00240000000D0023021401C2
003000000011002D021401C2
005100000019002B021401C1
00290000000B0021021401D0
00340000000D0029021401D0
004F000000140027021401CF
002A0000000B001F021401D4
00320000000E0022021401D4
004F00000013001C021401D3
00250000000A001F021401D6
00300000000C0022021401D6
005100000013001E021401D6
00220000000D0024021601E4
003000000012002E021601E4
00530000001B002D021601E3
00240000000D0023021901EB
003000000011002A021901EB
00530000001A0029021901EB
00220000000D0024021501F4
003200000012002E021501F4
00510000001C0030021501F3
00240000000C0021021301FC
0032000000100028021301FC
0051000000190024021401FC
00240000000C002302140203
003000000010002C02140203
00510000001A002902140203
00240000000E00240215020C
003000000012002D0215020C
00510000001B002B0215020C
00240000000D002402160213
003000000011002D02160213
00530000001A002D02160212
00240000000D00230216021A
003000000011002B0216021A
00530000001A002902160219
00220000000D002402150224
003000000013002E02150224
00530000001E003202150224
00240000000D00230214022C
003000000012002B0214022C
00510000001B00290214022C
00240000000C002202140231
003000000011002902150231
00510000001A002402150231
00210000000D00240215023B
003200000013002D0215023B
00530000001E00300215023A
00220000000D002402150244
003200000012002D02150244
00530000001E003002150243
00210000000D00240215024B
003000000013002F0215024B
00530000001F00340216024B
00220000000D002402150254
003000000012002D02150254
00530000001C002D02150254
00220000000D00240213025C
003000000012002E0213025C
00510000001C002D0213025C
00250000000D002302110264
003200000011002D02110264
004F00000018002902110263
00240000000C00240214026C
00300000000F002D0214026C
005100000017002D0214026C
00250000000B002102140274
00300000000E002902130274
005100000016002202140274
00250000000C00210213027B
00300000001000290213027A
00510000001700220214027A
00290000000E0021021D0006
0032000000120026021D0006
005100000017001E021D0006
00290000000D001D021B000C
0032000000100020021B000C
0051000000140018021B000B
00250000000C0021021B0010
00300000000F0028021B0010
0051000000140020021B0010
00220000000D0024021D001B
003000000012002D021D001B
00530000001B0029021D001B
00220000000E0024021D0024
003200000013002D021D0024
00530000001C002D021E0024
00220000000E0024021E002B
003000000013002E021E002B
00530000001D0030021E002B
00240000000D0023021D0033
003000000011002D021D0033
00530000001A002B021D0033
00240000000D0023021C003C
003200000011002C021B003C
00510000001A0029021C003C
00240000000C0023021D0042
003200000010002B021D0042
00530000001A002D021E0042
00220000000D0024021C004A
003000000012002E021C004A
00510000001E0034021C004A
00210000000D0024021C0053
003200000012002F021C0053
00510000001F0038021D0053
00220000000E0024021D005C
003200000013002D021D005C
0053000000200034021D005C
00210000000E0024021D0063
003200000013002E021D0063
0051000000200034021E0063
00220000000D0023021E006B
003200000012002D021E006B
00510000001D0030021F006B
00220000000D0024021C0072
003000000011002D021C0072
00510000001C0030021D0072
00220000000D0024021B007C
003000000011002E021B007C
00510000001A0030021C007C
00220000000D0023021B0083
003000000012002D021B0083
00510000001A002B021B0083
00220000000E0024021F008C
003000000013002F021F008C
00530000001D0032021F008C
00240000000D0024021E0093
003000000012002D021E0093
00530000001C002B021F0093
00240000000D0024021D009B
003000000012002D021D009B
00530000001B002D021D009B
00250000000C0023021C00A6
003200000010002D021C00A6
00510000001A002D021C00A5
00250000000C0023021C00AB
003000000011002B021C00AB
0051000000190027021C00AB
00240000000D0024021D00B1
003000000010002E021D00B1
005300000019002D021D00B1
00240000000D0024021C00BC
0030000000120030021C00BC
00510000001C0034021D00BC
00240000000D0024021C00C3
003000000012002F021C00C3
00510000001C0032021C00C3
00240000000F0025021C00CE
0030000000130031021C00CE
00510000001A0034021C00CE
002A0000000D0023021D00D5
003000000010002A021D00D5
004F000000140022021D00D5
00290000000D0023021C00D9
002E000000100029021C00D9
0051000000150022021C00D8
00240000000E0024021C00E3
002E00000012002F021C00E3
00530000001B0030021D00E3
00220000000D0024021D00EC
003000000013002E021D00EC
00530000001D0030021E00EC
00240000000E0024021E00F4
0030000000130030021D00F4
00530000001B0032021E00F4
00220000000E0024021D00FB
003000000013002E021D00FB
00530000001C002D021D00FB
00220000000D0023021B0102
003000000012002D021B0102
00510000001B002B021C0102
00220000000D0024021D010C
003000000011002E021D010C
00530000001B0030021D010B
00240000000D0024021E0114
003000000011002D021E0114
00530000001A002B021E0113
00240000000D0024021D011C
003000000012002D021D011C
00530000001A002D021D011C
00290000000C002102210125
00300000000F002902210125
005100000015002402210124
00270000000D0023021E012A
003000000010002C021E012A
0051000000180029021F012A
00240000000C0023021E0132
003000000010002C021E0132
0053000000190029021E0132
00240000000D0024021F013B
003000000012002E021F013B
00530000001B0030021F013B
00250000000C0023021C0146
003200000010002B021C0146
005100000019002B021C0145
00250000000C0020021A014D
0034000000100025021A014D
005100000016001E021B014D
00270000000D0021021C0151
0030000000120029021C0152
004F000000190022021C0151
00250000000D0023021B015D
003200000011002C021B015D
0051000000180029021B015D
002E00000006001202180164
003800000008001202180164
004F0000000A001002180164
00250000000D0023021A016B
003000000010002A021A016B
0051000000170024021A016A
00250000000F0024021C0176
003200000013002E021C0176
00510000001A002B021C0175
00270000000F0024021C017C
003000000013002F021C017C
005100000019002D021C017C
00270000000D0024021D0184
003000000011002E021D0184
0051000000170029021D0183
00270000000C0023021D0189
00300000000F002C021D0189
0051000000160027021D0188
00240000000D0024021C0195
003000000012002E021C0195
00530000001B002D021C0195
00250000000D0021021B019C
0032000000110026021B019C
005100000019001E021B019C
00250000000D0022021C01A1
003000000011002A021C01A1
0051000000180024021C01A1
00240000000D0023021E01AA
003000000011002C021E01AA
0053000000190029021E01AA
00220000000D0024021D01B3
002E00000012002F021D01B3
00530000001C0030021D01B3
00220000000D0024021C01BC
003000000012002E021C01BC
00530000001B0030021D01BC
00240000000D0024021E01C3
003000000013002E021E01C3
00510000001D0030021E01C3
00270000000D0023021F01CC
003000000010002A021F01CC
0051000000190029021F01CC
00250000000D0021021901D3
0032000000120027021901D3
004D00000019001E021901D2
00220000000E0024021C01DA
003000000013002E021C01DA
00530000001E002B021C01DA
00220000000D0024021D01E6
003200000013002E021D01E6
00530000001C0030021D01E5
00250000000D0021021C01EC
0032000000110028021C01EC
0051000000180020021C01EB
00240000000C0022021D01F0
0030000000100029021D01F0
0051000000180024021D01EF
00220000000D0024021B01FB
003000000013002E021B01FB
00510000001D0030021C01FA
00220000000C0024021C0204
003000000011002D021C0204
00530000001B002D021C0204
00240000000C0023021B020B
003000000010002C021B020B
00510000001A002B021B020B
00220000000D0023021A0213
003000000012002A021A0213
00510000001B0029021A0213
00210000000E0024021C021B
003000000013002E021C021B
00530000001E0032021C021B
00220000000D0024021C0224
003000000013002E021C0224
00530000001E0030021C0224
00220000000D0023021B022A
003000000012002D021B022A
00510000001D002D021B022A
00220000000C0023021C0234
003200000011002D021C0234
00510000001C0030021C0234
00240000000C0023021D023B
003200000012002C021D023B
00530000001B002B021D023B
00210000000D0024021D0242
003000000013002E021D0242
00510000001F0032021D0242
00220000000D0024021D024B
003000000013002E021D024B
00530000001F0034021D024B
00220000000D0024021D0254
003000000013002D021D0254
00530000001D002D021D0253
00220000000D0024021C025B
003000000012002E021C025B
00530000001D0030021D025B
00220000000D0024021D0263
003000000012002E021D0263
00530000001C0032021D0263
00250000000C00230221026C
00300000000F002B0221026C
00530000001600290221026C
00250000000C0023021D0273
00300000000F002C021D0273
0051000000170027021E0273
00250000000D0023021D027C
003000000012002A021D027C
0051000000190024021D027C
00270000000D001E02230003
003200000010002002230003
005100000014001802230003
00270000000B001D02210009
00320000000E002002210009
004F00000016001A02220009
00240000000D002302240014
003000000010002B02240014
005300000017002402240014
00240000000D00230226001D
003000000010002C0226001D
00530000001900290226001D
00250000000C002102260024
00320000000F002802260024
005300000016002202260024
00240000000D002302250029
002E00000011002B02250029
00530000001A002902250029
00220000000E002402240033
003000000013002E02240033
00530000001B002B02240033
00240000000D00240224003C
003000000012002D0224003C
00510000001A002B0224003C
00240000000D002302240043
003200000011002C02240043
00510000001B002B02240043
00220000000D00240224004B
003200000012002E0224004B
00530000001D00320224004B
00220000000D002402250053
003200000012002E02250053
00530000001E003402250053
00220000000D00240225005B
003200000012002E0225005B
00510000001E00340225005B
00220000000D002302250064
003200000012002D02250064
00530000001C002D02250064
00220000000D00230224006B
003000000013002C0224006B
00510000001D002B0224006B
00220000000D002302240072
003000000012002D02240072
00510000001D002D02240071
00220000000D00240224007C
003000000011002E0224007B
00510000001B00300224007B
00240000000D002302250085
003000000012002D02250085
00530000001B002B02250085
00240000000E00240225008D
003000000013002E0225008D
00530000001A002B0225008C
00240000000D002302240093
003000000012002B02240093
005100000019002702240093
00240000000C002302240099
003000000010002A02240099
005300000019002702240099
00220000000E0024022500A4
0030000000140030022500A4
00530000001F0034022600A3
00240000000D0023022200AB
003200000012002C022200AB
00510000001C002B022300AB
00220000000D0024022400B3
003000000012002F022400B3
00530000001C0030022400B3
00220000000E0024022400BC
0030000000130030022400BC
00530000001E0034022400BB
00240000000D0024022300C3
003000000012002F022300C3
00510000001C0032022400C3
00240000000D0024022300CD
003000000012002F022300CD
00510000001A0032022300CC
00270000000A0021022000D4
00320000000D0028022000D4
004F000000130024022100D4
00250000000B0021022100DA
00300000000E0029022100DA
0051000000140022022200DA
00220000000D0024022400E3
003000000010002E022400E3
0053000000190030022400E3
00240000000D0024022400EC
003000000012002F022400EC
00530000001B0030022400EC
00240000000E0024022500F5
003000000012002F022500F5
00530000001B0032022500F4
00250000000D0024022700FC
003000000011002E022700FC
005300000019002D022700FB
00240000000E002402280103
003000000013002E02280103
00530000001D003002280103
00240000000E00240226010B
003000000013002F0226010B
00530000001D00320226010B
00240000000D002402240113
003000000012002E02240113
00510000001A002D02240113
00270000000D00230224011F
003200000012002C0224011F
005100000019002B0224011F
00290000000D002202230125
003200000010002902230125
004F00000014002002230125
00290000000D00210225012B
00300000001000280225012B
004F00000014001E0225012A
002C0000000B002002290134
00300000000C002402280134
005100000011001E02290134
002A0000000D00230226013C
00300000000F002A0226013C
00510000001500240227013B
00250000000C002402260141
002E0000000F002D02260141
005100000017002B02260140
00240000000D00240224014C
003000000011002E0224014C
00510000001A002D0225014C
00240000000D002402240154
003000000011002D02240153
00510000001A002D02240153
00240000000D00240223015B
003000000011002E0223015B
00530000001A00300224015B
00220000000D002402240164
003000000012002D02240163
00530000001C002D02240163
00220000000D00240224016B
003000000012002E0224016B
00530000001C00300224016B
00240000000D002402220174
003000000012002E02220174
00510000001B003002220174
00250000000C00240224017D
00320000000F002D0224017D
005100000017002D0224017D
003000000006000F022A0184
003400000008000E022A0184
00510000000B000E022A0184
00250000000D002302220189
002E00000010002C02220189
004F0000001A002402230189
00220000000D002402250193
003000000012002E02250193
00530000001B002B02250193
00220000000D00230223019B
003200000013002D0223019B
00510000001D002D0223019B
00240000000D0023022401A4
003000000012002D022401A4
00510000001A002B022401A3
00240000000C0022022301AA
0030000000100029022301AA
0051000000190027022301AA
00220000000D0024022601B3
003000000012002E022601B3
00530000001C0032022601B3
00220000000D0024022401BC
003000000012002E022401BC
00530000001C0032022501BC
00250000000C0023022501C7
003400000010002B022501C7
005100000019002B022501C7
00290000000C0020022401CD
00340000000F0025022401CD
004F00000015001E022401CD
00290000000C001E022401D0
0032000000100021022401D0
004F00000015001A022401D0
00220000000D0023022401D8
003000000012002B022401D8
00510000001B0027022501D8
00220000000D0024022401E4
003000000013002D022401E4
00530000001D002D022501E4
00220000000D0023022201EB
003200000012002D022201EB
00510000001C002D022201EB
00220000000D0023022401F3
003000000012002D022401F3
00530000001D002D022401F2
00220000000D0024022501FB
003000000012002E022501FB
00530000001C0032022601FB
00220000000D002302250204
003000000011002D02250204
00510000001A002D02250204
00220000000D00230225020B
003000000012002D0225020B
00530000001C002D0226020B
00220000000E002402250213
003000000013002E02250213
00530000001E003202250213
00220000000D00240226021C
003000000012002F0226021C
00530000001D00320226021C
0027000000090020022A0224
00320000000C0023022A0224
0053000000150020022A0223
00220000000E00240225022A
003000000013002E0225022A
00510000001E00300225022A
00220000000D002402240232
003200000013002E02240232
00510000001E003202250232
00210000000E00240224023C
003200000014002E0224023C
00530000002100320225023B
00220000000D002402260244
003200000013002E02260244
00510000001E003402260243
00220000000E00240225024B
00320000001300310225024B
00530000001F00380225024B
00220000000D002402250254
003000000012002E02250254
00530000001B002D02250254
00240000000D00240225025B
003000000012002E0225025B
00530000001A002D0225025B
00240000000C002402250266
003200000010002D02250266
005300000018002D02250266
00250000000D00220224026C
00300000001000290224026C
00510000001600200224026C
00270000000B002102240271
00300000000E002802240271
005100000014002002240271
00250000000E00230224027C
00300000001300290224027C
00510000001900200225027B
00250000000D0020022B0002
0032000000110025022B0002
005100000018001E022B0002
00240000000E0023022C000C
002E00000013002B022C000B
00530000001C0027022D000B
00240000000D0024022D0014
003000000012002E022C0014
00530000001A002B022D0014
00240000000D0023022C001C
003000000011002B022C001C
0053000000190024022C001C
00240000000C002002290024
003200000010002502290024
005100000017001E02290024
00240000000D0023022B002B
003000000012002D022B002B
00510000001B002B022C002A
00220000000E0023022D0033
003000000013002D022D0033
00530000001C002D022D0033
00240000000D0023022D003E
003200000011002B022D003E
00530000001A002B022E003E
00270000000A0020022E0045
00340000000E0024022E0045
0051000000160020022E0045
00270000000A0020022E0048
00320000000E0025022E0048
0051000000170022022F0048
00220000000D0024022C0052
003000000013002F022C0052
00530000001E0034022D0052
00240000000E0024022E005D
0032000000130030022F005D
00530000001D0036022F005D
002E00000007001602300065
003400000008001502300065
00510000000E001502300064
002A00000009001D022E0067
00320000000A001F022E0067
004F00000011001C022E0067
00220000000D0023022C0071
002E00000011002C022C0071
00530000001A0029022D0071
00210000000D0024022D007B
003000000012002E022D007B
00530000001D0030022D007A
00210000000D0024022D0084
003000000013002E022D0084
00530000001E0032022D0084
00220000000E0024022C008C
003000000013002E022C008C
00530000001D0030022C008C
00240000000D0023022F0094
003000000011002C022F0094
00530000001B002B022F0094
00220000000E0024022D009B
003000000013002E022D009B
00530000001D002D022D009B
00220000000E0024022D00A3
003000000013002E022D00A3
00530000001E002D022D00A3
00220000000D0024022C00AA
003000000012002E022C00AA
00510000001B0030022C00AA
00220000000D0024022D00B3
003000000012002E022D00B3
00530000001D0032022D00B3
00220000000D0024022D00BB
003000000012002E022D00BB
00530000001D0032022E00BB
00240000000D0024022C00C4
003000000011002E022C00C4
00510000001B0030022D00C3
00240000000D0024022D00CC
003000000011002F022D00CC
00530000001A0032022E00CC
00250000000B0024022D00D4
00300000000F002D022D00D4
005100000017002B022D00D4
00250000000B0023022D00DB
00300000000F002B022D00DB
0053000000160027022D00DA
00220000000C0024022C00E3
003000000011002E022C00E3
00530000001B0030022D00E2
00220000000E0024022D00EC
0030000000130030022D00EC
00530000001C0032022E00EC
00240000000F0024022D00F5
003000000014002F022D00F5
00530000001D0030022E00F5
00250000000E0023022B00FD
003200000013002C022B00FD
00510000001B0029022C00FD
00240000000E0023022C0104
003200000013002B022C0104
00510000001B0027022C0103
00240000000D0023022C0109
003000000013002C022C0109
00510000001B0029022C0109
00240000000E0024022C0113
0030000000130031022C0113
00510000001D0032022C0113
00240000000C0024022B011C
003000000010002E022B011C
00510000001A0032022B011C
00250000000B002302290124
00320000000F002B02280124
004F00000017002902290124
002C00000009001A022C012F
00360000000A001C022C012F
004F0000000F0018022C012F
002C00000009001E022A0134
00340000000A0020022A0134
004F0000000D001A022A0134
002C0000000A001C022A0139
00320000000C001D022A0139
004F000000100018022A0138
00250000000C0024022A0142
003000000010002E022A0142
005100000018002D022A0142
00240000000D0024022C014C
003000000012002F022C014C
00530000001B0032022C014C
00240000000D0024022C0154
003000000012002E022C0154
00530000001A0030022D0154
00240000000D0023022C015B
003000000011002D022C015B
00510000001A002B022D015B
00220000000D0024022D0163
003000000012002F022D0163
00530000001C0032022D0163
00220000000D0024022D016B
003000000012002E022D016B
00530000001C0032022D016B
00220000000D0024022D0173
003000000012002E022D0173
00530000001D0032022D0173
002C000000060015022C0182
003C000000080014022C0181
004F0000000E0018022C0181
003000000005000F022B0184
003800000006000E022B0184
004F00000009000C022B0184
002C000000050012022C0185
0034000000050011022C0185
005100000009000F022C0185
00210000000D0024022E0193
003000000013002E022E0193
00530000001F0032022E0193
00220000000D0024022D019B
003000000013002E022D019B
00530000001F0030022D019B
00220000000C0024022D01A4
003000000011002E022D01A4
00530000001A0030022D01A3
00240000000C0024022D01AD
003000000010002D022D01AD
005300000018002B022E01AC
00240000000D0023022D01B3
003000000012002D022D01B3
00530000001C0029022D01B3
00220000000D0024022E01BA
003000000012002E022D01BA
00530000001B002D022E01BA
00220000000D0024022B01C4
003200000013002E022B01C4
00510000001B0030022C01C4
00250000000A001F022701CB
00340000000E0024022701CB
004D000000170020022801CB
00240000000B0022022801D2
00320000000F0029022801D2
004F000000190027022901D2
00220000000D0024022C01DB
003000000012002E022C01DB
00530000001D0030022D01DB
00220000000D0024022D01E3
003000000012002D022D01E3
00530000001B002D022D01E3
00220000000D0024022D01EB
003000000012002E022D01EB
00530000001D0032022D01EB
00220000000D0024022D01F3
003000000012002D022D01F3
00530000001C002D022D01F3
00220000000D0024022D01FB
003000000012002E022D01FB
00530000001A002D022D01FB
00220000000D0024022C0203
003000000011002E022C0203
00530000001B002D022C0202
00220000000D0024022D020C
003000000013002E022D020C
00530000001D0030022E020B
00220000000D0024022E0213
003000000013002E022E0213
00530000001D0030022E0213
00250000000B0021022C0220
00360000000F0029022C0220
005100000017002B022C0220
00270000000C001F022C0224
0034000000100023022C0224
005100000017001E022C0224
00250000000C0021022C0227
00300000000F0027022C0228
0051000000180020022D0227
00220000000E0024022C0233
0030000000140030022C0233
0053000000200034022D0232
00220000000F0025022D023D
0030000000150032022D023D
005300000020003B022D023D
00240000000F0025022D0244
0032000000150031022D0244
0053000000200038022E0244
00220000000F0025022D024A
0030000000140032022D024A
005300000020003B022D024A
00220000000E0024022D0254
003000000013002F022D0254
00530000001C0030022D0254
00240000000E0024022E025C
0030000000130030022E025C
00530000001B0030022E025B
00240000000D0024022D0264
003000000012002F022D0264
00530000001A0030022D0264
00240000000C0024022A026B
003200000010002E022A026B
005100000017002B022A026B
00250000000C0023022B0273
00300000000F002C022B0273
0051000000170027022C0272
00270000000E0022022D027C
0030000000120029022D027C
0051000000180020022D027C
00250000000E002102360004
003000000012002702360004
005300000019002002360004
00270000000E00230237000E
00300000001100290237000E
00530000001A00240237000E
00270000000E002402360014
003000000012002D02360014
005100000018002702360014
00250000000E00240235001B
002E00000012002E0235001B
00530000001900290236001B
00240000000E002402340024
003000000013002D02340024
00530000001B002B02350024
00240000000E00240235002B
003000000013002D0235002B
00530000001B00270235002B
00210000000F002402340032
003000000015003002340032
00530000001F003402340032
00220000000D00230234003C
003200000012002D0234003C
00510000001B00300234003C
002500000009001D02300044
00380000000D002102300044
004F00000017002202300044
00250000000C00200231004A
00360000001000250231004A
004F0000001A00240231004A
00210000000E002502340053
003200000013003102340053
005300000020003B02340053
00270000000C002102340060
003800000010002802340060
004F0000001A002B02340060
002E00000008001302310065
00380000000A001202310065
004F0000000E001202320064
002C00000008001202310066
00360000000A001102310066
004F0000000F000F02320066
00220000000D002402340073
003000000012002E02340073
00530000001D003002340073
00220000000D00240236007C
003000000011002D0236007C
00530000001C002D0236007B
00220000000D002402350085
003000000012002E02350085
00530000001C002D02360085
00220000000D00230234008D
003000000012002C0234008D
00510000001C002B0234008C
00240000000D002202340093
003200000011002902340093
005100000019002402340092
00220000000E002302340099
003000000013002D02340099
00510000001D002D02340099
00220000000F0024023400A3
003000000015002E023400A3
00510000001F0030023400A3
00220000000D0024023500AB
003000000013002E023500AB
00530000001E0032023500AB
00220000000E0024023700B4
003000000013002E023700B4
00530000001E0032023700B3
00220000000D0024023400BB
003200000013002D023400BB
00530000001E0030023500BB
00220000000D0024023500C3
003000000013002F023500C3
00530000001E0034023500C3
00240000000D0024023500CC
003000000012002E023500CC
00530000001C0032023500CC
00240000000D0024023500D4
003000000011002E023500D4
00530000001B0030023500D4
00240000000D0024023500DC
003000000012002F023500DC
00530000001B0032023500DB
00240000000D0024023800E3
003000000012002D023800E3
00530000001B002D023800E3
00240000000E0025023400ED
0030000000130031023400ED
00530000001C0034023500ED
00240000000E0024023400F3
003000000013002E023400F3
00530000001C002D023400F3
00220000000D0024023400FB
0030000000130031023400FB
00530000001B0034023500FB
00240000000C002202370103
003200000011002902370103
00530000001B002902370103
00220000000E00240234010B
00300000001300300234010B
00530000001D00340234010B
00240000000E002402350114
003000000013003102350114
00530000001C003402360114
00240000000D00240237011C
00300000001200300237011C
00530000001C00340237011C
00220000000E002402370123
003000000013002E02370123
00530000001D003002370123
00240000000C00230231012B
00320000000F002D0231012B
004F00000019002B0231012B
00240000000B0021022F0132
00320000000F0028022F0132
004D000000190024022F0132
00220000000D00240233013B
003000000013002E0233013B
00510000001E00320234013B
00220000000D002402340144
003200000012002F02340144
00510000001C003402350143
00220000000D00240234014C
003200000013002E0234014C
00510000001D00340235014C
00240000000D002402350154
003000000013002D02350154
00530000001B002B02350154
00240000000E00240237015C
003000000013002E0237015C
00530000001C002D0237015B
00240000000F002502350165
003000000014003102350165
00530000001E003402350165
00240000000E00240237016B
00300000001300300237016C
00530000001E00320237016B
00240000000D002402340173
003200000012002E02340173
00510000001E003402340173
00220000000B00230232017C
003400000010002B0232017B
00510000001B002B0232017B
002500000009001C022E0183
00380000000C001F022E0183
004B00000016001E022E0183
00220000000C00230234018C
003200000012002C0234018C
00510000001D00300234018C
00220000000D002202340193
003200000013002902340193
00510000001D002902340193
00210000000E00230235019A
003000000013002D0235019A
00510000001F003002350199
00250000000D0024023701A5
003000000012002D023701A5
0053000000190030023701A5
00270000000D0023023801AD
00300000000F002B023801AD
0051000000160029023801AD
00250000000D0024023501B3
003200000010002E023501B3
005100000018002B023501B3
00220000000D0024023501BA
003000000012002E023501BA
00530000001C002D023501BA
00220000000E0024023601C3
003000000013002F023601C3
00530000001E0032023601C3
00220000000E0024023701CB
003000000013002E023701CB
00530000001F0032023701CA
00220000000E0024023401D3
0030000000130031023401D3
00510000001E0036023401D3
00210000000F0025023501DC
0030000000150032023501DC
00530000001F0038023501DB
00240000000D0024023401E4
003000000012002E023401E4
00510000001B002D023501E4
00240000000E0024023501EA
003000000013002E023501EA
00530000001B002B023501EA
00220000000E0024023501F3
003000000013002E023501F3
00530000001C002B023501F3
00240000000D0024023401FB
003000000011002E023401FB
00510000001A0030023401FB
00220000000D002402350203
003000000012002E02350203
00530000001C003002350203
00210000000E00240235020C
00300000001400300235020C
00530000002000360235020C
00210000000F002402340214
003200000015003002340214
005100000022003602340214
00220000000F00250235021D
00320000001500310235021D
005300000021003B0235021D
00220000000D002402330224
003200000013002E02330224
00510000001D002D02330223
00220000000F00250235022B
00320000001400320235022B
00530000002000380235022B
00240000000F002502350233
003200000015003202350234
005300000020003C02360233
00240000001000260236023D
00300000001700330236023D
005300000022003C0236023D
002400000010002602350244
003200000016003202350244
005100000020003802350244
00240000000F00250234024B
00320000001500320234024B
00510000001E003B0235024A
00240000000F002502340254
003000000013003102340254
00530000001A003202350254
00240000000E00250235025C
00300000001300310235025C
00530000001A00300235025C
00250000000D002402350263
003000000011002F02350264
005300000017002B02350263
00240000000E00240235026B
003000000012002E0235026B
00530000001800270235026B
00250000000D002402350273
003000000011002D02350273
005300000017002402350273
00270000000E00210235027C
00300000001300280235027C
005100000018001E0235027C
00270000000E0021023C0006
0032000000120027023C0006
0051000000180020023D0005
00290000000F0022023C000E
0030000000130029023C000E
005100000018001E023C000E
002A0000000E0023023D0014
003000000010002A023C0014
0051000000130020023D0014
00270000000F0023023D001B
002E00000013002B023D001B
0051000000180022023D001B
00240000000F0024023D0022
002E00000013002F023D0022
00530000001B002B023D0022
00220000000F0024023D002B
003000000015002E023D002B
00530000001E002D023D002B
00220000000D0024023D0034
003200000013002E023D0034
00530000001D0032023D0033
00220000000D0023023C003C
003200000013002D023C003C
00530000001E0030023D003C
00220000000D0023023C0043
003400000013002D023C0043
0051000000200034023C0043
00210000000D0024023C004B
003200000013002F023C004B
0051000000200038023C004B
00220000000D0024023C0053
003200000013002E023C0053
00510000001F0034023D0053
00210000000D0024023C005C
0032000000130030023C005C
00510000001F0038023C005C
00220000000C002102390063
003400000010002902390062
004F0000001B0027023A0062
00220000000C0024023D006C
003000000011002D023D006C
00530000001B002B023D006B
00220000000D0024023D0073
003000000012002E023D0073
00530000001C002D023D0072
00220000000D0024023C007C
003000000013002D023C007C
00530000001C002D023C007C
00240000000D0024023D0084
003000000012002E023D0084
00530000001A002D023D0084
00240000000D0023023D008A
003000000011002D023D008A
0053000000190027023D008A
00220000000E0024023C0092
003000000013002E023C0092
00510000001F0030023C0092
00210000000E0024023D009C
003000000013002E023D009C
0053000000200034023D009B
00220000000D0024023D00A4
003200000013002E023D00A4
00530000001D0032023E00A4
00220000000E0024023E00AC
003000000013002D023E00AC
00530000001D002D023E00AC
00220000000D0023023C00B3
003200000013002B023D00B3
00530000001C0029023D00B3
00220000000D0024023D00BA
003000000012002E023D00BA
00530000001C0030023D00BA
00240000000D0024023F00C4
003000000011002E023F00C4
00530000001A0032024000C4
00240000000D0024023D00CC
0030000000120031023D00CC
00510000001B0034023D00CC
00240000000D0024023C00D4
003000000012002D023C00D4
00510000001B002B023C00D4
00240000000D0024023C00DD
003000000013002D023C00DD
00530000001B002B023D00DD
00250000000D0021023C00E2
0032000000120028023C00E2
00510000001A0022023C00E2
00220000000E0024023C00E9
002E00000014002F023C00E9
00530000001E0032023D00E9
00220000000F0024023C00F4
0030000000150031023C00F4
00510000001F0034023C00F4
00240000000D0024023C00FD
003200000012002E023C00FD
00510000001B0030023D00FD
00240000000C0021023B0103
0032000000110027023B0103
0051000000190022023C0103
00220000000D0024023C0109
003000000013002D023C0109
00530000001E0030023D0109
00240000000F0025023C0115
0030000000130031023D0115
00510000001D0034023D0114
00240000000E0024023C011C
003200000013002E023C011C
00510000001C0030023C011C
00240000000D0023023C0122
003000000012002A023C0122
00530000001A0027023C0122
00210000000D0024023D012A
003000000012002D023D012A
00530000001C002D023E012A
00220000000D0024023D0133
003000000013002E023D0133
00530000001E0030023E0132
00220000000D0024023D013B
003000000013002E023D013B
00530000001D0030023D013B
00210000000E0024023E0143
003000000013002E023E0143
00530000001D0030023E0143
00220000000D0024023D014C
003000000012002E023D014C
00510000001C0030023D014B
00250000000D0024023C0157
003200000010002D023C0157
005100000018002B023C0157
00250000000E0023023C015C
003000000012002D023C015C
00530000001A0029023D015C
00240000000F0025023C0164
0030000000130032023C0164
00530000001C0036023C0164
00240000000F0024023C016B
003000000014002E023C016B
00510000001E0030023C016B
00220000000E0024023C0171
0030000000130030023C0171
00530000001D0036023C0171
00220000000E0024023D017A
003000000014002F023D017B
0053000000200034023D017A
00210000000F0024023D0183
003200000015002F023D0183
0053000000210034023D0183
00210000000F0024023C018B
003200000015002E023D018B
0053000000210032023D018B
00210000000F0024023C0192
003200000015002E023C0192
0051000000210034023C0192
00220000000E0024023D019B
003200000013002F023D019B
00510000001F0036023D019B
00250000000D0023023B01A6
003400000012002B023B01A6
00510000001A002B023B01A6
00270000000D0021023A01AB
0032000000100027023A01AB
004F000000160020023A01AB
00240000000E0023023A01B1
003000000012002C023A01B1
0051000000190027023A01B1
00220000000F0025023C01BB
0030000000150031023C01BB
0053000000200034023C01BB
00220000000E0024023C01C5
0032000000140030023C01C5
0051000000200034023C01C4
00240000000D0023023C01CA
003200000013002A023C01CA
00510000001C0024023C01CA
00220000000E0024023D01D2
003000000014002F023D01D2
00510000001F0034023D01D2
00240000000E0024023E01DC
0030000000130030023E01DC
00530000001B0034023E01DC
00220000000E0024023D01E4
003000000013002F023D01E4
00530000001D0030023E01E4
00220000000E0024023C01EB
003000000014002F023C01EB
00530000001F0032023C01EB
00240000000D0024023C01F4
003000000012002E023C01F4
00530000001B0030023D01F4
00220000000D0024023C01FB
0030000000120030023C01FB
00530000001C0034023D01FA
00220000000D0024023C0203
0030000000130030023C0203
00530000001E0034023D0203
00220000000D0024023C020C
003000000013002F023C020C
00530000001F0036023C020C
00210000000F0024023C0214
0032000000150031023C0214
0053000000220038023D0214
00220000000F0025023C021E
0032000000160032023C021E
005300000022003B023C021E
00240000000F0025023C0224
0030000000150031023C0225
0051000000210034023D0224
00240000000F0026023D022C
0030000000150033023D022C
005300000020003C023D022B
00250000000E0025023D0233
0032000000130032023D0233
00530000001D0038023E0233
00240000000F0026023D023A
0030000000150032023D023A
005300000020003C023D023A
00220000000F0025023C0244
0032000000150032023C0244
005100000022003F023C0244
00240000000F0025023C024B
0032000000140032023C024B
005100000020003B023C024B
00240000000F0025023D0254
002E000000150031023D0254
00530000001D0030023D0254
00240000000F0024023C025C
002E000000140030023C025C
00530000001B002D023D025C
00240000000F0024023C0264
002E000000140030023C0264
00530000001B002D023C0264
00240000000E0024023C026C
003000000012002E023C026C
005300000018002B023C026C
00270000000C0023023C0274
00300000000F002A023C0274
0051000000140022023C0274
00290000000D0021023C027C
0030000000110028023C027C
005100000015001E023C027B
00270000000D002002430004
003000000011002402430004
005100000018001E02430004
00270000000D00210243000E
00300000001000270243000E
005100000016001E0243000E
00270000000D002302430014
00300000000F002A02430014
005100000014002002430013
00250000000D00230242001C
00300000001000290242001C
00510000001600200242001B
00240000000F002402440023
003000000013002E02440023
00530000001C002B02440023
00220000000F00240245002C
002E00000015002E0245002C
00530000001F002D0246002B
00220000000E002402460034
003200000013003002460034
00530000001E003202460034
00240000000D00230244003B
003000000011002D0244003B
00510000001B002B0245003A
00220000000D002402450042
003200000012003002450042
00530000001C003602450042
00240000000C00230248004C
003200000012002C0248004C
00530000001C00320248004C
00240000000C002302480052
003200000010002C02480052
00510000001D003002480052
00240000000C00240244005B
003200000010002E0244005B
00510000001D00340244005B
00220000000C002402440064
003200000011002E02440064
00510000001D003402450064
00240000000D00240245006D
003200000010002D0245006D
00530000001B002D0245006D
00250000000B002302470073
00300000000F002C02470073
005100000016002702470072
00240000000C00240245007B
00300000000F002D0245007B
005300000017002B0245007A
00250000000D002302460084
003000000010002C02460084
005300000017002402460084
00240000000D00230245008A
003000000010002D0245008A
00530000001900290245008A
00220000000D002402450093
003000000011002D02450092
00530000001B002D02450092
00220000000D00240246009C
003000000012002D0246009C
00530000001B00300246009B
00220000000D0024024700A4
003000000013002E024700A4
00530000001D002D024700A4
00240000000D0023024500AB
003000000012002C024500AB
00530000001B0029024500AB
00220000000D0023024500B2
003000000013002D024500B2
00530000001C002D024500B2
00220000000D0024024700BC
003000000013002E024700BC
00530000001D0032024700BC
00250000000E0024024400C5
003000000013002D024400C5
00510000001C002B024400C5
00240000000E0024024400CC
003000000013002F024400CC
00530000001C0030024400CB
00240000000E0024024400D4
003000000013002F024400D4
00510000001B0030024400D3
00220000000D0024024300DA
002E00000013002E024300DA
00530000001B002D024400DA
00220000000D0023024300E2
003000000012002C024300E2
00510000001B002B024400E2
00250000000A0020024900EC
00300000000E0025024900EC
0053000000180024024900EC
00240000000E0024024500F4
003000000013002E024500F4
00530000001D0030024600F4
00240000000E0024024500FB
003000000013002E024500FB
00510000001D0030024500FB
00220000000E002402440103
003200000013002E02440103
00510000001E003002440103
00220000000E00240246010C
003000000014002E0246010C
00530000001F00300246010C
00220000000E002402440113
003200000013003102450113
00530000001F003602450113
00240000000D00250244011C
00320000001300320244011C
00530000001C003B0245011C
00270000000D002302470124
003200000012002D02470124
005100000019002B02470124
00270000000C00210245012B
00320000001000290245012B
00510000001700220245012A
00240000000D002302450131
003000000011002B02450131
005100000019002402460131
00240000000E00240246013A
003000000012002D0246013A
00530000001A002B0246013A
00220000000D002302450143
003000000013002D02450143
00530000001C002B02450143
00220000000D00240245014C
003000000011002D0245014C
00530000001B00300245014B
00240000000D002402440154
003000000011002D02440154
00530000001A002D02450154
00240000000E00240243015B
003000000012002D0243015B
00510000001A00290243015B
00220000000E002402440163
003000000013002E02440163
00530000001C002D02440163
00220000000F00240244016C
003000000015002E0244016C
00510000001F00300244016B
00220000000D002402450174
003000000013002E02450174
00530000001E003202450174
00220000000E00240245017C
003000000013002E0245017C
00530000001E00300245017B
00220000000D002402450184
003000000013002E02450184
00530000001D003002460183
00220000000E00240246018B
003000000013002E0246018B
00530000001C00300246018B
00220000000E002402450194
003200000013002E02450194
00530000001E002D02460194
00220000000E00240245019B
003000000013002D0245019B
00530000001C002B0245019B
00220000000D0024024401A3
003000000013002E024401A3
00530000001E0032024401A3
00220000000D0024024401AB
003000000012002E024401AB
00510000001C0030024401AB
00220000000D0024024501B4
003000000012002D024501B4
00530000001B002D024501B4
00220000000F0024024501BB
002E00000014002F024601BB
00530000001E0030024601BB
00220000000F0024024601C4
0030000000150031024601C4
00530000001F0034024601C4
00240000000D0024024401CB
003200000012002D024401CB
00510000001C002D024401CA
00220000000D0024024401D4
003000000012002E024401D3
00530000001C0030024501D3
00220000000E0024024401DD
0030000000130030024401DD
00530000001C0032024401DC
00220000000D0024024401E4
003000000012002E024401E4
00510000001C002D024501E4
00240000000D0024024501EB
0030000000110030024501EB
00530000001A0032024501EB
00240000000E0025024601F4
0030000000130031024601F4
00530000001C0034024601F4
00240000000D0024024401FC
0030000000130030024401FC
00510000001D0034024501FC
00220000000E002402450203
003000000013003102450203
00530000001E003602450203
00210000000F00250246020C
00300000001500310246020C
00550000002100360246020C
00210000000F002402450214
003200000016003102450214
005300000024003B02460214
00210000001000250244021C
00320000001700320244021C
005300000024003F0244021C
002400000010002602440224
003200000016003202440224
005100000021003C02440224
00240000000F00250244022C
00300000001500320244022C
00510000002000380244022B
00220000000F002502420234
003200000015003202420234
005100000020003802420234
00220000000E00250245023C
00320000001300310245023C
00530000001E00380245023C
00240000000D002402450244
003200000012002F02450244
00530000001C003402460244
00220000000E00240245024C
00320000001400300245024C
00530000001F00340245024C
00240000000D002402440253
003000000012002D02440253
00530000001A002702450253
00240000000E00240244025B
003000000012002F0244025B
00530000001A002D0245025B
00240000000E002402440264
003000000013002F02440264
00530000001B003002450264
00240000000E00240244026B
003000000012002F0244026B
00510000001B00300244026B
00290000000E002302450274
003000000012002B02450274
005100000017002202460273
00290000000F001F0247027C
00300000001300220247027C
00530000001800160247027B
00290000000E0021024F0006
0030000000110027024F0006
0053000000170020024F0006
002A0000000E0021024D000F
0030000000100028024C000F
005300000015001E024D000F
00290000000D0023024C0013
00300000000F0029024C0013
0051000000140020024C0013
00270000000D0023024C001A
002E000000100029024C001A
0053000000160022024C001A
00220000000E0024024C0023
003000000013002E024C0023
00530000001E002D024D0022
00220000000F0024024E002C
003000000015002D024E002C
005300000020002D024E002C
00240000000E0023024C0034
003200000013002B024C0034
00510000001C0029024C0034
00220000000E0024024C003B
003200000013002D024C003B
00510000001E0030024C003A
00220000000D0024024C0044
003400000013002E024C0044
00510000001E0036024C0044
00240000000D0023024C004D
003400000012002B024C004D
00510000001C002D024C004D
00250000000D0020024C0052
0032000000120027024C0052
00510000001B0020024C0051
00220000000D0023024C0059
003200000012002C024C0059
00510000001C0030024C0058
00220000000D0024024E0064
003000000013002E024E0064
00530000001E0032024E0064
00220000000E0024024C006C
003000000013002E024C006C
00510000001E0030024C006C
00240000000C0023024A0073
003200000010002B024A0073
0051000000190029024A0073
00240000000B0024024D007F
00320000000E002E024D007F
0053000000160030024D007E
00290000000B0023024C0085
00320000000E002B024C0085
0051000000130027024D0085
00270000000B0023024C0089
002E0000000E002A024C0089
0051000000140024024C0088
00240000000D0024024C0092
003000000011002D024C0092
00530000001A002B024C0092
00220000000D0024024D009C
003000000012002D024D009C
00530000001C002D024D009C
00240000000D0022024C00A4
0032000000130029024C00A4
00530000001B0024024C00A4
00240000000D0023024D00AA
003000000013002D024D00AA
00510000001D002D024D00AA
00220000000D0023024C00B5
003200000013002D024C00B5
00530000001E0030024D00B5
00240000000C0022024C00BB
0032000000110029024C00BB
00530000001A0027024C00BB
00220000000D0024024C00C3
003000000013002E024C00C3
00530000001D0030024D00C3
00240000000E0024024D00CC
003000000013002F024D00CC
00530000001C0032024E00CC
00240000000D0024024D00D4
003000000012002E024D00D4
00530000001A002D024D00D4
00240000000D0024024D00DB
003000000012002E024D00DB
00530000001B002D024D00DB
00220000000B0023024C00E5
00320000000F002B024C00E5
005100000019002B024D00E5
00240000000C0020024C00EB
0032000000120025024C00EB
00510000001A0020024C00EB
00220000000C0021024C00F0
0030000000110029024C00F0
00510000001B0027024D00F0
00220000000D0024024C00FB
003000000013002E024C00FB
00510000001D0030024C00FB
00220000000D0024024D0104
003000000012002E024D0104
00530000001D0032024D0103
00220000000E0024024E010D
0032000000150030024E010D
0053000000200038024E010D
00240000000F0025024F0115
0030000000150031024F0115
00530000001E0036024F0115
0025000000100026024E011E
0030000000150032024E011E
005300000020003B024E011D
00250000000E0024024C0124
003200000013002D024C0124
00510000001C002B024C0123
00240000000D0023024A012A
003200000011002D024A012A
00510000001A002B024A0129
00220000000E0024024D0133
003000000013002E024D0134
00530000001D002D024D0133
00220000000D0024024C013B
003000000012002E024C013B
00530000001B0030024D013B
00240000000D0024024D0145
003000000012002F024D0145
00530000001A0030024D0144
00250000000D0024024E014C
003000000010002E024E014C
005300000017002D024E014C
00250000000C0024024C0153
00300000000F002D024C0153
0051000000170029024D0153
00240000000D0024024C015A
002E00000011002D024C015A
00510000001B002B024C015A
00210000000E0024024C0163
003000000013002E024C0163
00530000001E0032024C0163
00220000000E0024024E016C
003000000013002F024E016C
00530000001E0032024E016B
00220000000D0024024D0174
003000000013002E024D0174
00530000001C0032024E0174
00250000000E00240250017E
003000000013002E0250017E
00530000001A00300250017E
002C0000000D002302510185
003200000010002A02510185
005300000016002702510185
00290000000F0024024F018B
003000000012002D024F018B
0053000000190029024F018A
00250000000E0024024D0192
003000000013002F024D0192
00510000001B0030024D0191
00220000000D0024024D019B
003000000013002E024D019B
00530000001D0032024D019B
00220000000E0024024D01A3
003000000013002E024D01A3
00530000001C0030024D01A3
00220000000D0024024D01AB
003000000013002D024D01AB
00510000001E0030024D01AB
00220000000E0024024C01B3
003000000013002E024C01B3
00510000001F0032024C01B3
00220000000E0024024D01BC
003000000013002E024D01BC
00530000001E0030024D01BC
00220000000E0024024C01C4
003200000013002E024C01C4
00510000001D0030024D01C3
00240000000E0024024C01CC
003200000013002F024C01CC
00510000001D0032024D01CC
002A0000000B0023025101D6
00320000000D002B025101D6
005100000013002B025101D6
002E000000090020025001DD
0032000000090025025001DD
00510000000E0020025001DC
002A0000000D0024024F01E3
00300000000F002D024F01E3
0051000000140027024F01E2
00240000000F0025024E01EC
002E000000140031024E01EC
00530000001D0032024E01EB
00240000000F0024024C01F4
0030000000140030024C01F4
00510000001E0032024C01F4
00220000000E0024024D01FC
0030000000130031024D01FC
00530000001E0034024D01FB
00220000000F0025024D0204
0030000000150031024D0204
0053000000200036024D0204
00220000000F0025024D020C
0030000000150031024D020C
0053000000210036024E020C
00220000000F0024024D0213
0032000000160031024E0213
005300000022003B024E0213
00220000000F0025024C021B
0032000000150032024C021B
005300000022003C024D021B
00220000000F0025024C0224
0032000000150031024C0224
005100000022003B024C0224
00240000000E0024024C022B
003200000013002E024C022B
00510000001E0030024C022B
00220000000E0024024C0232
0030000000130030024C0232
00510000001F0036024C0232
00220000000D0024024B023C
0032000000130030024B023C
00510000001E0036024B023C
00220000000E0024024C0244
003200000013002F024C0244
00530000001E0034024D0244
00220000000E0025024C024B
0032000000130031024C024B
00530000001F0038024D024B
00240000000F0025024D0253
002E000000130031024D0253
00530000001C0032024D0253
00240000000D0024024D025C
003000000012002E024D025C
00530000001B0030024D025C
00220000000F0024024D0264
0030000000140031024D0264
00530000001E0032024E0264
00250000000F0024024E026D
003200000013002D024E026D
0053000000190029024E026D
002C0000000D0021024E0275
0030000000110026024E0275
004F00000015001C024E0275
002C0000000E001F024C027B
0030000000120022024C027B
004F000000150016024C027B
00320000000B001702550008
003A0000000B001802550008
004F0000000E001502550008
002E0000000D001F0255000D
00320000000D00230255000D
004F0000000F001A0254000C
002A0000000D002102530010
002E00000010002602530010
005100000013001E02530010
00240000000E00240253001A
002E00000013002D0253001A
00530000001B002902530019
00210000000F002402540023
003000000015002E02540023
00530000001F003002550022
00210000000F00240255002C
003000000016002D0255002C
005500000021002D0256002C
00220000000F002402540033
003200000015002F02540033
00530000001F003202550033
00220000000D00230254003B
003000000013002D0254003B
00510000001D002D0254003B
00210000000E002402540042
003200000013002E02540042
00530000001F003402540042
00210000000E00240254004B
003200000013002F0254004B
00510000001F00340254004B
00220000000D002402530053
003200000013002E02530053
00510000001E003002530053
00220000000D00240255005B
003200000012002F0255005B
00530000001D00320255005B
00220000000E002402540064
003000000013002E02540064
00530000001E003002540064
00220000000D00240254006A
003000000012002E0254006A
00530000001D002D0254006A
00220000000D002402540073
003000000011002D02540073
00530000001A002D02540073
00240000000E00240256007E
00300000001300300256007E
00530000001D00340256007E
00250000000E002302530084
003200000013002D02530085
00510000001A002902530084
00240000000F00250253008B
00300000001300310253008B
00510000001C00320254008B
00250000000D002302590094
003000000012002C02590094
00530000001A002902590094
00240000000E00240255009B
003000000013002E0255009B
00530000001B00290256009B
00220000000F0024025400A4
003000000014002E025400A4
00530000001E002D025400A4
00220000000F0024025400AB
003000000015002E025400AB
00510000001E002D025500AA
00210000000F0025025400B3
0030000000150031025400B3
0053000000200038025500B3
00220000000E0024025400BC
003200000013002F025400BC
00530000001C0030025500BC
00250000000D0024025600C4
003000000011002D025600C4
005300000018002B025600C4
00250000000D0024025600CC
003000000012002E025600CC
0053000000180029025600CC
00250000000C0023025500D3
00300000000F002C025500D3
0053000000160027025500D2
00240000000D0024025500D9
002E00000012002E025500D9
005300000019002B025500D9
00220000000D0023025500E3
003000000012002D025500E3
00530000001B002D025500E3
00210000000E0024025400EB
003000000013002D025400EB
00530000001E002D025400EB
00240000000D0024025600F4
003000000012002D025600F4
00530000001A002D025600F4
00250000000D0023025900FC
003000000010002C025900FC
005300000018002B025900FC
00270000000D002302590103
003000000010002A02590104
005300000017002702590103
00240000000F00250255010D
00300000001400310255010D
00530000001D00300255010D
002400000010002502550115
003200000015003202550115
00530000001E003402550115
00250000001000250254011D
00300000001500320254011D
00510000001C00340254011D
00250000000F002502540123
003000000013003102540123
005100000019003002540123
00250000000E00240255012B
002E00000012002F0255012B
005300000019002B0255012B
00220000000F002402550134
003000000014003002550134
00530000001D003002550134
00240000000F00240254013C
00300000001300300254013C
00530000001B00300255013C
00240000000F002502540144
003000000013003102540144
00530000001A003002550144
00250000000F00240254014D
003000000013002E0254014D
00530000001800290254014C
00240000000F002402540153
002E00000013003002540153
00530000001A002D02540153
00240000000E00240254015B
002E00000012002D0254015B
00530000001A002B0254015A
00220000000F002402550163
002E00000014003002550163
00550000001D003002560163
00220000000F00240255016B
002E00000015002F0255016B
00530000001D002D0255016B
00220000000F002502540175
003000000015003102540175
00530000001D003202550175
00270000000F002402540180
003200000013002D02540180
005100000018002902540180
002A0000000E002302530186
003200000011002A02530186
004F00000014002202530185
00270000000E00230253018A
003000000011002B0253018A
00510000001500240253018A
00250000000F002502560192
002E00000013003102560193
00530000001A003002560192
00240000000F00250256019B
002E0000001300300256019B
00530000001C002D0257019B
0022000000100025025401A3
002E000000150031025401A3
00530000001F0032025501A3
00220000000F0025025501AC
0030000000150031025501AC
00530000001F0036025501AC
00220000000F0024025501B3
0030000000150030025601B3
00530000001F0032025601B3
00220000000F0024025501BB
0030000000150030025501BB
00530000001E0030025601BB
00220000000E0024025501C3
003000000013002F025501C3
00530000001D0030025501C3
00240000000E0024025401CE
003200000013002F025401CE
00510000001A0032025401CE
002A0000000B0022025201D7
00340000000E0028025201D7
004F000000120024025201D7
002A0000000B0020025201DC
00320000000D0025025201DD
004F0000000F001E025201DC
00290000000D0021025201E2
0030000000100027025201E2
004F00000013001E025201E2
00240000000F0025025401EB
002E000000130030025401EB
00530000001A002D025401EB
00240000000F0025025401F3
0030000000130031025401F3
00510000001B0032025401F3
0022000000100025025501FB
002E000000160032025501FB
00550000001F0034025501FB
002200000010002502550204
003000000016003202550204
005300000021003802560204
00220000001100260256020C
00300000001800320256020D
00550000002200380256020D
002200000010002502550213
003000000018003202550213
005300000024003B02550213
00210000001000250254021A
00300000001700320254021A
005300000024003B0254021A
00210000000F002402540223
003200000016003102540223
005300000022003802540223
00220000000E00240253022A
003200000014002E0253022A
004F0000002000320253022A
00210000000E002402540233
003000000014003002540233
005300000020003602540233
00220000000D00240254023C
003200000013002E0254023C
00510000001E00340255023C
00220000000E002402540244
003000000014002E02540244
005300000020003202540244
00220000000F00250255024C
00300000001500310255024C
00530000002000360255024C
00240000000E002402550254
003000000012002E02550254
00530000001B002D02560254
00220000000E00240255025C
002E00000013002F0255025C
00530000001C002D0255025B
00220000000F002402550264
002E00000014002E02550264
00550000001B002B02560264
00250000000D00240254026E
003200000012002D0254026E
005100000018002B0254026E
002C0000000A001B02510274
00340000000C001E02510274
004F0000000F001602520274
002E0000000A001502520278
00340000000C001602520278
004F0000000F001002520278
002C00000009001702580007
00360000000A001802580007
004F0000000E001602580007
003200000005000D02570009
003600000007000E02570009
004F00000009000E02570009
00250000000D0023025A0012
003000000010002B025A0012
0051000000160024025A0012
00240000000E0023025C001C
003000000013002C025C001C
00530000001D0029025D001C
0021000000100024025E0024
003000000017002E025E0024
0055000000210030025F0024
0022000000100024025F002C
002E00000017002F025F002C
005500000022002D025F002C
00220000000F0024025D0033
0030000000150030025D0033
0053000000200032025E0033
00220000000F0024025D003A
003000000015002F025D003A
00530000001F0030025D003A
00220000000E0024025C0043
003200000013002E025C0043
00510000001F0032025C0042
00220000000E0024025C004C
003200000013002E025C004C
00530000001E0032025C004B
00220000000D0024025C0053
003200000013002E025C0053
00530000001D0032025C0053
00220000000E0024025C005B
003200000013002E025C005B
00530000001F0030025C005B
00220000000E0024025C0064
0030000000140030025C0064
00530000001E0034025D0064
00220000000E0024025D006B
0030000000130030025D006B
00510000001E0034025D006B
00220000000D0024025D0074
003000000013002E025D0074
00530000001D0030025D0074
00240000000E0024025C007F
003200000013002E025C007F
00530000001B002D025C007F
00240000000F0024025C0084
003200000014002E025C0084
00510000001D002B025D0084
0024000000100026025C008C
0030000000150032025C008C
00530000001F0036025D008C
00250000000E0023025C0094
003200000012002A025C0094
0051000000190024025C0094
00250000000D0024025D0099
003000000012002D025D0099
00530000001A002B025D0099
00210000000F0024025D00A2
003000000015002F025D00A2
00530000001F0032025D00A2
00210000000F0024025D00AB
003000000015002F025D00AB
00530000001F0032025D00AB
00220000000F0024025D00B4
003000000014002F025D00B4
00530000001E0032025E00B4
00220000000F0024025D00BD
003000000014002F025D00BD
00530000001E0032025D00BC
00290000000D0022025D00C8
0034000000100028025D00C8
0051000000160022025D00C8
002A0000000B0021025E00CC
00320000000C0028025E00CC
00510000000F001E025E00CB
00270000000D0023025C00D0
002E00000011002A025C00D1
0051000000170022025C00D0
00220000000E0024025D00DB
002E00000012002E025D00DB
00530000001A002D025D00DB
00250000000D0024025F00E6
003200000011002D025F00E6
005300000018002B025F00E6
00290000000C0022026000EC
00300000000E0029026000EC
0053000000140024026000EC
00250000000F0025025D00F5
0030000000140031025D00F5
00530000001D0032025E00F4
00290000000E0023025C00FF
0034000000120029025C00FF
0053000000180027025D00FF
00290000000D0021025C0102
0032000000100026025C0102
005100000016001E025C0102
00240000000E0024025C0108
002E00000013002F025C0108
00530000001B0030025C0108
00240000000F0024025A0114
0030000000140030025A0114
00510000001D0034025A0114
0024000000100026025B011D
0030000000150032025B011D
00510000001D0036025B011D
00270000000F0024025B0124
003000000013002E025B0125
005100000018002B025B0124
00240000000F0026025D012C
002E000000140032025D012C
00530000001C0036025E012C
00250000000F0024025D0134
003000000013002F025D0134
005300000019002B025D0133
00240000000F0024025D013B
002E00000013002F025D013B
00530000001A002B025D013A
00240000000E0024025D0145
002E00000012002F025D0145
005300000018002B025D0144
00270000000D0024025C014D
003000000010002E025C014D
005100000015002B025C014D
00250000000E0024025C0153
002E00000012002E025C0153
0051000000160027025C0153
00240000000E0024025D015A
002E000000130030025D015A
00530000001A002D025D015A
00220000000F0024025E0163
002E00000013002E025E0163
00550000001C002D025E0163
00220000000F0024025D016B
002E00000014002F025D016B
00530000001D0030025D016B
00220000000E0024025D0174
003000000013002E025D0174
00530000001B002D025D0174
00220000000E0024025B017D
003000000013002D025B017D
00530000001C002B025B017D
00240000000C002402580184
003200000010002E02570184
004F00000017002D02580184
00270000000F0024025B018F
003200000012002E025B018F
005100000018002D025B018E
00250000000F0024025C0195
003000000013002E025C0195
00510000001A0029025C0195
00250000000F0024025C0199
002E00000013002E025C0199
0053000000190029025C0199
00220000000F0025025C01A3
0030000000150031025C01A3
00530000001D0034025D01A3
0022000000100025025D01AC
0030000000150031025D01AC
00530000001E0030025D01AB
0021000000100025025D01B3
0030000000160031025D01B4
0053000000200032025D01B3
00220000000F0025025D01BB
0030000000150031025D01BB
00530000001E0032025D01BB
00220000000F0025025E01C3
002E000000150031025E01C3
00530000001E0032025E01C2
00220000000F0025025D01CC
0030000000140031025D01CC
00530000001D0036025D01CC
00240000000E0024025C01D4
002E00000012002F025C01D4
00510000001B0030025C01D4
00240000000C0023025A01DB
003000000010002C025A01DB
00510000001A0029025A01DB
00220000000D0024025B01E4
003000000012002D025B01E4
00510000001B002B025B01E4
00220000000F0024025C01EC
003000000014002E025C01ED
00530000001C002D025C01ED
0022000000100025025D01F4
0030000000160031025D01F4
00530000001F0034025D01F4
0022000000100025025D01FD
0030000000170031025D01FD
0055000000210032025E01FD
0022000000100025025F0204
0030000000170031025F0204
0053000000210034025F0204
0024000000110026025D020C
0030000000180032025D020C
0053000000220038025D020C
0022000000110026025C0213
0032000000180032025C0213
005100000024003C025D0213
0022000000100025025E021A
0030000000170032025E021A
005300000024003C025E021A
00220000000F0025025D0224
0030000000160031025D0224
0053000000220038025D0224
00220000000F0024025D022B
0030000000150030025D022B
0053000000200034025E022B
00220000000E0024025D0233
0030000000130030025D0233
00530000001F0036025D0233
00220000000E0024025D023C
003000000014002F025D023C
00530000001F0034025D023C
00220000000E0024025D0244
003000000013002E025D0244
00530000001E0032025D0244
00220000000F0024025E024C
0030000000130030025E024C
00530000001D0032025E024C
00240000000E0024025D0254
003000000013002E025D0253
00530000001A002B025D0253
00220000000F0025025D025C
002E000000130031025D025C
00530000001B0030025D025C
00220000000E0024025D0264
002E00000013002F025D0264
00530000001A002D025D0264
00240000000D0024025C026C
003000000010002D025C026C
0053000000180029025D026B
00270000000C0021025C0273
00300000000F0028025C0272
0051000000140020025C0272
00270000000D0021025D027C
0030000000110026025D027C
005300000016001C025D027C
00250000000D002102650003
003000000011002702650003
005100000018001E02650003
00220000000F00240265000C
002E00000015002D0265000C
00550000001F00290266000C
002200000010002402660014
002E00000016003002660014
005500000020003002660014
00220000001000250265001C
002E0000001700300265001C
00550000002200300266001C
002200000011002502650024
002E00000018003102650024
005300000022003202660024
00240000001000240264002B
002E00000016002E0264002B
00530000001E002B0265002B
002200000010002502640033
003000000017003102640033
005300000020003202650033
00220000000F00240265003B
003000000015002E0265003B
005300000020002D0265003A
00210000000F002402650042
003200000015003002650042
005300000020003602650042
00210000000F00240265004C
00320000001500300265004C
00530000002100360265004C
00210000000E002402640053
003200000014002F02650053
005300000020003402650052
00210000000E00240265005C
003200000013002F0265005C
00530000002000360266005C
00220000000F002402650064
003000000015003002650064
005300000021003402660064
00220000000F00240265006C
00300000001500310265006C
00530000002000340265006B
00240000000D002402670073
003000000012002E02670073
00530000001B002D02670073
00220000000E00240264007D
003000000014002F0264007D
00530000001F00320264007D
00250000000F002402670085
003200000015002E02670085
00530000001C002D02680085
00250000000F00250266008B
00300000001300300266008B
00530000001D00320266008A
00240000000E002402620093
003000000013002E02620093
00510000001B002D02630093
00220000000E00240264009C
003000000013002D0264009C
00530000001E002B0264009B
00210000000F0024026500A3
003000000014002F026500A3
00550000001E0032026600A3
00240000000E0024026700AD
003000000013002D026700AD
00530000001B002D026800AD
00290000000D0022026900B4
0030000000100029026900B4
0053000000170024026900B4
00270000000E0024026500BB
003000000011002E026500BB
005100000019002D026500BB
00270000000B0023026100C6
00320000000E0029026100C6
004F000000140024026200C6
002900000009001D026000CB
00340000000A0020026000CB
004F0000000E001A026000CB
00240000000E0025026500D4
0030000000120031026500D4
0053000000180032026500D4
00270000000E0025026700DC
002E000000120030026700DC
0053000000180030026800DC
00270000000E0024026300E6
003200000011002E026300E6
005100000017002D026300E6
00250000000E0023026300EC
003200000012002A026200EC
0051000000170022026300EC
0024000000100025026300F3
002E000000150031026300F3
00530000001B0032026300F2
00240000000F0025026200FC
0030000000150031026200FC
00510000001C0030026200FC
00250000000E002402610104
003200000013002E02610104
00510000001B003002620104
00240000000F00240265010A
00300000001500300265010A
00530000001F00320265010A
002100000010002502640113
003000000016003102640113
005300000021003602640113
00220000000F00250265011D
00300000001500320265011D
00530000001F003B0265011D
00240000000E002502640126
003000000013003102640126
00510000001B003202650126
00250000000E00240265012C
00300000001300300265012C
00530000001900300265012C
00250000000E002402640133
002E00000013002E02640133
005300000019002B02650133
00240000000F00240265013B
002E0000001300300265013B
00530000001B00300266013B
00250000000D002402640144
003000000011002D02640144
005300000017002902650144
00240000000E00240263014B
002E00000012002E0263014B
00510000001800290263014A
00240000000E002402620154
003000000012002F02620154
005100000019002D02630154
00240000000F00240264015D
003000000013002F0264015D
00530000001A002D0265015C
00220000000E002402640163
003000000013002D02640164
00530000001A002902640163
00220000000F00240265016A
002E00000013002E0265016A
00530000001B002B0265016A
00210000000F002402650174
003000000015002E02650174
00530000001E002D02650173
00220000000F00240264017C
003000000015002D0264017C
00530000001D002B0265017C
002200000010002502650184
003000000016003102650184
005300000020003202660184
00240000000F00250264018D
00300000001500310264018D
00530000001E00340264018C
00240000000F002402610194
003000000013002E02610194
00510000001B002D02620194
00240000000F00240263019C
003000000014002F0263019C
00530000001B002D0263019C
00220000000F0025026501A3
002E000000150032026501A3
00530000001E0034026501A3
00220000000F0024026501AB
0030000000130030026501AB
00530000001D0032026501AB
00220000000F0025026501B4
0030000000150031026501B4
00530000001E0034026601B4
00220000000F0024026401BC
0030000000140030026401BC
00530000001D0032026501BB
0022000000100025026501C5
0030000000150032026501C5
00530000001E0034026501C5
0024000000100025026501CD
0030000000150031026501CE
00530000001C0032026501CD
00240000000F0024026401D3
003000000014002E026401D3
00510000001B002B026401D3
00220000000F0024026401DA
002E000000130030026401DA
00530000001C0030026401D9
00220000000F0025026601E3
0030000000150031026601E4
00550000001F0032026601E3
0022000000100025026501ED
0030000000150031026501ED
00530000001E0034026501ED
0024000000100026026401F5
0030000000160032026501F5
0053000000200036026501F5
0025000000100025026501FE
0030000000170032026501FE
00530000001F0034026501FE
002500000011002502640204
003000000017003102640204
00530000001F002D02650204
00240000001100250264020A
002E0000001800310264020A
00530000002000300265020A
002200000011002602640214
003000000018003302650214
005300000024003C02650214
00240000001000260266021B
00300000001700320266021B
005300000024003C0266021B
002400000010002602660224
003000000018003302660224
005500000022003F02660224
00240000001000250265022B
00300000001500320265022B
00530000002000380266022B
002200000010002602650233
003000000015003202650233
005300000020003B02650232
00220000000F00250265023A
00300000001500320265023A
00530000002000380265023A
00220000000F002502650244
003000000014003202650244
00530000001F003802650244
00240000000D00240266024B
003000000012002E0266024B
00510000001B00300266024B
00240000000D002402640254
003000000010002E02640254
005300000019002B02650254
00240000000D00240265025D
003000000011002D0265025D
00530000001800290266025C
00220000000F002402650264
002E00000014002F02650264
00530000001D002D02650264
00240000000E00240264026B
003000000013002D0264026B
00530000001A002B0264026B
00240000000D002302640273
003000000012002D02640273
00530000001A002902640273
00270000000D00220265027C
00300000001200290265027C
00510000001800220265027C
00250000000E0021026D0005
0030000000120027026D0005
0051000000190020026D0004
00290000000C0020026F000D
00300000000F0024026F000D
005300000016001E0270000D
0027000000100024026F0016
002E00000015002E026F0016
00530000001A002B026F0015
0025000000100025026F001C
002E00000015002F026F001C
00530000001B002B026F001C
0024000000100025026C0021
002C000000150030026C0021
00510000001D002B026C0021
0022000000100025026B002A
002E000000160030026C002A
00530000001E0030026C002A
00220000000F0024026C0033
003000000015002F026C0033
00530000001E0030026C0033
00220000000E0024026D003B
003000000013002E026D003B
00530000001D0030026D003B
00220000000E0024026D0043
0032000000130031026D0043
00530000001F0038026D0043
00220000000E0024026C004C
0032000000140031026C004C
00530000001F0038026D004C
00220000000E0025026C0052
0030000000130031026C0052
00510000001F0038026D0052
00220000000E0025026D005D
0032000000130031026D005D
00530000001E0038026D005D
00240000000E0025026D0064
0030000000130031026D0064
00530000001C0034026D0064
00250000000E0025026D006D
0030000000120031026D006D
00510000001A0034026D006C
00270000000D0023026C0074
003000000010002C026C0074
0051000000160027026C0073
00250000000D0024026C007D
003000000010002F026C007D
005100000018002D026C007C
00250000000E0024026C0086
003200000013002D026C0086
0051000000190029026C0086
00250000000E0024026C008A
003000000012002E026C008A
00510000001A002D026C0089
00220000000F0025026C0092
002E000000130031026C0092
00530000001B0032026C0092
00220000000D0024026D009C
003000000012002F026D009C
00530000001B0032026D009C
00240000000E0024026E00A4
003000000012002F026E00A4
00530000001A0030026E00A4
002A0000000D0023026C00B1
0036000000100029026C00B1
004F000000140027026C00B1
002A0000000F0023026C00B4
0030000000130029026C00B4
004F00000016001E026C00B4
00290000000D0023026C00B7
002E0000000F0029026C00B7
0051000000130020026C00B7
00240000000D0024026C00C4
002E00000010002F026C00C4
0053000000180030026C00C4
00240000000D0024026D00CD
003000000010002E026D00CD
005300000017002B026D00CD
00250000000E0025026C00D6
0030000000120030026C00D6
0051000000180030026C00D6
00270000000D0024026B00DC
003000000010002E026B00DC
005100000016002B026B00DC
00250000000D0024026B00E4
003000000010002F026A00E4
0051000000160030026A00E4
00250000000D0024026B00EB
003000000010002D026B00EB
0053000000160027026B00EB
00220000000F0024026B00F3
0030000000140030026B00F3
00530000001D0032026C00F2
00220000000F0025026C00FC
0030000000150031026C00FC
00530000001F0034026C00FC
00240000000F0025026C0105
0030000000150032026C0105
00530000001D0034026C0104
00270000000F00230270010C
003200000015002C0270010C
00530000001C00290270010C
00250000000F002302710113
003000000013002C02710113
00530000001A002702710112
00220000000F0025026D011B
0030000000130031026D011B
00510000001D0032026D011B
00290000000C0023026F0128
00340000000F002B026F0128
0051000000130029026F0128
003000000009001E026F012D
0034000000090020026F012D
004F0000000C001A026F012D
002A0000000C0023026D0132
00300000000E002A026D0132
0051000000120022026D0131
00250000000E0024026C013C
003000000012002E026C013C
0051000000170029026C013C
00250000000F0025026D0145
002E000000130031026D0145
0053000000190032026D0145
00250000000E0025026D014B
002E000000120031026D014B
0051000000180030026D014B
00250000000E0025026D0154
002E000000120031026D0154
0053000000180030026E0153
00240000000D0024026D015B
003000000011002E026D015B
005300000019002B026D015B
00220000000E0024026D0163
002E00000013002E026D0163
00530000001A002B026D0163
00220000000F0024026E016B
002E00000015002E026E016B
00530000001D002B026E016B
00240000000E0024026F0175
003000000012002E026F0175
00530000001A002D026F0175
00270000000C00210270017C
00300000000F00280270017C
00530000001400220270017C
00250000000F0025026F0185
0030000000140031026F0185
00530000001A0030026F0185
00290000000D00240270018D
003000000010002D0270018D
005100000016002B0270018D
00270000000F0026026D0194
002E000000130032026D0194
0051000000180032026D0193
00270000000F0025026D019C
0030000000130030026D019C
005100000018002D026D019C
00250000000F0026026C01A3
002E000000130032026C01A3
00510000001A0034026D01A3
00240000000F0025026D01AC
0030000000130031026D01AC
00530000001B0032026D01AC
00240000000F0024026D01B3
0030000000130030026D01B3
00530000001B0030026D01B3
00240000000F0024026F01BB
002E000000130030026F01BB
00530000001A002D026F01BB
00240000000F0025026D01C4
0030000000140031026D01C4
00510000001C0032026D01C4
00250000000F0024026B01CD
003000000013002E026B01CD
005100000019002B026B01CD
00240000000E0024026A01D4
0030000000130030026A01D4
004F000000190030026A01D4
00240000000F0025026D01DC
002E000000130031026D01DC
00530000001B0030026D01DB
00220000000F0025026C01E3
002E000000130031026C01E3
00530000001C0032026C01E3
00240000000F0025026D01EC
002E000000150032026D01EC
00530000001D0034026D01EC
00270000000F0025026D01F6
0030000000120030026D01F6
0051000000180030026D01F6
00290000000F0024026D01FE
003200000012002E026D01FF
004F00000015002B026D01FE
0029000000100025026C0203
002E00000015002F026C0203
004F000000190029026C0203
0025000000100025026E020C
002E000000160031026E020C
00530000001C0030026E020C
002E00000008001A02720214
003400000009001C02720214
00510000000E001C02720214
0025000000100026026C021B
0030000000150032026C021B
004F0000001D0034026C021B
0024000000100026026C0223
0030000000160033026C0223
00510000001F003B026C0223
00240000000F0026026C022B
0030000000150032026C022B
00530000001E0038026C022B
00250000000F0025026F0234
0030000000130031026F0234
00530000001C0036026F0234
00240000000F0025026E023B
0030000000130032026E023B
00510000001D0036026E023B
00240000000F0025026C0245
0030000000130032026C0245
00510000001D0038026C0244
00240000000D0024026B024C
003000000011002F026B024C
00510000001A0032026B024C
00240000000D0024026D0253
002E00000010002E026D0253
005300000018002D026D0253
00220000000D0024026C025B
003000000012002E026C025B
00530000001B002B026C025B
00220000000E0024026C0263
002E00000013002F026C0263
00530000001B002D026C0263
00290000000900200271026E
00320000000B00260271026E
00530000001100200271026E
003400000004000E02730272
003400000004000D02730272
005300000007000E02730272
00270000000D0022026B027C
0030000000100029026B027C
0051000000170020026B027C
002A0000000C001F02760008
00340000000E002302760008
004F00000011001E02760008
00300000000C001B0278000D
00320000000C001C0277000D
004F0000000E00130277000D
002C0000000F002402740014
003000000012002E02730014
004F00000014002702730014
00290000000E00230274001C
003000000010002B0274001C
00510000001400240274001B
00250000000E002402740021
003000000012002D02740021
005300000019002902740021
00240000000D00230276002B
002E00000010002C0276002B
00530000001900270276002B
00220000000D002402770035
003000000011002D02770035
00530000001A002D02770035
002C000000070018027A003D
003400000008001A027A003D
00530000000E001A027A003C
002A0000000A002102790043
00300000000A002602790043
005300000012002202790043
00250000000D00240276004C
003000000011002F0276004C
00510000001B00300276004C
00240000000D002402770054
003000000010002D02770054
00530000001A002D02770054
00240000000E00240274005C
00300000001300300274005C
00530000001D00340274005B
00290000000C002302770067
00320000000F002902770067
005100000016002702770067
002C0000000B00200278006B
00300000000C00240278006B
004F00000010001E0278006B
00270000000F002402730073
003000000013002D02730073
004F00000019002702730073
00250000000E00240274007C
003000000011002D0274007C
00510000001700270274007C
00240000000D002402730083
003000000011002E02730083
005100000018002B02730083
002A0000000C00220277008F
00320000000E00280277008F
00510000001300240277008F
002E00000009001F02780095
003200000009002302780095
00510000000E001E02780094
00290000000D00240276009A
002E0000000F002C0276009A
00510000001400270276009A
00250000000E0024027600A4
003000000012002E027600A4
00530000001A002D027600A4
00270000000F0024027300AE
003000000012002F027300AE
005100000019002D027300AD
00290000000C0022027000B4
00300000000F0029027000B4
004F000000130020027000B4
00250000000C0023027300BB
00300000000F002D027300BB
0053000000150029027300BB
002A000000090021027600C9
00340000000A0027027600C9
00510000000F0022027600C9
002E00000007001D027700CD
003200000007001E027700CD
0051000000090018027700CC
002C0000000A0020027700D0
002E0000000A0025027700D0
00510000000E001E027700D0
00250000000D0023027600DB
002E0000000F002C027600DB
0053000000160027027600DB
00240000000D0024027500E4
003000000010002D027500E4
00510000001A002B027500E4
00220000000D0024027400EB
003000000010002D027400EB
00510000001A002D027400EA
00220000000D0024027500F4
003000000012002E027500F4
00530000001C0030027500F4
00250000000D0023027700FD
003000000011002C027700FD
0053000000190029027700FC
00250000000E002402760104
002E00000012002E02760105
005300000018002B02760104
00300000000B001B0274010F
00360000000C001E0274010F
004D0000000F00180274010F
002C0000000B001E02750112
00320000000C002002750112
00510000000F001802750112
00270000000D002102760118
002E0000000F002602760118
005100000014001E02760118
00290000000C002102720127
00340000000E002702720127
004F00000014002202720127
002E0000000A001A0271012C
00340000000A001C0271012C
004D0000000B00150271012C
00270000000C002002720130
00300000000E002502720130
00510000000F001C02710130
00250000000E00240274013D
003000000010002D0274013D
00510000001600290274013D
00270000000E002402740146
003000000010002D02740146
005100000015002902750146
00290000000C00230277014D
002E0000000F002C0277014D
00510000001300270278014C
00270000000D002402760153
002E00000010002D02760153
005100000015002702760152
00270000000C00220276015C
00300000000E00290276015C
00510000001400220276015C
00250000000D002202770163
002E00000010002902770163
005100000016002202770163
00240000000E00230275016B
002E00000012002B0275016B
00530000001900240275016B
00250000000D002302730176
003000000010002D02730176
005100000016002902730175
00250000000D00220273017C
00300000001200290273017C
00510000001600200273017C
00270000000F002402740186
003000000012002F02740186
004F00000018002D02740186
00290000000F00240273018D
003000000011002D0273018D
004F0000001300240273018D
00290000000F002302750193
002E00000012002B02740193
004F00000014002202740193
00270000001000240274019A
002E00000013002D0274019A
00510000001900240274019A
00240000000F0025027401A4
0030000000140031027401A4
00510000001B0030027401A3
00240000000E0024027501AC
003000000012002E027501AD
00530000001A002D027501AC
00250000000E0024027501B6
003000000012002E027501B6
005100000018002D027501B5
00270000000D0023027601BC
003000000010002C027601BC
0051000000170024027601BC
00250000000D0023027601C2
002E00000011002D027501C2
0053000000170027027501C1
00240000000E0024027501CC
002E00000012002D027501CC
00530000001B002B027501CC
00250000000D0024027601D4
002E00000012002D027501D4
005300000019002B027601D3
00250000000D0023027701DD
003000000010002B027701DD
0053000000180029027701DD
00270000000D0023027801E4
002E0000000F002C027801E4
0053000000160029027801E4
00250000000E0024027501EC
002E00000011002D027501EC
005100000018002B027501EC
00270000000F0023027401F6
003000000012002C027401F6
004F000000170027027401F6
00270000000F0024027201FD
003000000013002C027201FD
004F000000170024027201FC
00270000000E002402720204
003000000012002D02720204
004F00000017002902720204
002C00000009001E02740211
00360000000A002002740211
004F00000010001E02740210
002A0000000B001F02730215
00340000000C002302730215
004F0000000F001A02730214
002A0000000A001E02750216
00300000000C001F02750216
005100000011001A02740216
00270000000D002402750223
003000000011002E02750223
005100000018002D02750223
00250000000E00240274022C
003000000012002F0274022C
00510000001B00300275022C
00240000000E002402740235
003000000013002D02740235
00510000001B002B02740235
00240000000D00230275023A
003000000012002D0275023A
00510000001A002B0275023A
00240000000D002402750244
003000000011002F02750244
00530000001B003402750243
00240000000D00240275024C
00320000001100300275024C
00530000001B00340275024C
00250000000C002302750256
00320000000F002A02750256
005100000016002702750256
00270000000C00210275025B
00300000000E00290275025B
00510000001400200275025B
00240000000C002302760262
002E0000000F002C02760262
005300000016002902760262
003400000005000E02740271
003E00000006000E02740271
004F00000009000F02740271
003200000006001102730272
003600000007001002730272
005100000009000E02740272
002A00000009001E02750275
002E0000000A002002750275
00530000000F001802750275
00300000000B001A027B0009
003A0000000D001B027B0009
004F0000000F0018027B0009
00300000000A0019027A000C
00340000000B001A027A000C
004F0000000D0013027A000B
002E00000009001F027A0010
0032000000090022027A0010
00510000000C001C027A0010
00290000000C0023027A001C
00320000000F00290279001C
004F000000150024027A001C
00250000000D0023027D0024
003000000010002B027D0024
0053000000180027027E0024
00270000000D0023027E002B
003000000010002B027E002B
0053000000180024027F002B
00250000000C0023027C0038
003400000010002B027C0038
005100000018002B027D0038
002C0000000C001C027C003E
00360000000F001E027C003E
004F000000120018027C003E
002E0000000A001B027C0041
00340000000C001C027C0041
004F0000000F0016027C0040
00250000000D0024027C004A
003000000010002E027C004A
005100000019002D027C004A
00270000000D0023027D0053
003200000010002A027D0053
0051000000190029027E0053
00250000000C0024027E0059
003000000010002D027E0059
0051000000190030027E0059
00290000000B0020027A0068
00360000000F0025027A0068
004F000000150022027B0067
002C0000000C001D027A006B
0032000000100020027A006B
004F000000140018027A006A
00270000000B0022027C0071
00300000000D0029027C0071
0051000000140024027C0071
00250000000C0021027C007B
0032000000100029027C007B
0051000000180024027C007A
00240000000C0023027E0084
003000000010002D027E0084
005100000019002D027E0084
002A0000000D0021027B008F
00340000000F0027027B008F
004F000000140020027B008F
002E0000000D001E027B0094
0032000000100021027B0094
004F000000130018027B0093
00290000000D0023027B009A
003000000010002A027B009A
0051000000140022027B009A
00270000000D0023027C00A4
003000000011002C027C00A4
0051000000180027027C00A4
00250000000D0024027D00AB
003000000010002D027C00AB
005100000017002B027D00AB
00270000000D0023027D00B4
003000000010002C027D00B4
0051000000180029027D00B4
00270000000C0023027F00BD
00300000000F002A027F00BD
0053000000170027027F00BC
002A0000000B0021027B00C6
00340000000D0028027B00C6
004F000000120022027B00C6
0030000000080017027900CC
0036000000090019027900CC
004F0000000B0013027900CB
002A0000000B001F027A00D2
00320000000E0023027A00D2
004F00000012001C027A00D1
00270000000D0023027E00DC
0030000000100029027E00DC
0051000000160022027E00DC
00270000000C0023027E00E2
003000000010002A027E00E2
0051000000170024027E00E2
00270000000D0023027F00EA
003000000010002A027F00EA
0051000000180027027F00EA
00240000000E0024027F00F4
003000000013002E027F00F4
00530000001B002D027F00F4
00250000000E0023027D00FC
003200000013002C027D00FC
00510000001A0029027D00FC
00270000000D0023027C0104
003000000012002B027C0104
0051000000190027027D0103
002A0000000B00200278010C
00340000000E00260278010C
004D0000001300200278010C
002C00000009001802770113
00340000000B001B02770113
004D00000010001502770112
00250000000D0022027C011B
0030000000100029027C011B
0053000000170022027C011B
00250000000B0022027D0122
00300000000E0029027D0122
0051000000160024027E0122
00270000000C0023027D012C
00300000000F002A027D012C
0051000000170024027D012C
00270000000B0021027E0134
00300000000E0029027E0134
0053000000150022027E0134
00270000000C0022027D013B
00300000000F0029027D013B
0051000000150024027D013B
00270000000C0023027C0146
00320000000F002B027C0146
0051000000140029027C0146
002C0000000C0021027C014E
00320000000F0026027C014E
004F00000012001E027C014D
002C0000000A001E027C0152
00320000000C0022027C0152
00510000000F001C027C0151
00270000000C0020027B015B
00300000000F0026027A015B
005100000014001E027B015B
00270000000D0020027B0162
0030000000100025027B0162
005100000015001C027B0162
00250000000D0023027D016B
003000000012002A027D016B
0053000000190024027E016B
00250000000C0023027E0174
003000000010002B027E0174
0053000000180029027F0174
00250000000D0023027D017E
0032000000120029027D017E
0051000000190024027D017E
00270000000D0023027C0184
003000000011002A027C0184
0051000000160024027C0183
00290000000F0023027A018C
003200000013002B027A018C
004F000000180024027A018C
00290000000C0020027B0194
00320000000F0025027B0194
004F00000014001E027B0194
00290000000B001D027B0198
00320000000E001F027B0198
0051000000120018027B0198
00240000000D0023027E01A5
003000000010002C027E01A5
005300000019002B027F01A4
00250000000D0023027E01AC
003000000011002D027E01AC
0053000000180029027F01AC
00270000000E0023027C01B4
003000000012002C027C01B4
0051000000190027027C01B3
00270000000D0022027B01BB
0030000000120029027B01BC
004F000000170022027B01BB
00250000000E0023027C01C3
003000000012002D027C01C3
0051000000190029027C01C3
00250000000D0023027D01CC
003000000012002C027D01CC
0051000000190027027D01CC
00250000000D0023027D01D4
003000000010002C027D01D4
0051000000180029027E01D3
00270000000D0023027C01DD
003200000012002B027C01DD
0051000000180027027C01DC
00290000000C0020027C01E2
0030000000100025027C01E2
005100000014001E027C01E2
00250000000D0023027C01EB
003000000012002D027C01EB
0051000000180029027C01EB
00270000000C0021027B01F4
0030000000100029027B01F4
004F000000160024027B01F4
00270000000C0021027B01FB
00300000000F0027027B01FB
0051000000130020027B01FA
00250000000C0023027C0204
003000000010002C027C0204
005100000018002B027D0204
00270000000B0022027A020C
00320000000E0029027A020C
004F000000160024027A020C
002900000009001E02760213
00360000000B002102760213
004D00000012001C02760213
00250000000D0023027C021C
003000000012002D027C021C
00510000001B002B027D021C
00250000000D0024027D0223
003000000012002D027D0223
00510000001B002B027D0223
00240000000D0024027E022B
003000000012002D027E022B
00530000001A002D027E022B
00240000000D0024027D0234
003200000012002D027D0234
00510000001B002D027D0234
00240000000D0023027D023C
003000000012002C027D023C
00510000001B0029027D023B
00250000000D0023027E0243
003200000011002B027E0243
00510000001B002B027E0243
00250000000D0023027E024B
003000000012002D027E024B
00510000001C002D027E024B
00270000000D0022027E0254
003000000010002A027E0254
0051000000180024027E0254
00250000000D0021027B025C
0030000000110027027B025C
0051000000180020027C025B
00250000000D0023027E0263
002E00000011002A027E0263
0053000000180022027E0263
00290000000A00200278026D
00340000000C00260278026D
004F00000012001E0278026D
003000000006001302760272
003600000008001302760272
004D0000000A000E02770272
00270000000D0021027D027C
0030000000110028027D027C
0053000000170020027D027B
004D0000000F001E0007000C
004D0000002800440008000A
005100000070009500070008
004D00000011003200060015
004D0000001C004A00070014
004F0000005D009500070015
004D00000012004200060027
004D0000001C005F00070025
00510000005900A400070025
004D00000014004900060035
004D0000001F006F00070034
004F0000005D00B300070035
004D00000015004900060045
004D0000001F006F00070043
004F0000005900B300070044
004D00000014004D00060054
004D0000001F006F00060052
004F0000005D00B300060053
004D00000011003A00030065
004B0000001F006700040064
004F0000005D00B300050064
004D0000000D003A0002007D
004B0000001800670003007A
004F0000005900B300040079
004B00000008001D0002008F
004B00000016004A0003008D
004D0000005900950003008A
004B00000009001D00010090
004B0000001B004400030091
004D00000059008E00040092
004B0000000C0036000600A9
004D000000140058000700A6
004D0000005900B3000600A5
004D0000000E0036000900B3
004B000000180058000A00B3
004F000000590095000900B4
004B0000000D0032000200C4
004B0000001C005F000400C2
004F0000005900A4000400C3
004D0000000E002B000000D7
004B0000001C0051000100D6
004F0000005D00A4000100D6
004D0000000E002E000200E6
004B0000001C005F000300E6
004F0000005D00B3000300E6
004D00000011003A000200F7
004B0000001C0067000300F6
004F0000005D00B3000300F6
004D0000000D003200010107
004B0000001C005F00030106
004F0000005D00B300040106
004D0000000E003200010116
004B0000001C005F00020116
004F0000005D00B300020116
004D00000011003E00030125
004B0000001C006700050125
004F0000005D00B300050125
004D00000012003E00050137
004D0000001C006700060136
004F0000005D00B300060136
004D0000000D003200030148
004B0000001B005F00050147
004F0000005D00A400050146
004D0000000D002B00010155
004B0000001C005100020154
004F0000005D00A400020155
004D0000000F003600030165
004B0000001C005F00050164
004F0000005D00B300050165
004D00000012003A00060176
004B0000001C005F00070176
004F0000005D00A400070176
004D00000011003A00040186
004B0000001C005F00060185
004F0000005D00A400060185
004D0000000F003600030197
004B0000001C005F00040196
004F0000005D00B300040196
004D00000011003A000501A5
004B0000001F0067000601A5
004F0000005D00B3000601A5
004D000000120042000501B5
004B0000001C006F000601B5
004F0000005D00B3000601B5
004D000000120042000301C5
004B0000001C0067000501C5
004F0000005D00B3000501C5
004D0000000E0032000201D7
004B0000001F005F000301D7
004F0000005D00B3000401D7
004D0000000E002E000201E6
004B0000001C005F000301E6
004F0000005D00B3000301E6
004D0000000F003A000301F5
004B0000001C0067000401F5
004F0000005D00B3000501F6
004D00000012004200030207
004B0000001F006F00040207
004F0000005D00B300040206
004D00000012004200050216
004B0000001F007700060216
004F0000005D00B300060216
004D00000012004200050227
004B0000001F006700060225
004F0000005D00B300060225
004D0000000E003200060236
004B0000001F006700080236
004F0000005D00B300070236
004D00000011003600040246
004B0000001F005F00050245
004F0000005D00A400040245
004D0000000D002700010256
004B0000001F005800020256
004F0000005D00A400020256
004D0000000F002B00020266
004B0000001C005100030265
004D0000005D00A400030266
004B00000015002E00050276
004B0000002C005F00060276
004F0000007000B300060276
004B00000019001D001C000D
004F00000030002D001D000B
004F000000700080001B0008
004D0000001D002B00180014
004D0000001F0035001A0014
005100000067007300190015
004D00000025003A00180028
004D000000250044001A0027
0051000000670080001A0026
004D00000025004200180037
004D00000028005100190036
005100000067008E001A0036
004D00000027004900190046
004F000000280058001A0044
005100000067008E001B0044
004D00000025004900190054
004F000000280058001B0052
005100000067008E001B0053
004D00000025004900190064
004D000000280058001B0063
0051000000670095001A0063
004D00000029004D00190078
004D0000002C005F001B0076
0051000000700095001B0075
004F00000024003A000F0089
004B00000023003E00110088
005100000067008000140087
004D0000001F0032000F0096
004B0000001F003500110094
004F00000067008000130094
004D0000001D003A001200AA
004D0000001F0044001400A8
00510000005D008E001500A8
004F000000170036001100B4
004B0000001C003E001400B4
0051000000590080001500B5
004D0000001F003A001700C6
004D000000250051001800C4
004F000000670095001800C4
004D00000024003A001800D8
004D000000280051001A00D7
0051000000700095001900D6
004D0000001F0036001900E6
004D000000280051001B00E6
004F000000700095001B00E6
004D00000024003E001800F7
004D000000280051001A00F6
0051000000700095001A00F6
004D0000001F003A00190107
004D000000280058001B0106
0051000000700095001B0106
004D00000021004200190117
004D000000250051001B0116
0051000000670095001B0116
004D00000024004700190127
004D000000250058001B0126
0051000000670095001B0126
004D00000024004200180138
004D000000250051001A0137
005100000067008E001B0136
004D00000021003E00180147
004D00000025004A001A0146
005100000067008E00190146
004D0000001B003200190159
004D0000001F003E001B0158
005100000067008E001A0157
004D000000190032001C0166
004D000000230044001E0166
0051000000670080001C0166
004D000000170032001B0178
004D00000023004A001D0177
005100000067008E001D0176
004D0000001F003E001A0182
004D000000230051001B0182
005100000067008E001B0183
004D00000024004700180196
004D000000250058001A0195
0051000000700095001B0195
004D000000250049001701A6
004D000000250058001901A6
0051000000670095001901A6
004D000000250049001801B6
004D000000250058001A01B6
0051000000700095001A01B6
004D000000210042001A01C7
004D000000250058001B01C6
0051000000700095001B01C6
004D0000001F003E001A01D5
004D000000280058001C01D5
0051000000700095001C01D5
004D00000021003E001901E6
004D000000250051001A01E6
0051000000670095001B01E6
004D000000210042001901F6
004D000000280058001B01F6
0051000000700095001B01F6
004D00000025004900180207
004D0000002C005F001A0207
0051000000700095001A0207
004D00000027004900190218
004D000000280067001A0217
0051000000700095001B0217
004D00000027004900180227
004D00000028005800190226
005100000067009500190225
004D0000001F003E00170237
004D00000025005100190236
004F00000067009500190236
004D00000024003A00180247
004D00000028005100190245
004F00000067008E00190245
004D00000021003600180258
004D00000028004A001A0256
004F000000700095001A0256
004D0000001F003200190268
004D000000250044001B0267
004F00000067008E001A0266
004D00000021002E001A0277
004D000000380051001B0277
004F0000007A0095001B0276
004B0000001B001D002C000B
004F000000380030002D000A
0051000000700073002C0008
004D0000001B0024002B0015
004D000000250035002C0015
004F000000670073002A0015
004D000000250036002A0026
004D0000002C0044002B0027
004F000000700080002B0026
004D0000002E0047002A0037
004D000000300051002B0037
005100000070008E002B0036
004D0000002E0049002A0047
004D000000300058002B0046
005100000070008E002B0045
004D0000002C004D00290055
004D0000002C0058002A0055
005100000067008E002A0055
004D0000002E004D002A0065
004D000000300058002B0064
0051000000700095002B0064
004D00000029004900290075
004D0000002C005F002B0075
00510000007000A4002B0074
004D00000027003E002A0088
004D0000002C0058002C0088
00510000007A0095002B0087
004D000000240036002A0098
004D00000028004A002C0098
005100000070008E002C0097
004D0000001B002E002B00AA
004D000000280051002C00AA
0051000000700095002B00A8
004D0000001B002E002C00B5
004D000000250051002D00B6
004F000000670095002B00B6
004D00000021003A002C00C6
004D000000280058002D00C5
004F000000700095002C00C4
004D00000024003A002A00D7
004D000000280051002B00D6
0051000000700095002B00D6
004D000000210036002900E7
004D000000280051002A00E7
0051000000670095002A00E7
004D00000024003A002900F8
004D000000280051002B00F8
0051000000670095002A00F7
004D00000025003E002A0108
004D000000280051002B0108
0051000000700095002B0107
004D00000025004700290118
004D000000250058002B0118
0051000000670095002A0117
004D00000025004700290127
004D000000250058002A0127
0051000000700095002B0126
004D00000021004200290137
004D000000250051002A0137
005100000067008E002B0136
004D00000024003E00290148
004D00000025004A002B0147
005100000070008E002B0146
004D0000001F003A00270159
004D0000001F004400290158
005100000067008E00280158
004D00000015002E00260168
004D0000001F003E00280168
005100000067008000290168
004D00000019003200250174
004D0000001F003E00270175
00510000005D008000270175
004D00000021003E00280185
004D00000025005100290185
005100000067008E00290185
004D00000029004900290196
004D0000002C005F002B0196
0051000000700095002B0195
004D00000029004D002A01A6
004D00000028005F002B01A6
0051000000700095002B01A6
004D000000250047002A01B7
004D000000280058002B01B7
0051000000700095002B01B6
004D000000210042002901C8
004D000000250058002B01C8
0051000000670095002B01C7
004D0000001F003A002901D6
004D000000230051002A01D6
004F000000670095002B01D6
004D00000021003A002901E7
004D000000250051002B01E7
004F000000700095002B01E6
004D00000021003A002901F7
004D000000280058002B01F7
004F000000700095002B01F6
004D00000024003A002A0207
004B0000002C005F002B0208
004F0000007000A4002C0207
004D000000270042002A0218
004D0000002C0058002C0218
004F0000007A0095002C0216
004D000000270042002A0228
004D0000002C005F002B0228
004F000000700095002B0227
004D000000290042002A0238
004D0000002C0051002C0237
004F000000700095002C0236
004D000000290047002A0247
004D0000002C0058002B0246
004F000000700095002B0246
004D00000025003600290257
004D00000028004A002A0257
004F000000700095002A0256
004D0000001F003200280268
004B000000230044002A0268
004F00000067008E00290267
004D00000024002E00290277
004B00000030004A002A0277
004F0000007A008E00290277
004B0000001D001E003B000A
004F000000380030003C0009
004F0000007A0080003A0007
004D0000001D002700380015
004D00000025003B00390015
004F00000067007300380015
004D00000029003A003B0027
004D00000030004A003C0027
00510000007A0080003C0026
004D000000310042003C0037
004D000000340051003D0037
00510000007A008E003C0036
004D0000003F0052003C0046
004D00000041005F003D0046
00510000007A008E003C0045
004B0000003F0057003B0056
004D000000410067003D0054
00510000007A0095003C0054
004B000000360057003B0065
004F000000380067003C0063
00510000007A0095003B0063
004D0000002E004D003A0075
004D000000300067003C0075
00510000007A00A4003B0074
004D000000250042003B0087
004D000000280051003C0087
0051000000700095003B0086
004D00000024003A003A0097
004D00000028004A003C0097
005100000070008E003B0096
004D0000001F0036003600A8
004D00000025004A003800A8
005100000067008E003800A7
004D0000001D0036003500B6
004D00000023004A003800B6
005100000067008E003800B6
004D0000001F0036003800C7
004D00000025004A003A00C6
0051000000700095003900C6
004D0000001F0036003A00D6
004D00000028004A003B00D6
005100000070008E003B00D5
004D0000001F0032003B00E7
004D00000025004A003C00E7
0051000000700095003B00E6
004D000000210036003B00F7
004D00000028004A003C00F7
0051000000700095003B00F6
004D00000025003E003A0106
004D000000280051003B0106
0051000000700095003A0105
004D00000029004700390118
004D0000002C0058003B0117
00510000007000A4003A0116
004D0000002C004700390128
004D0000002C0058003A0127
0051000000700095003A0126
004D00000029004700390137
004D0000002C0058003A0136
00510000007A0095003A0135
004D0000002C004700390147
004D0000002C0051003B0146
00510000007A0095003A0145
004D0000002C0047003A0157
004D0000002C0051003B0157
005100000070008E003A0156
004D00000027003A003A0167
004D0000002C004A003B0167
005100000070008E003B0166
004D000000270042003A0177
004D000000280051003C0176
0051000000700095003A0175
004D000000290047003A0187
004D000000300058003C0186
0051000000700095003C0185
004D000000290047003A0196
004D0000002C0058003C0196
0051000000700095003B0195
004D000000250049003A01A6
004D00000028005F003C01A6
0051000000700095003B01A5
004D000000290049003A01B7
004D0000002C005F003C01B7
0051000000700095003C01B6
004D0000002C0049003A01C7
004D0000002C0058003C01C6
0051000000700095003B01C5
004D000000290042003A01D6
004D0000002C0058003B01D6
00510000007A0095003B01D5
004D00000025003A003B01E7
004D0000002C0058003C01E7
004F000000700095003C01E6
004D000000240036003C01F8
004D0000002C004A003D01F8
0051000000700095003D01F7
004D000000240036003B0207
004B0000002C0051003D0208
004F0000007A0095003C0206
004D00000025003A003B0217
004D0000002C0058003D0217
004F0000007A0095003D0216
004D00000027003E003A0227
004D0000002C0058003C0228
004F000000700095003C0226
004D000000270042003B0237
004D000000300058003D0237
00510000007A008E003D0236
004D000000290042003A0247
004D0000002C0051003B0246
0051000000700095003B0245
004D00000025003A003A0257
004D00000028004A003C0257
005100000070008E003B0256
004D000000210032003B0268
004D000000250044003C0268
004F00000070008E003B0266
004D00000025002E003C0278
004D000000340044003D0278
004F0000007A008E003C0278
004B00000024001E004B000A
004F00000041002D004C0008
004F0000007A0080004A0006
004D00000025002E004A0016
004D0000002C003E004B0016
004F000000700073004A0016
004D00000031003E004A0028
004D000000340051004B0028
00510000007A0080004B0027
004D000000360047004B0037
004D0000003D0058004C0037
00510000007A008E004B0036
004D000000410052004B0045
004D00000046005F004C0045
00510000007A008E004B0045
004B000000440066004C0055
004F00000046006F004C0053
00510000007A0095004B0053
004B0000003C0061004B0065
004F00000038006F004B0063
00510000007A00A4004A0063
004D0000002C004D004A0076
004F000000300067004B0074
00510000007A00A4004A0074
004D00000025003E004A0087
004D000000280051004B0086
0051000000700095004A0086
004D00000025003E004B0097
004D000000280051004C0096
004F000000670095004B0095
004D00000027003E004A00A8
004D000000280051004C00A7
0051000000700095004B00A6
004D00000025003E004B00B6
004D0000002C0058004C00B5
0051000000700095004B00B5
004D000000270042004A00C7
004D000000280051004C00C6
004F000000700095004B00C5
004D00000025003E004900D6
004D0000002C0051004A00D5
0051000000700095004A00D5
004D00000021003A004800E8
004D000000280051004900E7
0051000000670095004900E6
004D000000250042004900F7
004D00000028004A004A00F7
0051000000700095004900F6
004D00000025004200490108
004D00000025004A004A0107
005100000070009500480106
004D00000021003A004B0117
004D000000280051004C0116
0051000000700095004B0116
004D000000270042004A0126
004D000000280051004C0125
0051000000700095004B0125
004D0000002C0049004A0137
004D0000002C0058004B0136
0051000000700095004A0135
004D0000002C0049004A0147
004D0000002C0058004B0146
00510000007A0095004A0145
004D00000024003E004A0159
004F0000002C0051004C0158
0051000000700095004B0157
004D00000024003E004A0165
004F00000028004A004B0165
005100000067008E004A0165
004D000000290047004A0176
004D0000002C0058004B0175
0051000000700095004A0175
004D0000002E0049004A0186
004D000000300058004B0186
0051000000700095004A0185
004D0000002C004D004A0197
004D0000002C005F004B0196
0051000000700095004A0195
004D000000290049004A01A6
004F000000300058004C01A6
00510000007A0095004B01A5
004D000000310052004C01B7
004D00000034005F004D01B7
00510000007A0095004D01B6
004D0000002E0052004B01C7
004F00000030005F004C01C6
0051000000700095004B01C5
004D000000250042004B01D5
004D0000002C005F004C01D4
004F0000007000A4004C01D4
004D0000001F003A004B01E9
004D000000280058004C01E8
004F0000007000A4004C01E7
004D000000110024004D01FD
004D0000001F004A004E01FB
004F000000700095004D01F9
004D000000120024004D0202
004D0000001F0044004E0203
004F00000067008E004E0204
004D000000210036004B0215
004D0000002C0058004C0215
004F0000007A0095004D0214
004D000000270042004B0229
004D00000030005F004D0229
004F000000700095004D0228
004D0000002E0049004C0238
004D000000300058004D0238
005100000070008E004D0237
004D0000002E0049004B0246
004D000000300058004D0245
005100000070008E004C0244
004D00000025003E004B0257
004D00000028004A004C0256
005100000070008E004C0255
004D0000001F0032004B026A
004D00000023003E004D0269
0051000000670080004B0267
004D0000001F002B004B0278
004D00000030004A004C0278
004F0000007A0080004B0278
004B00000025001E005C000A
004F00000041002D005E0009
004F0000007A0073005B0007
004D00000025002B005C0015
004D0000002C003B005D0016
004F000000700073005B0016
004D0000002E003A005A0028
004D00000038004A005B0028
004F0000007A0080005B0027
004D000000310042005B0038
004D0000003D0058005C0038
005100000085008E005C0037
004D0000003C0057005D0046
004D000000410067005D0047
004F0000007A008E005D0046
004B000000410066005D0055
004F00000041006F005D0053
00510000007A0095005C0053
004B0000003C005C005B0063
004F0000003D0067005C0061
00510000007A0095005B0061
004D000000340057005A0075
004F000000340067005B0073
00510000007A00A4005A0073
004D00000029004700590087
004D0000002C0058005A0086
0051000000700095005A0085
004D0000002C0049005A0096
004D0000002C0058005B0095
00510000007A0095005A0094
004D000000240042005900A7
004D0000002C0058005A00A6
0051000000700095005900A5
004D00000024003E005A00B5
004D000000280051005B00B5
004F000000700095005900B4
004D000000290047005A00C7
004D000000300058005B00C6
0051000000700095005A00C5
004D000000290049005A00D7
004D000000300058005C00D6
0051000000700095005A00D5
004D00000024003E005B00E5
004D0000002C0058005C00E5
0051000000700095005C00E4
004D000000270042005A00F6
004D0000002C0058005B00F6
00510000007A0095005A00F5
004D00000025004200590108
004D000000280051005A0107
005100000070009500590106
004D0000001F003600580118
004D00000028004A00590118
005100000070009500580117
004D00000024003A00590126
004D00000028004A005A0126
005100000070009500590125
004D000000270042005A0137
004D0000002C0051005B0136
0051000000700095005A0135
004D00000029004700590147
004D000000280051005A0146
005100000070009500590145
004D00000027004200570157
004D0000002C005100580156
005100000070009500580156
004D00000027004700580167
004D0000002C005100590167
005100000070008E00580166
004D000000290047005A0177
004F0000002C0051005B0176
005100000070009500590175
004D000000290047005A0186
004D0000002C0058005B0186
0051000000700095005A0185
004D0000002C0049005C0196
004F000000300058005D0195
00510000007A0095005B0195
004D00000029004D005B01A6
004D00000030005F005C01A6
00510000007A0095005B01A5
004D000000360057005B01B7
004D000000380067005B01B7
00510000007A0095005B01B6
004D00000036005C005A01C6
004D00000034006F005B01C6
00510000007A00A4005A01C5
004D0000002C0049005A01D5
004D000000300067005B01D4
004F0000007A00A4005B01D4
004D00000024003A005901E8
004D0000002C0051005A01E8
004F0000007A0095005A01E6
004D00000019002B005401FA
004B00000023004A005601F9
004F00000067008E005801F8
004D0000001B002B00540205
004B00000023004400570206
004F00000067008E00570206
004D00000024003E00590216
004D0000002C0058005B0216
004F000000700095005B0215
004D0000002E0049005A022A
004D000000340067005B022A
00510000007A00A4005C0228
004D000000340052005B0238
004D00000034005F005C0237
00510000007A0095005B0236
004D00000031004D005A0245
004D000000300058005B0244
00510000007A008E005A0243
004D000000290042005A0256
004D0000002C0051005B0256
00510000007A008E005A0255
004D00000025003600590268
004D00000025003E005A0268
004F00000067008000590267
004B00000019002700600275
004D00000025003E005E0275
004D000000670080005B0275
004B00000025001A00730011
004F00000038001F0073000E
004F0000007A005C0070000A
004D00000024002100710011
004D0000002C002D00710012
004F00000070005C006F0013
004B0000002E003E006C0025
004D000000380051006D0024
004F0000007A0080006D0024
004D0000003C004D00690038
004D00000041005F006A0037
00510000007A0080006B0037
004B0000004C0066006B0048
004D00000050006F006C0048
005100000085008E006B0047
004B0000004C0071006B0055
004F0000004B0077006C0052
0051000000850095006B0052
004B0000003F0066006B0061
004F0000003D006F006C005F
00510000007A0095006B005F
004B000000310057006A0074
004F000000340067006C0072
00510000007A00A4006B0072
004D0000002E005200690086
004D00000034005F006A0086
00510000007A00A400690085
004D00000031004D00690096
004D00000034005F006A0095
00510000007A009500690095
004D000000290049006900A6
004D0000002C0058006A00A5
0051000000700095006900A4
004D000000290047006B00B7
004D000000280051006C00B7
0051000000700095006A00B6
004D0000002C0049006A00C6
004D000000300058006B00C6
00510000007A0095006900C5
004D0000002C0049006900D7
004D0000002C0058006B00D6
0051000000700095006A00D5
004D00000021003E006D00E7
004D00000025004A006D00E7
004F000000670095006B00E6
004D00000024003E006F00F6
004D00000028004A006F00F6
005100000070008E006E00F5
004D00000025003E006C0107
004D000000280051006D0106
0051000000700095006C0105
004D00000025003E006A0117
004D00000028004A006C0116
0051000000700095006B0115
004D00000025003E006A0127
004D000000280051006B0127
0051000000700095006A0126
004D00000027003E00690138
004D000000280051006B0137
0051000000700095006A0136
004D000000270042006B0147
004D000000280051006C0147
005100000070008E006B0146
004D0000002C0047006C0156
004D0000002C0051006D0156
00510000007A008E006B0155
004D0000002C0049006A0167
004F0000002C0051006B0166
00510000007A0095006A0165
004D0000002C004700690177
004D0000002C0051006A0176
00510000007A008E006A0176
004D000000270047006A0186
004D0000002C0058006B0186
0051000000700095006A0186
004D0000002C0049006A0197
004F000000300058006B0196
00510000007A0095006A0195
004D0000002C004D006901A6
004F000000300058006A01A6
00530000007A0095006901A5
004D000000310052006901B5
004D00000034005F006A01B5
00510000007A0095006901B5
004D0000003F0061006901C5
004D0000003D006F006901C5
00510000008500A4006901C5
004D000000340052006A01D7
004D000000340067006A01D6
004F0000007A00A4006901D5
004D000000240036006A01E8
004D00000034005F006C01E8
00510000007A00A4006B01E7
004D00000027003E006B01F5
004D00000034005F006C01F6
004F0000007A00A4006B01F5
004D0000002E0047006B0208
004D000000340067006D0207
004F0000007A00A4006C0206
004B0000002E0047006B0216
004D000000340067006C0216
004F0000007A00A4006C0215
004D00000031004900690229
004D000000340067006A0229
00510000007A00A4006A0228
004D00000031004D00680237
004D00000030005800690237
00510000007A008E00690236
004D00000029004700690245
004D0000002C005100690245
005100000070008E00690244
004D000000240036006B0257
004D000000250044006C0256
005100000070008E006A0255
004D000000150027006B0273
004B0000001C003E006C0270
004F00000067008E006B026C
004B00000012002400690275
004B00000025004A006B0276
004F00000070008E006B0276
004D00000015001600790010
004D000000280026007A000F
004F0000006700610079000B
004D0000001D00210077000E
004B0000002300280078000F
004F0000005D005C00780011
004B00000039004900780026
004D0000003D005800790025
004F0000007A0080007A0025
004B000000510061007A0038
004D00000058006F007B0038
004F0000008F008E007A0038
004B0000005D0071007A0048
004D0000005E007F007A0046
004F0000008F008E00790045
004B00000056007700780053
004D00000056007F00780051
005100000085009500780052
004B00000048007100790061
004F0000004B007F0078005F
00510000007A009500780060
004B00000036005C00790075
004F00000038006F007A0073
00510000007A00B300790073
004D0000002E0052007A0085
004D000000340067007B0085
00510000007000A4007A0084
004D00000034005200790096
004F000000340067007B0095
00510000007A00A4007A0095
004D000000290049007A00A8
004F0000002C005F007B00A7
00510000007A00A4007A00A6
004D0000001F003E007B00B8
004D0000002C005F007C00B8
00510000007A0095007B00B7
004D00000021003E007B00C5
004D000000280051007B00C5
0051000000700095007900C5
004D000000240042007B00D6
004D000000250051007B00D6
0051000000700095007900D5
004D0000001D0036007A00EC
004D000000230044007B00EA
005100000070008E007900E8
004D00000015002B007C00F8
004D0000001F003E007D00F7
005100000067008E007B00F7
004D0000001D0036007B0101
004D00000025004A007C0101
005100000067008E007B0102
004D00000027004700790117
004D000000280058007B0116
0051000000700095007A0115
004D000000290047007B0128
004D000000280051007C0127
005100000070008E007A0126
004D0000001F003A007D0137
004D000000250051007E0136
005100000070008E007D0136
004D000000210042007C0146
004D000000250051007D0145
005100000067008E007C0144
004D0000001F003E007A0156
004D000000250051007C0154
0051000000700095007B0154
004D000000250042007A0164
004F00000028004A007C0163
005100000070008E007A0163
004D0000002C0049007A0176
004D000000300058007C0176
00510000007A0095007B0176
004D0000002E0049007A0187
004F000000300058007B0186
00510000007A0095007A0185
004D0000002C004D00790195
004D00000030005F007A0195
00510000007A009500790194
004D0000002E0052007901A5
004D000000300067007A01A5
00510000007A0095007901A4
004D0000002E0052007901B6
004D000000300067007A01B6
00510000007A0095007901B5
004D000000310052007901C6
004D00000038006F007A01C6
00510000008500A4007A01C5
004D000000340052007A01D7
004D000000340067007A01D7
00510000007A00A4007901D5
004D0000002C0049007801E6
004D000000340067007A01E7
00510000007A00A4007A01E6
004D000000310049007901F7
004D000000380067007B01F7
004F0000007A00A4007A01F6
004D00000039005C007A0207
004D0000003D0077007B0207
004F0000007A00B3007B0206
004D000000360057007B0217
004D000000380077007C0216
00510000007A00A4007B0215
004D000000340052007B0227
004D00000038006F007B0227
00510000007A00A4007B0226
004D00000031005200790236
004D00000034005F007A0236
00510000007A0095007A0235
004D0000002C004900790247
004D000000280051007A0246
005100000070008E007A0245
004D0000001F003200780259
004D00000023004400790258
005100000070008E00780257
004D00000017002E00740268
004B0000001F004400750268
00510000005D008E00770268
004D000000120024006D0275
004B0000001C003E006F0276
004F00000067008E00710276
004D0000001D00160084000D
004D0000003400220085000D
004F00000070006100830009
004D0000002E00270087000E
004B00000030002D00870011
004F0000007A006100860012
004B00000044004D00890028
004D0000004B005F00890028
004F0000008F008E00890027
004D00000057006100890038
004D00000058006F00890038
004F0000009B008E00890038
004B00000057006600890045
004D0000005E007700890044
00510000008F008E00880044
004B00000056006C00890052
004D0000005E007F00890051
00510000009B009500880051
004B000000480066008A0063
004D00000050007F008A0062
00510000008F009500890062
004B0000003C0061008A0074
004F00000046007F008B0074
00510000008500B3008A0073
004D00000036005C008A0087
004D00000034006F008A0085
004F0000007000A400880084
004D00000036005700890095
004F000000380067008A0095
00510000007A00A400880094
004D0000002E004D008900A7
004D00000030005F008900A6
00510000007000A4008900A5
004D000000270047008500B8
004D0000002C0058008700B7
0051000000700095008700B7
004D000000250042008700C8
004D000000250051008800C7
0051000000670095008700C6
004D00000024003E008900D7
004D000000280051008A00D6
0051000000700095008800D5
004D0000001F003A008600E8
004D0000001F003E008700E8
005100000067008E008600E7
004F000000190032008300F7
004D0000001F003E008500F7
0051000000670080008500F6
004D00000024003A00870104
004D00000025004400880104
005100000067008E00870104
004D000000290049008A0118
004D0000002C0051008A0116
00510000007A009500890115
004D00000024003E00890129
004D000000250044008A0128
005100000070008E00880126
004D0000001F003A00870138
004D00000025004A00880137
005100000070008E00870136
004D00000021004200870143
004D00000023004400880143
005100000067008000880143
004D00000021003E00880156
004D00000025004A00890154
005100000067008E00880154
004D0000001F003A008A0166
004D00000025004A008A0165
005100000070009500890165
004D00000029004900890177
004D0000002C0058008A0176
005100000070009500890175
004D0000002E004D00880187
004D0000002C005800890186
005100000070009500880185
004D0000002E004D00880196
004D00000034006700890196
00510000007A009500890195
004D00000036005C008901A6
004F000000380067008A01A6
00510000007A0095008901A5
004D00000036005C008901B5
004D000000340067008A01B4
00510000007A00A4008901B4
004D000000310057008901C6
004D00000034006F008A01C6
00510000007A00A4008A01C6
004D000000310052008901D8
004D00000034006F008A01D7
00510000008500A4008901D6
004D000000360057008A01E5
004D00000038006F008B01E6
00510000007A00A4008A01E5
004D00000039005C008A01F7
004D0000003D0077008A01F7
00510000008500B3008901F6
004D0000003F005C008A0207
004D0000003D0077008A0208
00510000008500A400890207
004D0000003C0061008A0217
004D0000003D0077008B0217
00510000007A00A4008A0216
004D00000034005C00890227
004D00000038006F008A0226
00510000007A00A4008A0225
004D00000031004D00890236
004D000000340067008A0235
00510000007A0095008A0234
004D0000002E004D008A0247
004D00000030005F008B0246
00510000007A0095008A0245
004D00000024003A00890257
004D00000028004A008A0257
005100000070008E008A0256
004D00000024003600880267
004D000000250044008A0267
005100000070008E00890266
004D00000025003200890278
004D000000340051008B0277
004F000000850095008B0277
004B0000001F001E0099000A
004D000000410035009A0009
004F00000085008000990007
004D00000027002E00980014
004D00000030003B00980015
004F00000070007300970015
004D00000039003E00990026
004D00000041005100990026
004F00000085008000990026
004D0000004D005200980038
004D00000056006700980039
00510000008F008E00980038
004B0000005D006600990046
004D0000005E006F00980045
004F0000008F008E00970045
004B00000056006C009A0053
004D000000580077009A0052
004F0000008F009500980052
004D0000004D0066009A0066
004D000000560077009A0065
00510000008F0095009A0064
004B00000047006C009A0075
004F00000046007F009A0074
00510000008F00A400990073
004D00000036005C00990085
004F00000038006F009A0084
00510000008500A400980083
004D0000002C0049009A0095
004D00000030005F009A0095
00510000007A00A400990094
004D000000270047009A00A7
004D00000030005F009B00A7
00510000007A00A4009A00A6
004D00000031004D009A00B6
004D00000030005F009B00B6
00510000007A0095009A00B5
004D00000031004D009900C7
004D00000030005F009B00C5
00510000007A0095009900C5
004D0000002C0049009800D7
004D000000300058009900D5
00510000007A0095009800D5
004D00000025003E009900E6
004D00000028004A009B00E5
0051000000700095009900E5
004D00000029003E009A00F7
004D000000300051009B00F6
00510000007A0095009900F5
004D0000002C004700990108
004D0000002C0051009A0107
005100000070009500990106
004D0000002C004700990117
004D0000002C0051009A0116
005100000070008E00980115
004D00000024003E00970128
004D00000028004A00980128
005100000070009500970126
004D00000024003E00970137
004D00000028004A00980137
005100000070008E00960136
004D00000027004700990146
004D00000028004A00990145
005100000070008E00980145
004D00000027004200990158
004D000000280051009A0157
005100000070009500980156
004D00000025003E00990167
004D000000280051009A0167
005100000070009500990166
004D00000027003E00990175
004D0000002C0051009A0175
00510000007A009500990175
004D00000029004700990186
004D0000002C005800990185
005100000070009500980185
004D00000031005200990196
004D000000340067009A0196
00510000007A00A400990195
004D00000039005C009901A7
004F000000380067009901A6
00510000008500A4009801A5
004D000000390061009A01B5
004D000000380077009B01B5
00510000008500A4009A01B4
004D00000039005C009A01C6
004D0000003D006F009B01C6
00510000008500A4009A01C5
004D00000036005C009A01D6
004D00000038006F009B01D6
00510000008500A4009A01D5
004D00000039005C009B01E7
004D00000038006F009B01E7
00510000007A00A4009A01E6
004D000000390061009A01F7
004D000000380077009B01F6
00510000008500A4009A01F5
004D000000390061009A0207
004D0000003D0077009B0207
00510000008500B3009B0206
004D000000390061009A0217
004F000000380077009B0216
00510000008500A4009A0215
004D00000036006100990225
004D000000380077009A0224
00510000007A00A4009A0224
004D000000340052009A0236
004D000000340067009B0235
00510000007A00A4009A0235
004D0000002C0049009A0246
004F0000002C0058009B0246
00510000007A0095009A0245
004D000000270042009A0256
004D0000002C0051009B0256
005100000070008E009A0255
004D00000027003E00990268
004D00000028004A009B0267
005100000070008E009B0266
004D00000027003A009A0275
004D000000300051009B0276
005100000085008E009B0276
004B00000024001E00AB0008
004D00000041003000AB0007
004F0000007A008000A90005
004D00000025002E00AA0015
004D00000030003E00AA0016
004F0000007A008000A90015
004D00000034003A00AA0026
004D00000038004A00AB0027
004F00000085008000AA0026
004D00000044004700AC0038
004B0000004B005800AC0039
004F00000085008000AB0038
004D00000052005700AA0047
004D00000056005F00AA0047
004F0000008F008000A90046
004B0000004D006100AA0055
004D00000056007700A90054
004F0000008F009500A80053
004D00000047005C00A90065
004D0000004B006F00A80065
00510000008F009500A70064
004D00000044006100A80076
004D00000041006F00A80075
00510000008500A400A80074
004D00000036005700A80085
004D00000034006700A80084
00510000007A00A400A80084
004D00000029004900A90098
004D0000002C005800AA0097
00510000007A009500A90096
004D00000029004900A800A7
004D0000002C005800AA00A7
005100000070009500A800A5
004D00000029004900A900B7
004D0000002C005F00AA00B6
00510000007A009500A900B6
004D0000002E004900A900C5
004D0000002C005800AA00C5
00510000007A009500A900C4
004D0000002E004D00A800D7
004D0000002C005800A900D5
00510000007A00A400A800D5
004D00000027004700A800E7
004D0000002C005100A900E6
005100000070009500A800E5
004D00000027004200A800F7
004D0000002C005100A900F6
00510000007A009500A800F5
004D00000027004900A80106
004D0000002C005800A90106
005100000070009500A80105
004D00000029004900A80117
004D0000002C005800A90116
005100000070009500A80115
004D00000029004900A80127
004D00000030005800AA0126
00510000007A009500A90126
004D00000029004700A80138
004D00000028005100AA0137
00510000007A009500A80136
004D00000021003A00AA0147
004D0000002C005800AB0147
00510000007A009500AA0146
004D00000025003E00A90157
004D00000028004A00AA0156
005100000070008E00A80156
004D00000029004700A80164
004D0000002C005100A90165
005100000070008E00A80165
004D0000002C004900A90175
004D0000002C005800AB0175
005100000070009500AA0174
004D00000029004700A90187
004D0000002C005800AA0186
005100000070009500A90185
004D00000031004D00AA0196
004D00000034005F00AB0197
00510000007A00A400AA0196
004D00000039005C00AA01A7
004D00000038006F00AB01A6
00510000008500A400A901A5
004D00000039006100A901B6
004D00000038007700AA01B6
00510000008500A400A901B5
004D00000036005C00A901C6
004D00000038006F00A901C6
00510000007A00A400A901C6
004D00000031005700AA01D8
004F00000034006700AA01D7
00510000008500A400A901D6
004D00000027004D00AB01E8
004D00000030006700AB01E7
00510000007A00A400A901E6
004D0000002C004D00AB01F4
004F00000030005F00AB01F4
00510000007A009500A901F3
004D00000036006600A90206
004D00000038007700AA0205
00510000007A00A400A90205
004D00000041006600A90217
004F00000041007700A90216
00510000008500A400A80215
004D00000039006100AA0225
004F0000003D007700AB0225
00510000007A00A400AA0224
004D00000036005700AA0237
004D00000038006700AA0236
00510000007A009500A90235
004D0000002E004D00AA0246
004D00000030005800AB0245
00510000007A008E00AA0244
004D00000029004700AA0256
004D0000002C005100AB0255
005100000070008E00AA0255
004D00000027003E00A90267
004D00000028004A00AB0266
005100000070008E00AA0265
004D00000027003200AA0279
004D00000034005100AB0278
004F00000085008E00AB0277
004B00000024001E00BC0008
004F00000041002D00BC0007
004F0000007A008000BA0005
004D00000024002E00BA0016
004D0000002C003E00BB0016
004F0000007A008000B90016
004D00000025003200BC002C
004D0000002C004400BD002A
004F00000070008000BB0028
004B00000019002700C0003C
004D00000025004400BF003A
004F00000070008000BC0038
004D00000029003E00BE0041
004D00000030004A00BE0042
004F00000070007300BC0043
004B00000036005200BB0055
004F0000003D006700BB0054
005100000085009500B90053
004D0000002E004900BB0066
004D0000003D006700BB0065
005100000085009500BA0065
004D0000002C004D00BA0074
004F00000034005F00BA0074
00510000007A00A400B90073
004D0000002C004D00BA0085
004F00000030005F00BB0084
00510000007A00A400B90084
004D0000002C004900BA0097
004D00000030005800BB0097
00510000007A009500BA0096
004D0000002C004900B900A7
004D0000002C005800BA00A7
00510000007A009500B900A6
004D0000002C004900B800B6
004D0000002C005800B900B6
00510000007A009500B800B5
004D0000002E004D00B800C6
004D0000002C005800B900C5
005100000070009500B800C4
004D0000002E004D00B900D6
004D00000030005F00BA00D5
00510000007A009500B900D4
004D0000002C004900B900E7
004D0000002C005800BA00E6
00510000007A009500B900E5
004D0000002E004D00B900F6
004D00000030005800BA00F6
00510000007A009500B900F5
004D0000002E004D00B90106
004D00000030005F00BA0105
00510000007A009500B80104
004D0000002C004D00B90116
004D00000030005F00BA0116
00510000007A00A400B90115
004D0000002E004D00B90126
004D00000030005F00BA0125
00510000007A009500B90125
004D0000002E004D00B90138
004D00000030005800BA0136
00510000007A009500B80135
004D0000002C004700B80146
004D00000030005100B90145
00510000007A008E00B80145
004D00000025003E00B80158
004D00000028004A00B90157
005100000070009500B70156
004D00000024003A00BA0167
004D00000028005100BB0167
005100000070009500BA0166
004D00000027004200BA0175
004D0000002C005100BB0175
005100000070008E00BA0174
004D00000021003E00BA0188
004D00000028005100BC0187
005100000070009500BA0186
004D00000025004200BB0198
004D00000028005100BC0197
005100000070009500BA0196
004D0000002C004D00B901A5
004F0000002C005800BA01A5
00510000007A009500B901A4
004D00000031005200B901B5
004D00000034005F00BA01B5
00510000007A009500B901B4
004D00000036005C00B901C6
004D00000038006700BA01C6
00510000008500A400B901C5
004D00000034005700B801D8
004D00000034005F00B801D7
00510000007A00A400B701D6
004D00000029004900B601E7
004D0000002C005100B701E7
005100000070009500B601E6
004D00000029004700B801F7
004D00000030005F00B801F6
00510000007A00A400B701F5
004D0000002E004D00B90205
004F00000038005F00BA0205
00510000007A009500B80204
004D00000039005C00BA0216
004F00000038006F00BA0216
00510000008500A400B90215
004D0000003C006100BA0227
004F00000038006F00BB0226
00510000007A00A400B90225
004D00000031005200BA0237
004D00000034006700BB0236
00510000007A009500BA0235
004D0000002E004D00BA0246
004F00000030005800BB0245
00510000007A009500BA0244
004D0000002C004200BA0256
004D00000030005800BB0255
00510000007A008E00BA0254
004D00000024003200BA0267
004D00000025004400BB0266
005100000070008E00BA0265
004D00000024002E00B90277
004D00000034004A00BB0276
004F0000007A008E00BA0276
004B00000024001D00CB000A
004D00000038002600CC0008
004F0000007A007300C90006
004D00000021002700CA0015
004D00000028003B00CB0015
004F00000070007300CA0015
004D0000001F002E00C7002E
004B00000025004400C8002B
004F00000070008000C80029
004D00000015002400C20039
004D00000025003E00C40038
004F00000070008000C50037
004D00000021003600C30040
004D00000028004400C40041
005100000067008000C40042
004D00000034005700C80055
004D00000038005F00C80054
005100000085008E00C80054
004D00000036004D00C70064
004D00000038005800C80063
005100000085008E00C80063
004D00000029004900C80076
004D00000030005F00C90075
00510000007A009500C80074
004D0000002C004900C90087
004D00000030005800CA0086
00510000007A009500C90085
004D0000002C004900C90096
004D0000002C005800CA0096
005100000070009500C90095
004D0000002C004900C900A8
004D0000002C005800CA00A7
005100000070009500C900A6
004D0000002C004900C900B7
004D0000002C005800CA00B6
00510000007A009500C900B6
004D0000002C004900C900C5
004D0000002C005F00CA00C5
005100000070009500C900C4
004D0000002E005200CA00D7
004F0000002C005F00CB00D6
00510000007A00A400C900D5
004D0000002C005200CA00E7
004F0000002C005F00CB00E6
00510000007A00A400C900E5
004D0000002E005200C900F6
004D00000030005F00CA00F5
00510000007A00A400C900F5
004D0000002E005200CA0107
004F0000002C005F00CB0106
005100000070009500C90105
004D0000002E004D00CB0115
004F0000002C005F00CB0115
00510000007A009500CA0114
004D00000029004D00CA0126
004D0000002C005F00CB0126
005100000070009500C90125
004D00000029004900C80137
004D00000030005F00C90137
00510000007A009500C80135
004D00000029004700C90146
004D0000002C005100C90145
005100000070009500C80145
004D0000002C004900C80157
004D0000002C005100C90156
00510000007A009500C80155
004D00000024003E00C80167
004D00000025004A00C90167
005100000070008E00C80166
004D0000001F003A00CA0176
004D00000023004A00CA0176
005100000067008E00C90175
004D00000021004200CA0186
004F00000025005100CB0186
005100000070008E00C90185
004D00000021004200C80197
004D00000025004A00C90196
005100000067008E00C80196
004D00000025004900C901A5
004D00000025005800C901A5
005100000070009500C801A4
004D00000027004900C901B6
004D0000002C005F00CA01B5
00510000007000A400C901B4
004D0000002C004D00C901C6
004F00000030005F00CA01C6
00510000007A00A400C901C5
004D00000031004D00CA01D6
004D00000034005F00CA01D6
00510000007A00A400C801D5
004D00000031004900C801E6
004D00000034005F00C901E5
00510000007A00A400C801E5
004D00000031004D00C801F6
004D00000034005F00C901F6
00510000007A00A400C801F5
004D0000002E004700C90207
004D00000030005800C90207
00510000007A009500C80206
004D00000034005200CA0217
004D00000038005F00CB0217
00510000007A009500C90216
004D00000036005700CA0226
004D00000038006700CA0226
005100000085009500C90225
004D00000034005200CA0236
004F00000034005F00CB0235
005100000070009500CA0235
004D00000036004D00C90246
004F00000034005800CA0244
00510000007A008E00C90244
004D0000002E004900C90255
004D00000030005100CA0255
005100000070008E00C90254
004D00000025003A00C80268
004D00000028004400C90267
00510000007A008E00C80265
004D00000025003200C80276
004D00000034004A00C90276
004F00000085008E00C90275
004B00000017001700DE000B
004F00000030002600DE0008
004F00000070007300DC0006
004D0000001D002100DA0011
004D00000025003500DB0012
004F00000070007300DA0013
004B0000002C003200DA0026
004B00000038004400DB0026
004F00000085008000DA0025
004D00000039003A00D70037
004B00000041004400D70036
004F00000085008000D70035
004D0000003F004900D90047
004D00000046005100D90046
004F0000008F008E00D80045
004D00000044005700D90056
004D00000046005F00DA0056
005100000085009500D90055
004D00000048006100DA0065
004D0000004B006700DA0064
00510000008F009500DA0064
004D00000039005700DA0077
004D00000038006700DB0076
00510000008500A400DA0075
004D00000029004900D90086
004D00000030005F00D90085
00510000007A00A400D80085
004D00000027004700D90096
004D0000002C005800DA0096
005100000070009500D90095
004D00000027004700D800A8
004D00000028005100D900A7
005100000070009500D800A6
004D00000021003E00DA00B8
004D00000028005100DA00B7
005100000070009500D900B6
004D00000027004700DA00C5
004D00000028005800DB00C5
005100000070009500DA00C4
004D0000002C005200DA00D7
004D0000002C006700DB00D6
00510000007A00A400DA00D5
004D0000002C005200DA00E8
004F0000002C005F00DB00E7
00510000007A00A400D900E6
004D00000029005200D900F6
004D00000028005F00DA00F6
00510000007000A400D800F5
004D00000029004900DA0108
004D00000028005800DB0107
00510000007A00A400D90106
004D00000025004900DA0117
004F00000028005800DB0116
00510000007A009500D90115
004D00000029004D00D90125
004F0000002C005F00DB0125
00510000007A009500DA0124
004D0000002C004D00D80135
004D00000030005F00DA0135
00510000007A009500D90134
004D0000002E004D00D90147
004D0000002C005F00DA0146
00510000007A00A400D90145
004D0000002E004900D90156
004D00000030005F00DA0156
00510000007A009500D90155
004D00000029004900D90167
004D0000002C005800DA0167
00510000007A009500D90166
004D0000001F003A00D80179
004D0000002C005800DA0178
005100000070009500D90178
004D00000024004200D90188
004D00000028005100DA0187
005100000070009500D80186
004D00000025004900D80196
004D00000028005800D90195
005100000070009500D80195
004D00000027004D00D801A6
004D00000028005F00D901A5
00510000007000A400D801A5
004D00000031005700D801B7
004D00000030005F00D901B6
00510000007A00A400D801B5
004D0000002C005200D901C7
004D0000002C005F00DA01C6
00510000007A00A400D801C5
004D0000002E004900D901D7
004F00000030005800DA01D6
00510000007A009500D801D5
004D0000002C004700D901E4
004D00000030005F00DA01E4
00510000007A00A400D901E4
004D00000031004D00D901F7
004F0000003D006700DA01F6
00510000008500A400D901F5
004D0000002E004900D90208
004D00000030005800DA0208
00510000007A009500D80207
004D00000031004900D90218
004D00000030005800DA0218
00510000007A009500D90217
004D00000034004D00D90226
004D00000034005F00DA0226
00510000007A008E00D90226
004D00000039005200D90235
004D00000038005F00DA0235
00510000007A009500D90234
004D00000039005200D90245
004D00000034005F00DA0244
00510000007A008E00D90243
004D00000034004900D90256
004D00000034005800DA0255
00510000007A008E00DA0254
004D00000029003E00DA0268
004D0000002C004A00DB0266
00510000007A008E00DA0265
004D00000027003200D90276
004D00000038005100DB0276
004F00000085009500DA0275
004B00000019001A00E90009
004F00000038002D00EA0009
004F00000070007300E90007
004D00000021002700E90014
004D00000023003000EA0014
004F00000067006D00E80014
004D00000029003200EB0025
004B00000034004400EC0026
004F0000007A008000EC0026
004D00000034003E00EC0037
004D00000038005100EC0037
004F0000007A008E00EB0036
004D00000034004700EB0046
004D0000003D005F00EC0045
005100000085008E00EB0045
004D00000036004D00EA0055
004D0000003D006700EB0055
005100000085009500EA0055
004D0000003C005700EA0066
004D0000003D005F00EA0065
005100000085008E00E90064
004D00000034005200E90077
004F00000034006700EA0076
00510000008500A400E90075
004D00000027004700E90084
004D0000002C005800EA0084
005100000070009500E90084
004D00000021003E00EB0096
004D00000025004A00EC0095
005100000070009500EA0095
004D00000025004200EA00A6
004D00000028004A00EB00A5
005100000070008E00EA00A4
004D00000021003E00E800B8
004D0000002C005100E900B7
005100000070009500E900B6
004D00000024004200E900C7
004D00000025004A00EA00C7
005100000067008E00E800C6
004D00000027004700EC00D7
004D0000002C005100ED00D7
00510000007A009500EB00D6
004D00000029004900EB00E6
004D00000028005100EC00E6
005100000070009500EA00E5
004D00000029004D00EA00F5
004D00000028005100EA00F5
005100000070009500E900F5
004D00000027004900E80106
004D00000028005100E90106
005100000070009500E80105
004D00000027004900E80117
004D00000028005800E90117
005100000070009500E80116
004D00000029004900E90126
004D0000002C005800EA0125
00510000007A009500E80125
004D00000031005200E90135
004D00000030005F00EA0134
00510000007A009500E90134
004D00000031005700E90146
004D00000034006700EA0146
00510000007A00A400EA0145
004D00000031005200E90155
004D00000030005F00EA0155
00510000007A009500E90155
004D0000002E005200E80166
004D00000030005F00EA0166
00510000007A00A400E90165
004D00000027004700E80177
004D00000030005F00E90176
00510000007000A400E90176
004D00000027004200E80188
004D00000028005800E90188
005100000070009500E80186
004D00000029004900E80195
004D00000028005800E90195
005100000070009500E80195
004D0000002C004D00E901A7
004D00000030005F00EA01A7
00510000007A00A400E901A6
004D0000002E005200EA01B6
004D00000030005F00EB01B6
00510000007A00A400E901B5
004D0000002C004900EA01C7
004F0000002C005800EB01C6
00510000007A009500E901C5
004D00000027004900E901D6
004D0000002C005F00E901D6
00510000007A009500E801D5
004D0000002C004900E801E5
004D00000030006700E901E5
00510000007A00A400E801E5
004D0000002C005200EA01F6
004F00000030006700EB01F5
00510000007A00A400E901F5
004D00000029004900EA0209
004D0000002C005800EB0208
00510000007A009500E90206
004D00000025003E00EC0219
004D0000002C004A00ED0218
005100000070008E00EA0217
004D00000025004200EC0225
004D00000028005100ED0225
005100000070008E00EB0225
004D0000002C004900EB0234
004D0000002C005800EB0233
005100000070008E00EA0233
004D00000031004D00EA0245
004D00000034005F00EB0244
00510000007A008E00EA0243
004D0000002E004700EA0256
004D00000030005800EB0256
004F00000070008E00EA0255
004D00000025003A00EA0268
004D00000028004400EB0267
00510000007A008E00EA0266
004D00000025003200E90275
004D00000034004A00EA0275
005100000085008E00EA0275
004B00000021001E00FB000A
004F00000034002D00FB0008
004F0000007A007300F90006
004D0000001F002700F90017
004D00000025003500FA0017
004F00000070007300F90016
004D00000025003200FB0025
004B0000002C003E00FB0026
004F00000070007300FB0026
004D00000036004700FA0038
004D00000038005100FB0039
00510000007A008000FA0038
004D00000036004900FB0045
004D00000038005100FB0044
00510000007A008000FB0044
004D00000034004D00FB0055
004D00000038005F00FC0055
00510000007A008E00FB0055
004D00000039005700FB0066
004F00000038005F00FB0065
00510000007A009500FA0065
004D00000031005200F90076
004D00000030005F00FA0075
00510000007A009500F90074
004D00000025004200F80088
004D00000028005100F90087
005100000070009500F80086
004D0000001D003A00F90098
004D00000025005100FA0098
005100000070009500F90097
004D0000001D003600F900A4
004D00000023004A00FA00A3
005100000067008E00F900A3
004D00000024004200FA00B5
004F00000028005100FB00B4
005100000070009500FA00B4
004D0000001F003A00FA00CB
004D00000025004A00FB00C9
005100000070009500FA00C8
004D00000021003E00FA00D9
004D00000025004A00FB00D8
005100000070008E00F800D7
004D0000001D003E00FA00E7
004D00000023004A00FB00E7
005100000067008E00F900E6
004D00000025004200FA00F3
004D00000025005100FB00F4
005100000070008E00FA00F4
004D00000027004700FC0107
004F00000028005100FD0106
005100000070008E00FB0105
004D00000027004700FC0116
004F0000002C005100FD0115
005100000070008E00FB0115
004D00000029004D00FA0127
004D0000002C005800FB0126
005100000070009500F90125
004D0000002C004D00F90135
004D0000002C005F00FA0134
005100000070009500F90134
004D0000002E005200FA0147
004D00000030006700FB0146
00510000007A00A400FA0145
004D00000031005200FA0157
004F00000034006700FB0157
00510000007A00A400FA0156
004D00000034005700FA0165
004D00000030006700FB0165
00510000007A00A400FA0164
004D0000002E004D00F90177
004F00000030005F00FA0176
00510000007A00A400F90175
004D00000029004700FA0187
004D00000030005F00FB0187
00510000007000A400FA0186
004D0000002C004D00FA0197
004D0000002C005F00FB0197
00510000007A009500FA0195
004D00000027004D00F901A6
004D0000002C005F00FB01A6
005100000070009500FA01A5
004D0000002C004D00F901B7
004F0000002C005800FB01B6
00510000007A009500F901B5
004D00000027004900F801C8
004F00000028005800FA01C7
00510000007A009500F801C6
004D00000024004200F901D5
004D00000028005100FA01D5
005100000070009500F801D5
004D00000027004700FA01E6
004D0000002C005800FB01E5
00510000007A00A400F901E5
004D0000002E005200F901F6
004D00000030005F00FA01F5
00510000007A009500F901F5
004D00000029004700F80209
004D0000002C005800F90208
005100000070009500F80207
004D0000001F003E00F7021A
004D00000025004A00F80219
005100000070008E00F70218
004D0000001F003E00F60224
004D00000025004400F70224
005100000067008E00F60224
004D00000027004200F80235
004D00000028005100F90235
00510000007A008E00F80234
004D00000029004200F90245
004D0000002C005100FA0245
00510000007A008E00F90244
004D00000027003E00FA0256
004D0000002C005100FB0256
005100000070008E00FA0255
004D00000024003600FA0269
004D00000025004400FB0268
005100000070008000FA0266
004D00000024003200FA0275
004D00000030004A00FB0275
004F0000007A008E00FA0275
004B00000024001E010B0009
004F000000340028010C0007
004F000000700073010A0004
004D00000021002B01080015
004D000000280035010A0016
004F00000070007301090016
004D00000025002E010A0027
004B0000002C003E010B0028
004F0000007A0080010A0027
004D00000031003E010B0038
004D00000034004A010B0038
00510000007A0080010A0037
004D000000340047010B0046
004D000000340058010C0045
00510000007A0080010B0045
004D0000002C0049010C0056
004D000000380067010D0056
00510000007A0095010C0055
004D0000002E004D010A0065
004F000000340058010B0064
00510000007A008E010A0063
004D0000002C004D01090075
004D00000030005F010A0074
00510000007A0095010A0073
004D00000029004701090087
004D000000280058010A0086
005100000070009501090085
004D00000024003E01070095
004D00000025005101080095
005100000070009501080095
004D00000021003A010D00A8
004D000000250044010D00A7
0051000000700095010A00A6
004D00000024003E010C00B7
004F00000025004A010C00B6
005100000067008E010A00B5
004D00000021003E010800C6
004D0000002C0058010900C6
0051000000700095010A00C5
004D000000240042010600D9
004D000000230044010700D8
005100000067008E010500D7
004F0000001F003E010500E6
004D000000230044010600E6
005100000067008E010600E6
004D000000240042010700F7
004D000000250051010800F7
0051000000700095010700F6
004D00000027004901070109
004D00000028005101080108
00510000007A009501080107
004D00000021004201070116
004D0000002C005801080116
00510000007A009501080115
004D00000025004701090126
004D00000028005F010A0127
004F00000067009501090126
004D0000002C004D01090135
004D0000002C005F010A0135
00510000007A009501090135
004D0000002C005201090147
004D000000300067010A0147
00510000007A00A4010A0146
004D0000002E005201090158
004D0000002C005F010A0158
00510000007A009501090157
004D000000290052010B0166
004F00000028005F010C0165
0051000000700095010A0164
004D000000250042010C0175
004D0000002C005F010D0174
00510000007A00A4010C0174
004D000000240042010C0185
004D00000028005F010C0185
0051000000700095010B0185
004D000000290049010A0196
004D000000280058010C0196
0051000000700095010A0195
004D00000029004D010B01A6
004F0000002C0058010C01A5
0051000000700095010B01A4
004D0000002C004D010A01B7
004D00000030005F010C01B6
0051000000700095010A01B5
004D0000002C0052010901C6
004D0000002C005F010B01C5
0051000000700095010901C4
004D000000270049010801D7
004D000000280058010901D6
0051000000700095010901D5
004D000000240042010901E7
004D000000280051010A01E6
0051000000700095010901E5
004D000000270047010A01F6
004D0000002C0058010B01F5
0051000000700095010A01F5
004D0000002C0049010A0207
004D000000300058010B0206
00510000007A0095010A0205
004D0000002C004201090217
004D0000002C004A010A0217
00510000007A008E01090216
004D0000002C003E010D0228
004D000000300044010E0228
00510000007A0080010C0227
004D0000002C003E010E0235
004D000000300044010E0234
00510000007A0080010D0234
004D000000310049010B0245
004D00000034004A010C0245
00510000007A0080010C0244
004D00000029003E010B0257
004D0000002C004A010C0256
005100000070008E010A0255
004D00000025003201090268
004D000000280044010B0266
0051000000700080010A0265
004D00000025003201090275
004D00000034004A010A0275
004F0000007A008E01090275
004B00000015001701210009
004F00000028001F01210007
004D00000067006D011E0005
004D0000001B0027011C0014
004D000000230035011D0015
004F000000700073011C0015
004D00000024002E011A0027
004D0000002C003E011B0028
004F000000700080011B0026
004D0000002E003E01190037
004D000000380051011A0037
00510000007A008E01190037
004D00000039004D01180047
004D00000038005801180046
00510000007A008001180046
004D0000003C005C01180055
004D00000041006701190055
00510000007A009501190055
004D00000039005C01190066
004F00000038005F011A0064
00510000007A009501180064
004D00000031005201190074
004D000000340067011A0073
00510000007A0095011A0073
004D0000002C004901190086
004D00000030005F011A0085
00510000007A00A401190084
004D00000027004701190098
004D0000002C0058011A0097
00510000007000A401190096
004D0000001B0036011900AB
004D000000250051011A00AA
0051000000700095011900A8
004D0000001D0036011900B3
004D000000230044011A00B4
005100000067008E011900B4
004D000000270049011A00C5
004D0000002C0058011B00C5
0051000000700095011A00C4
004D0000002C004D011A00D8
004D000000280058011B00D6
00510000007A0095011A00D5
004D000000270047011B00E5
004D0000002C0058011C00E5
00510000007A0095011B00E4
004D000000290049011A00F6
004D0000002C0058011C00F6
0051000000700095011A00F5
004D0000002C004901190107
004D0000002C0058011A0106
005100000070009501190105
004D0000002C004701170116
004D0000002C005101180116
005100000070009501170115
004D00000027004701190128
004D0000002C0058011B0127
005100000070009501190126
004D00000031004D011A0135
004D00000030005F011B0136
00510000007A0095011A0135
004D000000310057011B0146
004D000000300067011C0145
00510000007A0095011B0145
004D000000340057011A0158
004D00000030005F011A0158
00510000007A009501190156
004D00000031005201180167
004D0000002C005F01190166
005100000070009501180165
004D00000025004901170176
004D0000002C005801180175
005100000070009501180175
004D00000027004701180187
004D0000002C005801190186
005100000070009501180185
004D00000027004901190197
004D0000002C005F011A0196
005100000070009501190195
004D0000002E0057011801A6
004F0000002C005F011901A5
00510000007000A4011801A4
004D0000002E0052011801B6
004D000000300067011901B6
00510000007000A4011801B5
004D000000340057011901C7
004F000000340067011A01C6
00510000007A0095011901C5
004D0000002E004D011901D6
004D0000002C005F011A01D5
0051000000700095011901D4
004D0000002C0049011901E6
004D0000002C0058011A01E6
00510000007A0095011901E5
004D000000270047011901F7
004D0000002C0058011A01F7
0051000000700095011801F6
004D00000027004201190207
004D0000002C0051011A0207
00510000007A008E01190206
004D00000029004201190218
004D0000002C004A011A0218
00510000007A008E01190217
004D00000019002E011C022F
004D00000023003E011D022C
0051000000700080011B0229
004D00000019002E011C0231
004D0000001F003B011D0231
004F0000005D006D011C0232
004B000000250047011B0240
004F000000280051011C023F
005100000070008E011B0240
004D0000002C004701190256
004D000000300051011A0255
00510000007A008E01190254
004D00000027003601190267
004D0000002C003E011B0266
005100000070008001190265
004D000000250032011A0276
004D00000038004A011B0276
004F00000085008E011A0275
004B0000000E0016012A0008
004D000000280028012C0008
004F000000670073012B0006
004D00000017002101290011
004D0000001F002D012A0012
004F00000067006D01280012
004D00000024002E012A0027
004D00000028003E012B0027
004F000000700080012B0026
004D00000034003E012A0036
004D0000003D004A012B0037
0051000000850080012B0036
004D00000044004D012C0048
004D0000004B005F012C0048
004F00000085008E012B0047
004D0000004D0066012A0057
004D0000004B0077012B0056
0051000000850095012A0055
004D00000048006C012A0064
004D000000460077012A0063
005100000085009501290063
004D000000390061012A0075
004F00000038006F012B0073
00510000007A00A401290073
004D00000029004701290086
004D0000002C005F012A0085
005100000070009501290084
004D000000290047012A0097
004D0000002C0058012B0096
0051000000700095012A0095
004D00000025003E012700A8
004D000000280051012800A7
00510000007A0095012800A6
004D00000024003E012700B6
004D000000250051012800B6
0051000000670095012800B6
004D0000002E004D012900C7
004D000000300058012A00C6
00510000007A0095012900C5
004D0000002C0049012900D7
004D0000002C0058012A00D7
0051000000700095012900D6
004D000000290047012800E5
004D0000002C0058012A00E4
0051000000700095012900E4
004D0000002C0049012900F7
004D0000002C0051012A00F6
0051000000700095012900F5
004D0000002E004D01290106
004D000000300058012A0106
00510000007A009501290105
004D0000002E004D01290117
004D000000300058012A0117
00510000007A009501290116
004D00000027004701290128
004D0000002C0058012A0127
005100000070009501280126
004D0000002E005201290136
004D000000300067012A0136
005100000070009501290135
004D000000340061012A0147
004D00000030006F012B0146
00510000007000A401290145
004D0000002C005201290158
004D0000002C005F012A0156
005100000070009501290155
004D000000250042012B0165
004D0000002C005F012B0164
0051000000700095012A0164
004D0000002C004D012B0174
004D0000002C0067012B0174
005100000070009501290174
004D00000034005701280186
004D00000030006701290185
00510000007A00A401280185
004D0000002E004D01280197
004D00000030006701280196
00510000007000A401280195
004D0000002E0049012801A6
004D000000340067012901A6
00510000007A00A4012801A5
004D00000031004D012901B7
004D000000340067012A01B7
00510000007A00A4012901B6
004D000000340057012901C7
004F000000340067012A01C6
00510000007A00A4012801C5
004D000000310052012A01D5
004D00000030005F012B01D5
00510000007A0095012A01D4
004D0000002C004D012A01E6
004D0000002C005F012B01E6
00510000007A0095012A01E5
004D000000270047012901F8
004D000000300058012A01F7
00510000007A0095012901F6
004D00000027004201290207
004D0000002C0051012A0207
005100000070009501290206
004D0000002C004701290218
004D0000002C0051012A0217
00510000007A008E01290216
004F0000002500420122022B
004D00000025003E01240229
005300000067007301250228
004F0000001F003601200232
004D00000023003B01220232
00510000005D007301230233
004D0000002E004901280243
004D00000030005101280242
00510000007A008E01280242
004D00000031004701290256
004D000000300051012A0255
00510000007A008E01290254
004D00000025003601290268
004D000000280044012A0267
005100000070008001290266
004D00000021002E012A0275
004D00000030004A012B0275
004F0000007A008E012A0275
004B00000017001701350008
004D0000002C002201360007
004F00000070007301360005
004D0000001B002401390015
004D000000230030013A0015
004F00000070007301390015
004D0000001D0027013B0028
004D00000025003B013C0028
004F000000700080013A0027
004D000000250036013B0037
004D000000300051013C0037
00510000007A008E013B0037
004D0000003C004D013B0047
004D0000003D005F013B0047
005100000085008E013A0046
004D00000047006601390056
004D00000046007701390055
005100000085009501380055
004D0000004C0071013A0065
004F000000410077013A0064
00510000008500A401380064
004D000000390061013B0075
004F000000380077013B0073
00510000008500B301390073
004D000000290049013A0086
004D0000002C005F013B0085
00510000007000A401390084
004D00000027004201390097
004D0000002C0058013B0096
00510000007A009501390095
004D0000002C0049013900A5
004D000000300058013B00A5
00510000007A0095013A00A5
004D0000002E004D013900B8
004D0000002C0058013A00B6
0051000000700095013800B5
004D0000002C0049013900C6
004D000000300058013A00C6
00510000007A0095013800C5
004D000000270042013900D7
004D000000280051013900D7
005100000070008E013800D6
004D000000290047013900E5
004D0000002C0051013A00E4
0051000000700095013800E4
004D0000002C0047013900F7
004D00000030005F013A00F6
00510000007A00A4013900F6
004D0000002E0049013A0107
004D000000300058013A0107
00510000007A009501390106
004D00000031004D01390117
004D000000300058013A0116
00510000007A009501380115
004D0000002C004901380127
004D0000002C005801390127
005100000070009501380126
004D00000031005201380136
004D00000034006701390137
00510000007A00A401380136
004D00000039006101380147
004D00000034006F01380146
00510000007A00A401380145
004D00000031005C01360156
004D0000002C006701370155
00510000007000A401370154
004D00000027004701360167
004D0000002C005801380167
005100000070009501380166
004D0000002C004D013A0177
004F0000002C0058013B0176
005100000070009501380175
004B00000029004201430188
004F0000002C004A01420187
004F000000670080013F0186
004D00000029003E01410193
004F0000002C004A01410191
0051000000700080013E0192
004D0000002E0047013B01A4
004F00000034005F013D01A3
00510000007A0095013C01A3
004D0000002E0049013901B7
004D00000034005F013A01B8
00510000007A0095013901B6
004D000000340057013901C7
004F000000340067013A01C7
00510000007A0095013901C6
004D0000002C004D013901D6
004D00000030005F013A01D6
00510000007A00A4013A01D5
004D000000290049013A01E5
004F0000002C0058013B01E5
0051000000700095013901E4
004D000000290049013801F6
004F000000300058013A01F5
00510000007A0095013901F4
004D0000002C004701390208
004D0000002C0058013A0208
005100000070009501390206
004D00000034004D01380218
004D000000340058013A0217
00510000007A009501390216
004D0000003C005201390227
004D00000038005801390227
005100000085008E01380226
004D00000036004901390236
004D000000380058013A0235
005100000085008E01390235
004D00000034004D013A0245
004D000000380058013A0244
00510000007A008E013A0243
004D0000002E004701390257
004D000000300051013A0256
00510000007A008E01390255
004D00000027003A01380267
004D00000028004401390267
005100000070008001390265
004D00000025003201390275
004D00000030004A013A0275
004F0000007A008E01390275
004B0000001D001A014D000B
004D000000340028014D0009
004F0000007A0080014B0006
004D0000001D0024014B0015
004D000000250035014C0015
004F000000700073014A0015
004D0000001B002701480028
004D00000025003B01490028
004F00000067008001480027
004D00000024003201490036
004D00000030004A014A0037
004F0000007A008E01490037
004D000000360049014A0048
004D000000340058014A0048
00510000007A008E01480047
004D0000003C0057014A0054
004D0000003D0067014A0054
00510000007A009501480054
004D0000003C005C01490067
004D00000041006F01490065
00510000007A00A401480065
004D00000031005701490077
004F00000030006701490075
00510000007000A401470074
004D000000270047014A0087
004D00000028005F014B0085
005100000070009501490085
004D000000270042014A0095
004D000000280051014B0095
0051000000700095014A0095
004D0000002C004D014A00A5
004F0000002C0058014B00A4
0051000000700095014900A4
004D0000002E0049014A00B6
004D0000002C0058014B00B5
0051000000700095014900B5
004D0000002C0049014A00C7
004D0000002C0051014B00C6
0051000000700095014900C6
004D00000027003E014900D8
004D0000002C0051014A00D8
00510000007A008E014900D7
004D00000021003E014B00E6
004D000000280051014C00E6
005100000070008E014A00E5
004D000000210042014A00F6
004D000000280058014C00F5
0051000000700095014B00F5
004D000000270049014A0107
004D0000002C0058014B0107
0051000000700095014A0106
004D0000002C0052014A0116
004F00000030005F014B0115
00510000007A009501490114
004D0000002C004D01490126
004D00000030005F014A0126
00510000007A0095014A0125
004D0000002E004D01490137
004D00000030005F014A0137
00510000007A00A401490136
004D00000034005701490144
004D00000030006F014A0145
00510000007000A401490144
004D000000340052014A0155
004D00000034006F014B0154
004F0000007A00A4014A0154
004D00000031005201490169
004D000000300067014A0168
00510000007A00A4014A0167
004D00000029004D0149017D
004D000000250051014A017B
005100000070009501480178
004D0000001200270149018F
004D0000001F0044014A018C
004F00000067008E01490189
004D0000001200270149018E
004D0000001C003B014A018F
004F0000005D0073014A0190
004B000000210049014B019F
004F00000025005F014B019F
0051000000700095014B019F
004D000000340052014B01B7
004D00000030005F014B01B7
0051000000700095014A01B6
004D0000003C005C014901C7
004D000000380067014A01C6
00510000007A0095014901C5
004D000000390057014901D6
004D00000034005F014A01D5
00510000007A0095014901D4
004D0000002E0049014A01E6
004F0000002C0058014B01E5
00510000007A0095014901E4
004D0000002C0049014A01F5
004F000000300058014B01F5
00510000007A0095014A01F4
004D0000002E0049014B0208
004D000000300058014B0208
005100000070009501490207
004D000000360052014A0216
004D00000038005F014B0216
00510000007A0095014B0215
004D000000360057014A0227
004D00000034005F014A0227
00510000007A009501490226
004D000000340049014A0236
004D000000340058014B0237
00510000007A008E014A0236
004D0000002E0049014A0246
004D000000300051014B0244
00510000007A008E014A0244
004D00000025003A01490257
004D00000028004A014B0256
00510000007A008E014A0255
004D0000001D002E01490268
004D00000023003E014B0267
0051000000700080014A0266
004D000000240032014A0276
004D00000030004A014B0276
00510000007A008E014A0276
004B00000014001A015F000A
004F00000030002D015F0008
004F000000670073015D0006
004D000000190024015A0013
004D000000250035015B0014
004F00000067008001590014
004D00000021002B015A0026
004D00000025003E015B0027
004F000000700080015B0026
004D0000002C003A015A0036
004D000000340051015B0037
00510000007A008E015B0036
004D000000390049015B0049
004D000000380058015C0049
00510000007A008E015B0048
004D0000003C0057015B0056
004F00000038005F015C0055
00510000007A0095015A0054
004D000000310057015A0064
004D000000380067015B0063
00510000007A0095015A0063
004D00000029005201590077
004F0000002C005F01590075
00510000007000A401580074
004D00000029004701580086
004D0000002C005801590085
005100000070009501580084
004D00000025004201580097
004D0000002C0058015A0096
005100000070009501590096
004D000000270047015900A7
004F0000002C0051015A00A6
0051000000700095015900A5
004D000000250042015900B6
004D0000002C0058015A00B6
005100000070008E015900B5
004D00000024003E015A00C6
004F00000028004A015B00C5
005100000070008E015900C4
004D000000250042015A00D6
004D0000002C0051015B00D5
005100000070008E015B00D5
004D000000250047015900E7
004D000000280051015A00E6
005100000070008E015900E5
004D00000024003E015900F5
004D000000280051015A00F4
0051000000700095015900F4
004D00000029004901580107
004D0000002C005801590106
005100000070009501580106
004D0000002E005201580116
004F00000030005F01590115
00510000007A00A401580115
004D0000002C005201580125
004D000000300067015A0125
00510000007000A401590124
004D000000290049015A0138
004D0000002C0058015B0138
005100000070009501590136
004D000000290047015A0146
004D000000280058015B0146
0051000000700095015A0145
004D000000290047015C0155
004D000000300058015C0155
00510000007A0095015A0154
004D000000310049015A0166
004D00000030005F015B0166
00510000007A0095015A0165
004D00000034005701580178
004D00000030005F01580177
005100000070009501580176
004F00000021003A014D018A
004B000000230044014F0189
00510000005D008001510188
004F0000001B002E014F0193
004B0000001F003B01510193
00510000005D008001520194
004D000000290052015901A8
004D0000002C0067015901A7
00510000007A00A4015901A6
004D000000290049015A01B7
004D0000002C005F015B01B6
0051000000700095015901B5
004D000000310052015A01C4
004D000000300067015A01C3
00510000007A0095015901C4
004D000000310057015901D6
004F000000340067015A01D5
00510000007A00A4015901D4
004D0000002C004D015A01E5
004F0000002C0058015B01E5
00510000007A0095015901E4
004D000000290049015901F6
004D000000300058015B01F5
00510000007A0095015A01F4
004D0000002C004901590207
004F000000300058015B0207
00510000007A0095015A0206
004D00000031004D015B0217
004F000000340058015C0216
00510000007A0095015A0215
004D000000340052015B0228
004D00000034005F015C0227
00530000007A0095015A0226
004D0000002C0047015C0238
004F000000300058015D0236
00510000007A008E015B0235
004D0000002C0047015B0243
004D0000002C0051015C0242
0051000000700080015B0242
004D00000024003E01590255
004D0000002C0051015A0254
004F00000070008E015A0253
004D0000001D002B015B026A
004D00000023003B015C0269
004F000000670080015A0267
004D00000024002E015A0275
004D000000300044015C0275
004F0000007A008E015B0275
004B00000015001D01660008
004D00000034002D01680007
004F00000070008001680006
004D0000001B002701670016
004D00000025003501680015
004F00000067008001680015
004D00000021002E016A0027
004D000000280044016B0027
004F000000700080016A0027
004D00000029003A016A0036
004D000000300051016B0036
00510000007A008E016A0036
004D00000036004D016A0048
004D000000380058016A0048
00510000007A008E016A0047
004D0000003F005C01680057
004D00000038006701680056
00510000007A009501680055
004D00000039005C01680064
004D00000038006701680062
00510000007A009501680063
004D00000036005701680076
004F00000034006701690074
00510000007A00A401680073
004D0000002E004901680085
004D00000030005801690085
005100000070009501680084
004D0000002E004701680098
004D000000300058016A0097
00510000007A009501690096
004D0000002E0049016800A8
004D0000002C0051016900A7
00510000007A0095016800A5
004D000000270042016800B6
004D000000280051016900B6
0051000000700095016800B5
004D000000250042016800C7
004D00000028004A016A00C6
005100000070008E016800C5
004D00000024003E016900D7
004D00000028004A016A00D6
0051000000700095016900D5
004D00000027003E016800E8
004D0000002C004A016900E7
005100000070008E016800E6
004D000000290047016900F4
004D000000300058016A00F4
00510000007A008E016900F3
004D0000002C004D01690107
004D000000340067016A0107
00510000007A00A401690106
004D00000034005701680116
004D00000034006701690116
00510000007A00A401680116
004D00000036005C01690126
004D00000034006F016A0125
00510000007000A401690124
004D0000002C004D01690138
004D0000002C005F016A0138
004F0000007000A401690137
004D00000027004901680148
004D00000028005801690148
005100000070009501680147
004D0000001F003A01690158
004D000000280051016A0158
005100000070009501690157
004D00000021003A016A0164
004D0000002C0058016B0165
004F000000700095016A0165
004D000000270049016A0175
004D0000002C005F016B0175
0051000000700095016A0174
004D000000340049016A0187
004D000000340058016B0187
00510000007A0095016A0186
004D00000031004701680198
004D00000030005801690197
00510000007A009501680196
004D0000002E0049016801A8
004D0000002C0058016801A7
0051000000700095016701A7
004D0000002C0049016701B6
004D0000002C0058016801B6
0051000000700095016701B5
004D0000002C0047016801C5
004D000000300058016801C4
0051000000700095016801C4
004D00000031004D016801D6
004D000000300058016801D5
00510000007A0095016801D4
004D0000002E004D016901E7
004D0000002C0058016A01E6
0051000000700095016801E5
004D00000031004D016901F5
004D000000300058016A01F5
00510000007A0095016901F4
004D00000031004D01680207
004D00000030005801690206
00510000007A009501680206
004D00000031004D01680218
004D000000340058016A0217
00530000007A009501690216
004D00000031005701690228
004F00000030005F01690227
00530000007A009501680226
004D0000002C004901670237
004D0000002C005101680236
005100000070008001680235
004D0000002C004901680243
004D00000028004A01690243
005100000067008001680243
004D00000027003E016A0256
004D00000028004A016B0255
005100000070008E016A0254
004D000000170027016A026D
004D00000023003E016C026A
005100000070008E016B0268
004D0000001D002B016A0272
004D000000280044016B0273
004F0000007A0080016A0273
004B00000021001D017B000B
004F00000038002D017C0008
004F0000007A0080017A0006
004D0000001D0027017B0015
004D00000025003E017C0015
004F000000700080017B0015
004D00000021002E01790026
004B000000280044017A0027
004F000000700080017A0026
004D00000027003A01790036
004D0000002C004A017A0037
005100000070008E01790036
004D000000340049017A0047
004D000000380058017A0047
00510000007A009501790046
004D0000003F005701790056
004D0000003D006701790056
00510000007A009501780055
004D00000041006101790064
004D0000003D006701790063
00510000007A009501780063
004D000000340052017A0075
004F000000340067017A0074
00510000007A00A401790073
004D0000002C004D017A0086
004D00000030005F017B0086
00510000007A00A4017A0085
004D0000002E004D01790097
004D00000030005F017A0096
00510000007A00A401790095
004D0000002E004D017900A6
004D00000030005F017A00A6
00510000007A0095017900A5
004D0000002E0049017A00B7
004D000000300058017B00B7
00510000007A0095017900B6
004D0000002E0049017900C6
004F000000300058017A00C5
00510000007A0095017900C5
004D000000290049017900D6
004D000000300058017A00D5
00510000007A0095017900D5
004D000000270042017900E8
004D0000002C0058017A00E8
0051000000700095017900E7
004D000000290049017A00F4
004D0000002C0058017B00F4
005100000070008E017A00F3
004D0000002E0057017B0108
004D000000340067017C0108
00510000007A00A4017A0106
004D000000340057017A0117
004D000000340067017A0117
00510000007A009501790116
004D000000310057017A0125
004F000000300067017B0124
00510000007A00A4017A0124
004D0000002E0052017A0138
004D00000030005F017B0137
004F0000007000A401790135
004D0000002E004901790148
004D0000002C0058017A0148
005100000070009501780146
004D00000029004701760156
004D0000002C005801780156
005100000070009501770156
004D00000027004201770167
004D00000030005801780167
005100000070009501780167
004D000000250047017D017C
004D000000250051017D0179
004F000000670095017A0178
004D00000017003201800188
004F00000023004A01800186
004F00000067008E017C0185
004D0000001D003E017E0190
004F000000250051017E0190
004F000000670095017C0191
004D000000270042017901A8
004D00000034005F017A01A6
00510000007A00A4017901A5
004D0000002C0047017901B6
004D000000300058017A01B5
004F000000700095017801B5
004D00000024003E017C01C8
004D0000002C0058017C01C6
0051000000700095017A01C5
004D00000021003A017C01D5
004D000000280051017C01D4
0051000000700095017A01D4
004D000000290047017901E6
004D0000002C0058017A01E5
00510000007A0095017801E5
004D0000002E0049017901F7
004D000000300058017A01F7
00510000007A0095017901F6
004D000000310049017A0207
004D000000340058017A0207
00510000007A009501790206
004D00000036005201790216
004D00000034005F01790216
00510000007A009501780215
004D0000003C005701790228
004D00000038005F01790228
00510000007A009501780227
004D0000003C0057017A0237
004D000000380058017A0237
00510000007A008E01780236
004D0000002C0047017A0246
004F000000300051017B0244
00510000007A008E017A0244
004D00000025003A017A0255
004D00000028004A017C0254
005100000070008E017B0253
004D00000021003201760268
004D00000023003E01780267
005100000070008001780266
004D00000021002E01770275
004B0000002C004A01780275
00510000007A008E01780276
004B00000024001E018B000A
004F000000380028018C0008
004F0000007A0073018A0006
004D0000001D002701890015
004D00000028003B018A0015
004F00000067008001890015
004D000000270036018A0027
004D0000002C0044018B0027
004F0000007A008E018A0026
004D0000002E003E018A0037
004D000000340051018B0037
00510000007A008E018A0036
004D000000310049018A0047
004D000000380058018B0047
00510000007A008E018A0046
004D000000360057018B0056
004D00000038005F018B0056
00510000007A0095018A0055
004D0000003C0061018B0064
004F000000380067018B0063
00510000007A009501890063
004D0000002E0052018A0075
004F000000300067018B0074
00510000007000A401890074
004D0000002C004D01890087
004D0000002C005F018A0086
00510000007000A401880085
004D00000027004901890097
004D0000002C005F018A0096
00510000007000A401890095
004D000000290049018900A6
004D0000002C0058018A00A5
0051000000700095018900A5
004D000000270049018900B7
004D0000002C0058018A00B7
0051000000700095018900B6
004D0000002C0049018800C5
004D0000002C0058018900C5
00510000007A008E018900C5
004D0000002E004D018900D6
004D00000030005F018A00D6
00510000007A0095018900D5
004D0000002C004D018800E8
004D00000034005F018A00E7
00510000007A0095018900E6
004D000000310057018900F5
004D00000030005F018A00F5
00510000007A0095018800F5
004D0000002E0052018A0108
004D00000034006F018A0108
00510000007A00A4018A0106
004D00000027004901890118
004D00000028005F018A0117
005100000070009501880116
004D00000027004901890125
004D0000002C005F018A0125
005100000070009501890124
004D000000250049018A0137
004D0000002C005F018B0136
00510000007000A401890135
004D000000250047018A0146
004D0000002C005F018B0146
00510000007A00A401890146
004D0000002E0047018A0155
004D00000034005F018B0155
00510000007A009501890155
004D000000390057018A0168
004D000000380067018B0168
004F0000007A00A4018A0166
004D0000002C00520186017D
004D00000025005F01870179
004F0000006700A401860178
004D00000014002E01820186
004D00000025005801840186
004F00000067009501850185
004D0000001B003A01830191
004D00000023005101850191
004F0000006700A401840191
004D000000270047018701A5
004D000000300058018801A4
00510000007A00A4018801A4
004D000000290047018801B8
004D000000300058018901B7
00510000007A0095018801B6
004D000000250042018701C8
004D000000280051018801C6
0051000000700095018801C5
004D00000019002E018701D6
004D000000230044018801D6
004F000000670095018701D5
004D00000025003E018901E5
004D0000002C0051018A01E5
0051000000700095018901E4
004D000000290049018901F8
004D0000002C0058018B01F7
0051000000700095018901F6
004D0000002C0049018A0208
004D0000002C0058018A0208
00510000007A009501880206
004D0000002C0049018C0216
004F0000002C0058018C0215
00510000007A008E018A0215
004D0000002E004D018A0227
004D00000034005F018B0226
0051000000850095018A0225
004D00000036005201890237
004D000000340058018A0236
00510000007A008E01890235
004D00000031004D01890246
004F00000030005801890244
00510000007A008E01880244
004D00000025003E01880255
004D00000028004A01890254
005100000070008E01880254
004D000000240036018A0268
004D000000280044018B0267
0051000000700080018A0266
004D00000027003201890276
004D00000034004A018B0276
005100000085008E018A0275
004B000000140017019E000E
004F0000002C002D019F000B
004F000000700080019C0008
004D000000190024019D0011
004D000000250035019E0012
004F000000670073019C0013
004D000000240036019B0026
004D00000028004A019C0026
004F00000070008E019B0025
004D0000002E003E019A0036
004D000000340051019B0036
00510000007A008E019A0035
004D00000036004901990048
004D0000003D005F019A0047
005100000085009501990046
004D00000039005701990058
004D00000034005F019A0057
00510000007A009501980056
004D000000340057019A0067
004F00000034005F019A0065
00510000007A009501980065
004D00000025004D019B0075
004D0000002C0067019B0075
00510000007000A401990074
004D000000270049019B0083
004D00000028005F019B0083
005100000070009501990083
004D00000027004901990095
004D000000280058019A0095
005100000070009501990094
004D000000270047019A00A7
004D0000002C005F019B00A7
00510000007000A4019A00A6
004D000000290049019900B6
004D0000002C0058019B00B6
0051000000700095019A00B6
004D0000002E004D019900C6
004D000000280058019A00C6
0051000000700095019900C5
004D0000002E004D019900D7
004D00000030005F019A00D7
00510000007A0095019900D6
004D000000340057019900E7
004D00000030005F019A00E6
00510000007A0095019900E6
004D000000310057019900F7
004D000000300067019A00F6
00510000007A00A4019800F6
004D0000002E005201990106
004D000000300067019A0105
00510000007A00A401990105
004D00000029004901980116
004D00000025005801990115
005100000070009501980114
004D00000029004901980126
004D00000028005801990125
005100000070009501980125
004D00000029004901980138
004D0000002C005801990137
005100000070009501980136
004D00000025004701980147
004D0000002C005F01990146
00510000007000A401980146
004D00000029004701990156
004D00000030005F019A0156
004F0000007000A401990155
004D00000036005701980167
004D00000038006F01990166
004F0000007A00A401980165
004D0000003F005C01990176
004D00000041006F01990175
004F0000007A00A401980175
004D00000034004701970185
004D00000038005801970184
004F0000007A009501960184
004D000000310049019A0197
004D000000340067019B0195
004F0000007A00A401990195
004D000000310049019B01A6
004D00000034005F019B01A5
00510000007A00A4019A01A4
004D0000002E0049019901B8
004D000000300058019A01B7
004F0000007A0095019901B5
004D000000310047019901C7
004D000000340058019A01C6
00510000007A0095019901C5
004D00000027003E019901D7
004D0000002C0051019A01D6
004F000000700095019901D5
004D000000290042019901E7
004D000000300058019A01E7
00510000007A0095019801E6
004D0000002E0049019901F7
004D000000300058019A01F7
00510000007A0095019901F6
004D0000002E004901980208
004D000000300058019A0208
00530000007A009501990207
004D0000002C004901980217
004F0000002C0058019A0217
00510000007A008E01980216
004D00000029004901980223
004D0000002C005801990224
005100000070008E01980224
004D00000034004D01980238
004D00000038005801990237
00510000007A008E01990236
004D00000036004D01990245
004D000000340058019A0244
00510000007A008E01990244
004D00000029004201990255
004D0000002C0051019A0254
005100000070008E019A0254
004D00000021003601990268
004D000000250044019A0267
005100000070008E01990266
004D00000025003601980274
004D00000030004A019A0275
00510000007A008E01990275
004D00000014001A01A7000B
004D00000030002D01A8000B
005100000070008001A80008
004D0000001B002401A70015
004D00000023003001A80015
004F00000067007301A60015
004D00000025003201AA0024
004D0000002C003E01AB0025
005100000070008001AA0024
004D0000002C003A01AB0035
004D00000034005101AC0035
00510000007A008E01AB0035
004D00000034004701AC0046
004D00000038005801AD0046
00510000007A008E01AB0046
004D0000003C005701AA0057
004D00000038005F01AA0056
00510000007A009501A90056
004D00000036005C01A80066
004F00000034006701A80065
00510000007A009501A70064
004D00000027004901A60076
004D00000028005F01A70075
00510000007000A401A60074
004D00000025004701A70085
004D00000028005F01A80085
00510000007000A401A80084
004D00000029004D01A90096
004D0000002C005F01AA0096
005100000070009501AA0095
004D00000027004701A900A8
004D0000002C005801AB00A7
005100000070009501AA00A6
004D00000024004201AB00B7
004D00000028005801AC00B7
005100000070009501AB00B6
004D00000029004901AA00C6
004D00000030006701AC00C6
00510000007A009501AB00C5
004D00000031005701A900D6
004D00000030006701AA00D6
00510000007A00A401A900D5
004D00000031005C01A900E7
004D00000030006701AA00E6
00510000007000A401A900E5
004D0000002E005201A800F8
004D0000002C006701A900F7
00510000007A00A401A800F6
004D00000031005701A80106
004D00000030005F01A90106
00510000007A00A401A80105
004D00000034005701A90116
004D00000034006701A90115
00510000007A00A401A80115
004D00000031005701AA0126
004D00000034006701AB0125
00510000007A00A401AA0125
004D0000002E004901A90138
004D00000030005F01AA0137
00510000007A009501A80136
004D0000002C004901A90145
004D0000002C005F01AA0145
005100000070009501A80145
004D00000031004D01AA0157
004D00000030005F01AA0156
00510000007A00A401A80155
004D00000034005201A90166
004D00000034006701AA0166
00510000007A00A401A80165
004D00000031004901AA0177
004D00000034005F01AA0176
00510000007A00A401A90175
004D0000002C004701AA0187
004D00000030005801AB0186
00510000007A009501AA0185
004D0000002C004701A90196
004D00000030005801AA0196
00510000007A009501A90195
004D0000002E004D01AA01A5
004D00000030005F01AA01A5
00510000007A009501A901A4
004D00000027004701A901B7
004D00000030005F01AB01B6
004F0000007000A401A901B5
004D00000027004201A901C6
004D0000002C005801AB01C6
00510000007A009501A901C5
004D00000029004701AA01D7
004D0000002C005101AB01D7
00510000007A009501A901D6
004D00000025003E01AB01E7
004D0000002C005101AC01E7
00510000007A009501AA01E6
004D0000002C004201AA01F6
004D0000002C005101AB01F6
005100000070009501A901F5
004D00000031004D01A90208
004D00000030005801AA0208
00510000007A009501A90206
004D00000031004901AA0218
004D00000030005101AB0218
00510000007A008E01A90217
004D00000036005201AB0225
004D00000030005801AB0224
00510000007A008E01AA0224
004D0000002E004901AA0237
004D00000034005801AC0236
00510000007A008E01AB0235
004D00000034004D01AA0246
004F00000030005801AB0245
005100000070008E01AA0244
004D00000031004D01A90255
004D00000030005801AB0254
005100000070008E01AA0253
004D00000027003E01A80267
004D00000028004A01AA0266
005100000070008E01AA0265
004D00000027003601A90276
004D00000034004A01AA0276
005100000085008E01AA0275
004B00000021001E01B90009
004F00000038002801BB0007
004F0000007A007301B80005
004D00000024002B01B80016
004D00000025003501B90015
004F00000070007301B80015
004D00000027003601B90026
004D0000002C003E01BA0026
004F00000070008001B90025
004D00000031003E01B90037
004D00000034004A01BA0037
00510000007A008E01BA0036
004D00000034004901BB0047
004D0000003D005F01BC0047
005100000085008E01BB0046
004D00000036005701BA0056
004D00000038006701BB0055
004F0000007A009501BA0055
004D0000003C005C01BB0065
004F00000038006701BB0064
00510000007A009501B90063
004D00000034005701BA0075
004D00000034006701BA0074
00510000007A00A401B90073
004D0000002C004D01B90087
004D0000002C006701BA0086
00510000007000A401B90085
004D0000002C004901B90096
004D00000030005F01BB0096
005100000070009501BA0095
004D0000002C004D01B800A8
004D0000002C005F01B900A7
005100000070009501B900A6
004D0000002C004D01B700B6
004D0000002C005801B800B7
004F00000067009501B800B6
004D0000002E004901B900C7
004D00000030005F01BA00C7
00510000007A009501B900C6
004D0000002E005201B900D7
004D0000002C005F01BA00D6
005100000070009501B800D5
004D00000036005701B900E5
004D00000034006701B900E5
00510000007A00A401B900E4
004D0000002E004D01B900F8
004D0000002C006701B900F7
00510000007A00A401B800F6
004D00000031004D01B90105
004D00000034005F01BA0105
00510000007A009501B80104
004D00000034005701B90115
004D00000034006701BA0115
00510000007A00A401B90114
004D0000002C005201B90127
004D00000030006701BA0125
00510000007A00A401B90125
004D00000029004901B90138
004D0000002C005801BA0137
00510000007A009501B90136
004D00000029004901B90145
004D00000030005801BA0144
005100000070009501B80144
004D00000031005701B90156
004F00000030006701BA0155
00510000007A00A401B80154
004D00000031005201B90165
004F00000034006701BA0165
00510000007A00A401B90164
004D00000031005201BA0177
004D00000030005F01BB0176
00510000007A009501B90175
004D00000024004201BB0188
004F0000002C005101BC0187
005100000070009501BA0185
004D00000027004701BB0194
004D00000028005801BC0194
005100000070009501BA0194
004D0000002E005201B901A5
004D00000030006701BA01A4
00510000007000A401B901A4
004D0000002C004901B901B6
004D0000002C005801BA01B5
005100000070009501B901B5
004D00000027004701BA01C7
004D0000002C005801BB01C7
005100000070009501BA01C6
004D00000029004901BA01D8
004D00000028005101BB01D7
005100000070009501B901D6
004D00000024003E01B901E7
004D00000028004A01BA01E6
005100000070009501B901E5
004D00000024003E01BA01F6
004D00000025005101BA01F6
005100000070008E01B901F5
004D00000021003E01BB020B
004D00000025005101BB020A
005100000070009501B90208
004D0000001D003601BC0219
004D00000025004A01BC0219
005100000070008E01BA0218
004D00000024004701BB0223
004F00000028005101BC0223
005100000070008E01B90223
004D00000027004701BA0235
004F00000030005801BB0234
005100000070008E01BA0234
004D0000002E004901BA0246
004F00000030005101BA0244
005100000070008E01B80244
004D00000034004D01BB0255
004D00000030005801BB0254
004F00000070008E01BB0253
004D00000025003A01BB0268
004D0000002C004A01BC0266
005100000070008001BB0265
004D00000027003601B90275
004D00000034004A01BB0275
00510000007A008E01BA0275
004B0000001F001E01CB000A
004F00000038002D01CC0008
004F0000007A008001C90006
004D0000001F002B01CA0015
004D00000025003501CB0015
004F00000070007301C90015
004D00000024003201CA0027
004D0000002C004401CB0026
00510000007A008E01CA0026
004D00000031004201CA0037
004D00000038005101CB0037
00510000007A008E01CA0037
004D00000041005201CA0048
004D0000003D005F01CA0047
00510000007A008E01C90046
004D00000044006601C90056
004D00000041006F01CA0056
00510000007A009501C90055
004D0000003C005C01CA0066
004F00000038006701CB0064
00510000007A009501C90064
004D0000002C005201CA0074
004D0000002C006701CA0073
00510000007000A401C90073
004D0000001F003E01CC0089
004D00000025005801CD0088
005100000070009501CB0086
004D0000001D003601CD0093
004D00000025005101CD0094
004F00000067009501CC0094
004D0000002C004D01CA00A5
004D00000030005F01CB00A4
005100000070009501CA00A4
004D00000031005201C800B7
004D00000030006701CA00B7
00510000007000A401C900B6
004D00000031005201C900C8
004D00000030005F01CA00C7
00510000007A00A401C900C6
004D0000002C004901C800D6
004F0000002C005801C900D5
00510000007A009501C800D5
004D0000002C004D01CA00E6
004D00000030005F01CB00E6
005100000070009501C900E6
004D0000002E004901C900F7
004D0000002C005801CA00F6
00510000007A009501C800F5
004D0000002C004901C80106
004D00000030005F01C90105
00510000007A00A401C80104
004D0000002E004D01C90116
004D00000034005F01CA0115
00510000007A009501C90115
004D00000031005201C90125
004D00000034006701C90125
00510000007A00A401C90124
004D00000029004901C80137
004D00000030005F01C90136
00510000007000A401C80135
004D0000002C004901C80148
004D00000030005801C80147
005100000070009501C70146
004D00000031004D01C90154
004D00000030005F01C90154
00510000007A00A401C80154
004D00000036005701C80166
004D00000034006701C90166
00510000007A00A401C80165
004D00000034005701C80177
004D00000034006701C90176
00510000007A00A401C80175
004D00000027004901C70187
004D0000002C005801C80186
005100000070009501C80185
004D00000025004701C80195
004D0000002C005801C80196
005100000067009501C70195
004D0000002C004D01CA01A7
004D0000002C005F01CB01A6
005100000070009501C901A5
004D00000029004901CB01B7
004D00000030005F01CC01B6
00510000007A009501CA01B5
004D0000002C004901CA01C6
004D00000030005801CB01C6
00510000007A009501CA01C5
004D0000002E004901CA01D7
004D0000002C005101CB01D6
005100000070008E01CA01D5
004D00000029004701C901E8
004D00000028005101CA01E7
005100000070009501C901E6
004D00000027004701C801F6
004D00000028005101CA01F6
005100000070008E01C901F5
004D00000027004901C70209
004D00000028005801C80208
005100000070009501C80207
004F00000021004201C30218
004D00000023004A01C50218
005100000067008E01C40217
004D00000027004701C50225
004D00000028005101C60225
005100000070008E01C60225
004D00000031005201C80236
004D00000034005801C90235
00510000007A008E01C80235
004D00000031004D01C80245
004D00000030005801C90244
005100000070008E01C80244
004D0000002E004901C90257
004D00000034005801CA0256
00510000007A008E01CA0255
004D00000027003E01CA0268
004D00000028004401CC0266
005100000070008001CA0265
004D00000021002E01CA0274
004D00000030004A01CC0273
00510000007A008E01CB0273
004B0000001F001E01D90009
004F00000038002D01DA0007
004F0000007A008001D80005
004D00000024002E01D90017
004D00000028003B01DA0016
005100000070008001D90016
004D00000025003201D80026
004D0000002C004401DA0026
00510000007A008E01D90026
004D00000031003E01DA0037
004D00000038005101DB0038
00510000007A008E01DA0037
004D0000003F005201DA0047
004D00000041005F01DA0046
005100000085008E01D90046
004D00000044005C01DA0056
004D00000046006F01DA0055
005100000085009501D90055
004D0000003C005C01DA0065
004F0000003D006701DB0064
005100000085009501D90064
004D0000002E005701D90074
004F0000002C005F01DA0073
005100000070009501D90073
004D0000001F003E01D60089
004D00000028005801D80088
005100000070009501D80087
004D0000001D003601D60094
004D00000023004A01D80095
004F0000005D008E01D70095
004D00000027004D01D900A5
004D00000028005F01DA00A5
005100000070009501D900A4
004D00000031005201D900B6
004D00000030006701DA00B6
00510000007000A401D900B5
004D00000039005C01D900C7
004D00000034006F01DA00C6
00510000007A00A401D900C5
004D0000002E004D01D900D8
004D0000002C005F01D900D7
00510000007A00A401D800D5
004D0000001F003601DA00EA
004D00000030005F01DB00E9
00510000007A00A401DA00E8
004D00000024003E01D900F4
004D00000028005101DA00F5
004F00000070009501D800F5
004D00000027004901D90105
004D00000030005F01DA0104
00510000007A00A401D90104
004D00000029004701D90117
004D0000002C005801D90116
00510000007A009501D80115
004D0000002E004D01D90126
004D00000030006701DA0126
00510000007A00A401D80125
004D0000002E004D01D90136
004D00000030006701DA0135
00510000007A00A401D90134
004D00000027004701D90147
004D0000002C005F01DA0146
00510000007A009501D90146
004D0000002C004901DA0155
004D00000030005F01DB0155
00510000007A00A401D90155
004D00000031005201D90166
004D00000030006701DA0165
00510000007A00A401D90165
004D0000002E004901D90177
004D00000030005F01D90176
00510000007A00A401D80175
004D00000029004901D80187
004D00000030005F01D90187
00510000007A009501D80186
004D00000027004701D80199
004D00000028005801D90198
00510000007A009501D80197
004D00000025004701D801A6
004D00000028005101D801A6
005100000070009501D801A5
004D00000025004701D801B7
004D00000028005801D801B6
005100000070009501D701B5
004D0000002C004D01D801C6
004D0000002C005801D901C5
00510000007A009501D801C5
004D0000002C004D01DA01D8
004D0000002C005801DB01D6
005100000070009501D901D5
004D00000024004201DC01E8
004D00000025005101DC01E7
005100000070008E01DB01E6
004D0000001F003E01DB01F3
004D00000025005101DD01F3
005100000070008E01DB01F3
004D0000002E005201DA0205
004D00000030006701DB0204
00510000007A009501DA0204
004D00000036005201D90217
004D00000034005F01DA0217
00510000007A009501D90216
004D0000003C005701DA0227
004D00000038005F01DB0227
00510000007A009501D90226
004D00000039005701DA0237
004D00000038005F01DB0236
00510000007A008E01D90235
004D00000034004D01D90246
004D00000034005801DA0244
00510000007A008E01D90244
004D00000034004D01D90256
004D00000034005801D90255
00510000007A008E01D90255
004D00000027003E01D80268
004D00000028004401D90266
005100000070008001D80265
004D00000021002E01D80273
004D00000034004401DA0272
004F0000007A008001D90273
004B00000021001E01EB000A
004F00000038003001EC0008
004F0000007A008001EA0005
004D00000024002E01EA0015
004D00000028003E01EB0015
004F00000070008001EA0015
004D00000029003601E90027
004D00000030004A01EA0027
00510000007A008001EA0026
004D00000036004701EA0038
004D00000041005801EB0038
005100000085008E01EA0037
004D00000041004D01EB0047
004D00000046005F01EC0047
005100000085008E01EB0047
004B00000047006601EB0056
004D00000046006F01EC0055
005100000085009501EB0055
004D00000048006C01EA0065
004D00000046006F01EB0064
005100000085009501EA0063
004D0000003C006601EA0075
004D00000038006F01EB0074
00510000007000A401EA0074
004D0000002E004D01E80087
004D00000034006701EA0086
00510000007A00A401E90085
004D00000025004201E90097
004D00000028005F01EA0097
00510000007000A401E90096
004D00000029004901EA00A6
004D0000002C005F01EB00A6
00510000007A00A401E900A5
004D0000002E004D01E900B5
004D00000030006701EA00B6
00510000007000A401E900B5
004D00000039006101E900C6
004F00000038006F01EA00C5
00510000007A00B301E900C4
004D00000034005701E900D7
004D00000034006701EA00D6
00510000007A00A401E900D5
004D00000029004701E500E7
004D00000030005801E700E7
005100000070009501E700E6
004D00000027004201E700F7
004D0000002C005801E800F7
004F0000007000A401E700F6
004D0000002E004901E90106
004D00000030005F01EB0105
00510000007A00A401EA0105
004D00000029004901EB0118
004F0000002C005F01EC0117
00510000007000A401E90115
004D00000025004701EB0126
004D00000028005801ED0125
005100000070009501EB0124
004D00000027004901EB0135
004D00000028005801EC0135
005100000070009501EA0134
004D00000027004901E90146
004D0000002C005801EB0145
005100000070009501EA0145
004D00000029004901E90157
004D00000028005801EB0156
005100000070009501EA0155
004D0000002E004901E90164
004D00000030005F01EA0164
00510000007A009501EA0164
004D0000002C004701EA0177
004D00000030005F01EB0176
00510000007A009501EA0175
004B00000027003A01F20189
004D0000002C004401F20188
004F00000070008001EF0187
004B0000002C003601F00194
004D0000002C003E01F00193
004F00000070008001EE0193
004D00000031004901E901A6
004D00000030005801EA01A5
00510000007A009501EA01A4
004D00000034004D01E801B7
004D00000034005F01E901B7
00510000007A009501E901B6
004D00000036005701E801C7
004D00000034006701E901C6
00510000007A00A401E801C5
004D0000002E005201E801D8
004D0000002C005801E901D6
005100000070009501E801D5
004D00000021003E01E601E8
004D00000025004A01E801E7
005100000067008E01E701E6
004D00000021003E01E601F3
004D00000025004A01E801F3
005100000067008E01E801F3
004D0000002E004D01E90206
004D0000002C005801EA0206
00510000007A009501E90205
004D00000034005201E90217
004D00000034005F01EA0217
00510000007A009501E90216
004D00000039005C01E90228
004D00000038006701EA0227
00510000007A009501E90226
004D00000031005201EA0237
004F00000034005F01EA0236
005100000070008E01E90235
004D0000002C004901EA0245
004D0000002C005801EA0244
005100000070008E01E90244
004D0000002E004901EB0256
004D00000030005801EB0255
00510000007A008E01E90255
004D00000029003E01E80268
004D00000030004A01E90266
00510000007A008001E80265
004D00000027003601E90274
004D00000038004A01EA0274
004F00000085008E01E90274
004B0000001F001E01FD000B
004F0000003D003001FD0009
004F0000007A008001FB0007
004D0000001D002701FB0016
004D00000028003E01FD0017
004F00000070008001FB0016
004D00000029003A01FC0025
004D00000034004A01FD0025
004F0000007A008001FC0025
004D0000003C004901FC0038
004D00000046005F01FD0038
005100000085008E01FC0038
004B00000048005C01FC0048
004D0000004B006701FD0048
005100000085008001FD0047
004B0000004C006601FC0056
004F0000004B006F01FD0054
00510000008F009501FB0053
004B00000041005C01FB0063
004F00000041006701FB0062
00510000007A008E01FA0062
004D00000039006101FA0075
004D00000038007701FA0074
00510000007A00A401FA0073
004D00000034005701F90086
004D00000030006F01FA0085
00510000007A00A401F90084
004D0000002C004D01F80097
004D0000002C006701FA0097
005100000070009501F90096
004D0000002E005701F800A6
004D0000002C006701F900A6
00510000007A00A401F800A5
004D0000002C004D01F800B6
004D00000030006701F900B6
00510000007000A401F900B6
004D00000031005201F900C6
004F00000030006701FA00C5
00510000007A00A401F900C4
004D0000002C004901F900D6
004D00000030006701FA00D5
00510000007A00A401F900D4
004D0000002E004901FA00E6
004D00000030006701FB00E6
00510000007A00A401F900E5
004D0000002E004D01FA00F6
004D00000030005F01FB00F6
00510000007A00A401FA00F5
004D0000002E004D01FA0108
004D00000030005F01FB0107
00510000007A00A401F90105
004D00000029004901F90118
004D00000028005801FA0117
005100000070009501F80116
004D00000024004701F90126
004D00000028005801FA0126
005100000070009501F90125
004D00000027004701FA0136
004F0000002C005101FB0135
005100000070008E01FA0135
004D00000029004901FB0146
004D0000002C005101FC0146
005100000070008E01FB0145
004D00000025004201FC0155
004D0000002C005801FD0155
005100000070009501FB0154
004D00000027004701FB0164
004D00000028005801FC0164
005100000070009501FB0163
004D00000027004901F90179
004D00000028005801FB0178
005100000070009501FA0177
004B00000011001E01FA0191
004D0000001F003E01FC018E
004F00000067008E01FA018B
004B00000012002401FA0190
004D0000001F003B01FB0190
004D0000005D007301FA0191
004B0000001F004701FB019F
004F00000025005F01FC019E
004F0000006700A401FB019F
004D0000002E004D01FA01B6
004D00000030006701FB01B6
00510000007000A401FA01B5
004D00000039005701F901C6
004D00000038006F01FA01C5
00510000007A00A401F901C5
004D00000034005701F901D5
004D00000034006701F901D4
00510000007A00A401F901D4
004D0000002E004901F801E6
004D00000030005801F801E6
00510000007A009501F701E5
004D00000027004201F901F7
004D0000002C005101FA01F6
00510000007A009501F901F5
004D00000024003A01FA0209
004D00000030005801FB0208
00510000007A00A401FA0207
004D0000002C004D01FA0215
004D00000030005F01FB0216
005100000070009501F90215
004D00000034005C01F90227
004D00000034006701FA0226
00510000007A009501F90225
004D00000034005201F80237
004F00000034005F01F90236
00510000007A009501F80235
004D00000025004701F80246
004D00000030005F01FA0246
00510000007A008E01FA0245
004D00000029004201FA0256
004F0000002C004A01FA0255
00510000007A008001F90254
004D00000029004201F90266
004D0000002C004A01FA0265
00510000007A008001F90264
004D0000002C003E01F80274
004D00000038005101FA0273
00510000008F008E01F90274
004B00000025001E020C000B
004D000000460030020D0009
004F000000850073020B0007
004D00000029002E02090016
004D00000034003E020B0016
004F0000007A0073020A0016
004D000000390042020A0027
004D0000003D0051020B0026
004F000000850080020B0025
004D000000440049020A0039
004D00000050005F020C0039
00510000008F008E020C0038
004B000000570066020B0048
004D000000580077020C0048
004F0000008F0080020C0047
004B000000560071020A0054
004D000000560077020B0053
00510000008F008E020A0053
004B0000003F005C02090064
004F00000046006F020A0062
0051000000850095020A0062
004B00000034005C020A0072
004D00000038006F020A0072
00510000007A00A4020A0072
004D0000002E005702090086
004D000000300067020A0085
00510000007A00A402090084
004D0000002C004D02090096
004D00000030005F020A0096
00510000007A009502090095
004D0000002E004D020A00A6
004D0000002C005F020A00A6
0051000000700095020900A5
004D000000340057020900B7
004D00000030006F020A00B7
00510000007000A4020A00B6
004D0000002E0052020A00C7
004D0000002C0067020B00C6
00510000007000A4020900C5
004D000000290049020900D6
004D0000002C005F020A00D6
00510000007A00A4020900D5
004D0000002C004D020900E5
004D000000300067020A00E6
00510000007A00A4020900E5
004D0000002C0052020900F7
004D000000300067020A00F7
00510000007000A4020A00F5
004D0000002C004D02090108
004D00000030005F020A0107
00510000007A00A402090106
004D0000002C005202080116
004D0000002C005F02080116
00510000007000A402080115
004D0000002C004D02080127
004D0000002C005F02080127
00510000007A009502080126
004D0000002700470208013A
004D00000028005802090139
005100000070009502080138
004D00000027004702090147
004D000000280051020A0147
005100000070008E02080147
004D00000024004202090156
004D0000002C0051020A0156
005100000070008E02080155
004D00000027004202090164
004D0000002C0058020A0164
005100000070009502090164
004D00000031004D020A0176
004D00000034005F020A0175
004F0000007A0095020A0174
004D00000024003E01FE018C
004B0000002500440200018A
00510000005D008002030188
004D00000019002E01FD0191
004B0000001F003B01FF0191
00510000005D008002010192
004D00000029004D020801A6
004F0000002C005F020801A5
00510000007000A4020801A4
004D0000002E004D020901B7
004D00000030005F020A01B6
0051000000700095020901B6
004D0000002C004D020A01C5
004F00000030005F020B01C5
00510000007A0095020901C4
004D000000340057020A01D5
004D000000340067020B01D4
00510000007A00A4020A01D4
004D000000360057020A01E7
004F000000340067020B01E6
00510000007A00A4020A01E5
004D000000270047020901F7
004D0000002C0058020A01F6
0051000000700095020A01F5
004D00000027004202080207
004D0000002C005802090207
005100000070009502080206
004D0000002C004902080217
004D00000030005802090217
005100000070009502080216
004D0000003C005C02090227
004D0000003D0067020A0227
005100000085009502090226
004D00000041005C02090236
004D000000410067020A0236
005100000085008E02090235
004D00000039005702080247
004D0000003D0067020A0246
00510000007A0095020A0245
004D00000031004902090257
004D000000300058020A0256
00510000007A008E02090255
004D00000029004202090265
004D0000002C0051020A0264
00510000007A008002090264
004D00000029003E02080274
004D00000034005102090274
005100000085008E02090274
004B0000002C0021021B000B
004D000000500035021C0009
004F0000008F0080021A0007
004D000000390036021A0016
004D000000460044021B0017
004F000000850073021A0016
004B0000004D0049021B0027
004D000000560058021C0027
004F0000008F0073021B0026
004D000000520057021B0038
004D0000005E0067021C0038
00510000009B008E021B0037
004B0000005F0066021A0048
004D000000630077021B0048
004F0000009B0080021A0047
004B00000060007D02190053
004D00000063007F02190051
004F0000008F009502190051
004B00000057007702180063
004D00000058007F02180061
00510000008F009502180061
004B00000044006C02190075
004F00000041007F021A0074
00510000008500B302190073
004D00000031005702190086
004F000000340067021A0085
00510000007A00A4021A0084
004D00000029004D02190097
004D0000002C005F021A0097
00510000007A0095021A0096
004D00000029004D021A00A7
004D000000300067021B00A7
00510000007A00A4021A00A6
004D0000002C005C021A00B7
004D0000002C006F021A00B6
00510000007000A4021900B5
004D000000290057021900C7
004D00000025005F021A00C6
00510000007000A4021800C5
004D000000240047021A00D5
004D000000280067021B00D5
00510000007000A4021A00D5
004D00000029004D021A00E6
004D000000300067021B00E7
00510000007A00A4021A00E6
004D0000002C0052021A00F7
004D000000300067021B00F6
00510000007000A4021A00F5
004D000000310057021A0107
004D000000340067021B0106
00510000007A00A4021A0105
004D0000002C004D021B0117
004F0000002C005F021B0116
00510000007A00A4021A0115
004D000000290049021C0126
004D0000002C005F021C0126
00510000007A0095021B0125
004D000000290049021A0138
004D0000002C0051021A0138
005100000070009502190137
004D00000029004702180147
004D00000030005802180147
00510000007A009502180146
004D00000029004902180157
004D0000002C005802180157
005100000070009502170156
004D00000029004702190166
004D0000002C0058021A0166
004F00000070009502190166
004D000000290047021B0178
004D000000300058021B0176
00510000007A0095021A0176
004D000000340049021B0185
004D000000340058021B0185
00510000007A0095021A0184
004D000000340049021A0196
004D00000038005F021B0194
0051000000850095021A0194
004D0000002E004D021A01A5
004D00000030005F021B01A5
00510000007A0095021A01A4
004D0000002C004D021801B6
004D00000030005F021901B6
00510000007A00A4021901B5
004D0000002C004D021901C7
004F00000034005F021A01C6
00510000007A0095021901C5
004D0000002E0052021A01D5
004D000000340067021B01D5
00510000007A00A4021A01D4
004D000000310057021901E7
004F00000038006F021A01E5
00510000008500A4021A01E4
004D0000002C0052021901F6
004D000000300067021A01F5
00510000007A00A4021A01F4
004D0000002E004D02190208
004D00000034005F021B0208
00510000007A00A4021A0206
004D000000340052021A0217
004D00000034005F021B0217
0051000000850095021A0216
004D0000003C005C021B0227
004D0000003D0067021B0227
0051000000850095021B0226
004D000000440061021C0238
004D00000041006F021D0238
0051000000850095021B0237
004D000000470061021B0247
004D00000041006F021B0245
0051000000850095021B0244
004D0000003C005202180255
004D00000038005F02190254
00510000007A008E02190254
004D0000002E004702180266
004D000000300051021A0264
00510000007A008E021A0264
004D0000002E004202190275
004D000000380058021A0274
0051000000850095021A0274
004B000000360021022B000A
004D000000580035022C0009
004F0000008F0073022A0007
004D0000003F0036022A0016
004B000000460044022A0017
004F00000085007302290017
004D0000004D0049022A0027
004B00000056005F022B0028
004F0000008F0080022A0028
004B000000590057022C0038
004D000000630067022C0038
004F0000009B0080022C0038
004B000000600066022D0048
004D0000006F0077022D0048
004F000000A6008E022D0047
004B0000005D0071022C0053
004D00000069007F022C0051
004F0000009B008E022B0051
004B00000056006C022B0061
004F0000005E0088022B005F
00510000009B00A4022B0060
004B000000470071022B0075
004F0000004B0088022B0074
004F0000008500B3022A0073
004D000000390057022A0086
004F0000003D006F022B0085
00510000008500A4022A0084
004D00000031005202290096
004D000000300067022B0096
00510000007A0095022B0095
004D00000034005C022900A7
004D00000030006F022A00A6
00510000007A00A4022A00A5
004D000000340061022900B6
004D00000030006F022A00B5
00510000007000A4022900B5
004D0000002C0057022800C6
004D0000002C0067022900C5
00510000007000A4022800C4
004D00000027004D022900D5
004D000000280067022A00D5
00510000007000A4022A00D5
004D000000290052022A00E8
004D00000028005F022B00E7
00510000007000A4022A00E6
004D00000029004D022900F6
004D000000300067022B00F6
00510000007000A4022A00F6
004D0000002E0057022A0107
004D00000030006F022B0107
00510000007A00A4022A0106
004D0000002C005202280117
004F0000002C005F022A0116
00510000007A00A402290115
004D00000024004202280126
004D0000002C005F022A0125
005100000070009502290125
004D00000021003E02290138
004D000000280058022B0138
005100000070009502290137
004D00000029004D02290145
004D0000002C0058022A0145
00510000007A009502290144
004D00000031004D02290157
004D000000340067022A0157
00510000007A00A402290156
004D000000340052022A0168
004D000000340067022B0168
00510000007A0095022A0167
004D0000002C004902290177
004D00000034005F022A0176
00510000007A0095022A0175
004D00000029004D02290184
004D000000300067022B0184
0051000000700095022A0184
004D0000002C004D02290195
004F000000340067022A0194
00510000007A0095022A0193
004D000000310052022A01A5
004D000000340067022B01A5
00510000007A0095022B01A4
004D000000310052022B01B7
004D000000340067022C01B6
00510000007A0095022B01B5
004D000000310052022901C5
004D000000340067022B01C6
00510000007A00A4022B01C5
004D000000310057022B01D6
004F00000034006F022B01D6
00510000007000A4022A01D5
004D000000310057022901E6
004D000000340067022A01E5
00510000007A00A4022901E4
004D000000340057022A01F6
004D000000340067022B01F6
00510000007A00A4022A01F5
004D000000360057022C0207
004D000000340067022D0208
00510000007A0095022C0207
004D000000310057022C0218
004D00000034005F022D0218
00510000007A0095022C0216
004D00000036005C022B0228
004D00000038006F022C0228
00510000007A0095022B0228
004D0000003F0066022B0238
004F00000038006F022B0238
00510000007A0095022A0236
004D000000410066022A0245
004D0000003D006F022B0243
00510000007A0095022A0243
004D000000390057022A0254
004D000000340067022A0252
00510000007A0095022A0252
004D0000002C0049022A0266
004D000000300058022B0264
00510000007A008E022B0263
004D0000002C003E022A0277
004D000000380058022B0276
0051000000850095022A0275
004B000000340021023C000C
004D0000004B0030023C000A
004F000000850073023A0008
004D00000034002E023B0014
004B0000003D003E023C0016
004F00000085006D023B0016
004D000000470042023B0028
004B0000004B0058023B0028
004F000000850073023B0028
004B0000005D0061023B0038
004B0000005E006F023C0039
004F0000008F0080023C0038
004B000000620077023C0047
004D00000069007F023C0046
004F0000008F008E023C0046
004B0000005D0077023A0052
004D00000063007F023B0050
004F0000008F008E023B0051
004B0000004D006C023A005F
004F000000580088023A005E
004F0000008F00A4023A005F
004B0000003F006602390076
004F000000410077023A0074
00510000008500A402390073
004D00000036005702390085
004D000000380067023A0085
00510000007A009502390084
004D000000340057023A0097
004D000000340067023B0097
00510000007A00A4023A0096
004D000000390061023A00A7
004D00000038006F023B00A6
00510000007A00A4023A00A6
004D000000390066023B00B6
004D000000380077023B00B5
004F0000007000A4023B00B5
004D000000340061023A00C6
004D00000030006F023B00C5
00510000007000A4023A00C4
004D0000002C0052023900D7
004D000000300067023B00D6
00510000007A00A4023A00D5
004D000000310057023900E8
004D0000002C0067023B00E7
00510000007000A4023A00E6
004D00000031005C023900F6
004D00000030006F023A00F6
00510000007000A4023A00F6
004D000000360061023A0108
004D00000034006F023B0107
00510000007000A4023B0106
004D00000034005C02390116
004D000000300067023B0115
0051000000700095023A0114
004D00000034005702390125
004D000000300067023A0123
0051000000700095023A0123
004D0000002C004D02370138
004D0000002C005F02390137
005100000070009502380136
004D0000002E005202380146
004D0000002C005F02390146
005100000070009502390145
004D00000031005202390158
004D000000380067023A0158
00510000007A00A4023A0157
004D0000003C0057023A0168
004D0000003D0067023B0168
00510000007A0095023A0167
004D00000047006602390175
004D00000041007702390175
00510000007A009502390174
004D00000044006602380186
004D00000041006F023A0185
00510000007A009502390184
004D0000003C006102390196
004D00000038006F023A0195
00510000007A00A4023A0194
004D000000340057023901A7
004D00000038006F023B01A6
00510000007A0095023B01A5
004D0000002E0052023A01B6
004D00000034005F023B01B6
00510000007A0095023A01B5
004D00000036005C023901C6
004D00000034006F023B01C6
00510000007A00A4023A01C5
004D000000360061023901D7
004D00000034006F023A01D6
00510000007A00A4023A01D5
004D000000310057023901E5
004D00000030006F023A01E5
00510000007A00A4023A01E5
004D00000031005C023A01F8
004D00000030006F023B01F8
00510000007A00A4023B01F7
004D00000039006C023B020A
004D00000034006F023C020A
00510000007A00A4023B0209
004D0000003C0066023A0219
004F00000038006F023B0218
00510000007A0095023B0217
004D0000003C0071023A0227
004D0000003D0077023B0226
00510000007A0095023A0226
004D0000003F007102390238
004F00000034006F023A0237
00510000007A009502390236
004D0000003C006602390243
004F00000034006F02390242
005100000070008E02390242
004B00000036005702390254
004D000000300067023A0252
004F000000700095023A0251
004D0000002C004702390266
004D0000002C0058023A0264
004F00000070008E023A0263
004D0000002C003A023A0277
004D000000340051023B0276
004F00000085008E023A0275
004D00000025001D024C000E
004F000000410026024D000C
004F00000085006D024A0008
004D00000029002B024B0014
004B00000030003B024C0016
004F0000007A006D024B0017
004D000000470049024A0028
004B000000460058024B0028
004F000000850073024A0028
004D000000570061024A0038
004D000000580077024A0039
004F00000085008002490038
004B00000062007102490046
004D00000063007F02490045
004F0000008F008E02480045
004B0000005F007D02480051
004D00000063008802480050
004F0000008F009502470050
004B000000520071024A0062
004F00000058007F02490061
00510000008F009502480061
004B000000360061024A0075
004F0000003D0077024B0074
004F0000008500A402490073
004D00000029004D024A0085
004D0000002C0067024B0085
00510000007A0095024B0084
004D0000002C005202490096
004D0000002C0067024A0096
00510000007A00A4024A0095
004D00000034005C024800A7
004D000000340077024A00A7
00510000007A00A4024900A6
004D000000360066024A00B6
004D000000380077024B00B5
00510000007A00B3024900B4
004D000000310057024900C6
004F00000030006F024A00C5
00510000007A00A4024A00C4
004D00000031004D024800D6
004D000000300067024900D5
00510000007A0095024900D5
004D000000340057024A00E7
004D000000340067024B00E8
00510000007A00A4024A00E6
004D00000034005C024A00F8
004D000000300067024B00F7
00510000007000A4024A00F6
004D000000390061024A0108
004D00000034006F024B0108
00510000007000A4024A0106
004D00000031005C024A0116
004D00000030006F024B0115
00510000007000A402490115
004D0000002E005702490123
004D00000030006F024A0123
00510000007000A4024A0123
004D0000002C004D024A0136
004F0000002C0067024B0135
0051000000700095024A0134
004D0000002C004D024A0146
004D00000030005F024B0146
00510000007A0095024A0145
004D0000002C004D02490157
004D0000002C005F024A0157
00510000007A009502490156
004D00000036005202480167
004D00000034005F02490167
00510000007A009502480166
004D000000390057024A0176
004D000000380067024B0176
00510000007A009502490175
004D000000310052024B0185
004D000000340067024C0185
00510000007A0095024A0184
004D000000340057024B0195
004F00000034006F024B0194
00510000007A0095024A0193
004D00000034005C024A01A5
004D00000034006F024B01A4
00510000007A0095024A01A4
004D000000340057024901B7
004D000000340067024B01B7
00510000007A0095024A01B6
004D00000034005C024901C6
004D000000340067024A01C5
0051000000700095024A01C5
004D00000029004D024A01D7
004F0000002C005F024B01D6
0051000000700095024A01D5
004D00000027004D024B01E6
004D00000028005F024C01E6
0051000000700095024B01E5
004D00000031005C024B01F8
004D00000030006F024C01F8
00510000007A00A4024B01F7
004D000000440071024A020A
004D0000003D0077024B020A
00510000007A00A402490209
004D00000047007702490218
004D00000041007F024A0217
00510000007A00A402490216
004D00000047007D02480226
004D00000041007F02490225
00510000007A00A402480224
004D00000041007702480236
004F00000038007702480234
00510000007A00A402480234
004D00000041006602490244
004F00000038006F02490242
005100000070009502480242
004B00000039005702490254
004D000000340067024A0253
004F00000070009502490252
004D00000029003E02490268
004D000000280051024A0265
004F00000070008E024A0264
004B000000270032024A0277
004D000000340051024B0277
004F000000850095024B0276
004D00000021001D025A000E
004D0000003D002D025B000C
004F0000007A0073025A0009
004D00000029002E02590013
004D00000030003B025A0016
004F00000070006D02590016
004D000000410047025A0027
004D0000003D0051025A0027
00510000007A0073025A0026
004D000000520066025A0037
004D00000050007702590038
004F0000007A008E02580038
004B000000590077025A0046
004D00000056007F02590045
004F00000085008E02580045
004B00000056007D025A0052
004F000000580088025A0050
004F00000085009502590051
004B0000004C0071025A0065
004F0000004B007F025A0063
004F0000008500A402590062
004D000000360066025A0077
004F00000034006F025B0075
00510000007A00A402590074
004D00000029005202590085
004D0000002C005F025B0084
0051000000700095025A0083
004D0000002E004D025A0096
004D0000002C005F025B0096
0051000000700095025B0095
004D00000036005C025B00A7
004D00000034006F025B00A7
00510000007000A4025A00A5
004D000000340061025900B7
004D00000030006F025A00B5
00510000007000A4025900B4
004D000000290049025A00C6
004F0000002C005F025B00C5
0051000000700095025A00C4
004D000000270047025B00D5
004D000000280058025C00D5
0051000000700095025B00D4
004D00000029004D025B00E8
004D0000002C005F025C00E8
0051000000700095025B00E6
004D00000027004D025B00F8
004F00000028005F025C00F7
0051000000700095025B00F6
004D0000002C0052025A0106
004D00000028005F025B0106
005100000070009502590105
004D00000029005202580116
004D00000028005F02590115
005100000070009502580114
004D00000029005202590124
004D00000028005F025A0123
005100000070009502590123
004D000000270049025A0136
004D000000280058025B0135
0051000000700095025A0134
004D00000025004702590147
004D000000280051025A0146
005100000070009502590145
004D00000027004702580156
004D00000028005102590156
005100000070008E02590155
004D00000031004D02580167
004D00000030005802590166
00510000007A008E02580165
004D0000002C004D02580178
004D0000002C005802590178
005100000070009502580176
004D00000025004702580187
004D00000028005802590187
005100000070009502580186
004D00000029004D02590196
004D0000002C005F02590195
005100000070008E02580194
004D0000002E0057025901A6
004F0000002C005F025A01A5
0051000000700095025901A4
004D00000034005C025901B6
004D000000300067025A01B6
00510000007A0095025901B5
004D0000002E005C025901C6
004F0000002C0067025A01C6
0051000000700095025901C5
004D00000027004D025801D6
004D0000002C0058025901D6
0051000000700095025901D5
004D000000290052025A01E8
004D000000280058025B01E8
0051000000700095025901E6
004D0000002E0052025A01F8
004D0000002C005F025B01F8
0051000000700095025901F7
004D00000039006602580209
004D00000034006F02590209
00510000007000A402580208
004D00000044007102580217
004D0000003D007F02580217
00510000007A009502570216
004D00000048008002590226
004F00000041008802590224
00510000007000A402580224
004D000000470077025A0235
004D0000003D0077025A0234
004F0000007000A402580233
004D0000003C006102590245
004D00000038006F025A0243
00510000007A009502580243
004B00000036005202590254
004D00000034005F025A0253
004F0000007A009502590252
004D0000002C004202580267
004D0000002C0051025A0265
004F00000070009502590264
004B00000025003202590276
004D000000340051025A0276
004F0000007A0095025A0275
004D00000027001E0269000C
004D000000410028026A000B
004F00000085006D02690008
004D000000340036026A0016
004B000000340035026A0016
00510000007A006102690016
004D0000003F004902690025
004D00000038004A02690025
00510000007A007302690025
004D00000048006102690038
004D00000046006702690038
004F0000007A008002680037
004D00000052006C02680047
004D00000050006F02680046
004F00000085008E02680045
004B0000004D007702690053
004F0000004B007F02690051
004F00000085009502680051
004B00000044006C02680066
004F00000046007702680063
005100000085009502680063
004D00000036006602680077
004F00000034007702680076
00510000007A00A402680075
004D0000002C005202690086
004F0000002C005F026A0084
005100000070009502680084
004D0000002C005202690096
004D0000002C005F026A0095
005100000070009502690095
004D00000029004D026900A8
004D000000280058026A00A7
0051000000700095026800A5
004D000000250047026900B5
004D000000250058026900B4
0051000000670095026800B3
004D000000210042026800C6
004F000000250058026A00C5
0051000000700095026900C4
004D000000240042026800D8
004D000000250051026A00D7
005100000070008E026800D6
004D000000270049026800E7
004D000000280058026900E6
005100000070008E026900E6
004D000000270049026700F8
004D000000280051026800F7
005100000070008E026800F6
004D00000029004902680106
004D00000028005102690105
005100000070008E02680104
004D00000027004902690116
004D000000250051026A0115
005100000067008E02680114
004D00000024003E02690128
004D000000250051026B0126
005100000070008E026A0125
004D0000001F003E026A0135
004D00000023004A026B0135
005100000070008E026A0134
004D00000024003E02690146
004D00000025004A026A0146
005100000070008E026A0145
004D00000025003E02690156
004D00000028004A026A0156
00510000007A008E02690155
004D0000002C004702690167
004D0000002C0051026A0167
00510000007A008E02690165
004D0000002C004702680178
004D0000002C005102690178
00510000007A008E02680176
004D00000027004702690188
004D00000028004A026A0187
005100000070008E02690186
004D00000027004702680196
004D00000025005102690195
005100000070008E02680194
004D000000270049026801A6
004D000000280051026901A5
005100000070008E026801A4
004D00000029004D026901B6
004D000000280058026A01B6
005100000070008E026901B5
004D00000029004D026801C7
004D000000280058026901C6
00510000007A008E026901C5
004D0000002C004D026901D6
004D0000002C0058026A01D5
00510000007A008E026901D4
004D0000002C0052026801E9
004D000000280058026901E8
0051000000700095026801E6
004D00000029004D026801F8
004D000000280058026801F8
0051000000700095026701F7
004D00000029004D02680207
004D00000028005802680207
005100000070009502670206
004D0000002E005C02680218
004D00000030006702680217
005100000070009502670216
004D00000039007102670225
004F00000034007702670224
00510000007A00A402660224
004D0000003F006C02680235
004D00000034007702680234
00510000007A009502680234
004D00000036006102680245
004F00000034006702690243
00510000007A009502680243
004D0000002E004902690255
004D0000002C005802690253
004F00000070008E02690253
004D00000025003E026B0268
004D000000280051026B0266
004F00000070008E026A0264
004D000000270036026B0277
004D000000340058026C0276
004F000000850095026B0276
004B000000210021027E000C
004F00000046003B027E000B
004F000000850080027C0008
004D000000270032027A0015
004D000000300044027B0016
005100000070007302790016
004B000000340049027B0024
004D000000380058027B0025
00510000007A0080027A0024
004D0000003C004D027C0038
004D000000460067027C0038
00510000008F008E027A0037
004B000000440057027B0046
004D0000004B006F027A0046
004F00000085008E02790045
004B000000470066027B0055
004F0000004B007F027B0053
004F000000850095027A0053
004B0000003F0057027B0066
004F000000500077027B0065
00510000008F00A4027B0064
004B00000036005C027B0076
004F0000003D0077027B0076
00510000008500B3027A0075
004B0000002E004D027B0087
004F00000038006F027B0086
00510000008500A4027A0085
004B000000290047027B0096
004D00000030005F027B0096
004F000000700095027A0095
004D000000290049027A00A7
004F00000030005F027A00A6
00510000007A0095027900A5
004D00000025003E027A00B5
004D0000002C0058027B00B5
0051000000700095027A00B4
004B00000025003E027C00C8
004D000000300067027D00C7
00510000007A00A4027C00C6
004D000000240042027B00D7
004D0000002C0058027C00D7
0051000000700095027B00D6
004D0000002C0049027C00E5
004D00000030005F027D00E5
00510000007A00A4027B00E5
004D0000002E004D027B00F7
004F00000030005F027C00F6
00510000007A0095027A00F5
004D0000002C0049027B0106
004F00000034005F027B0106
00510000007A0095027A0105
004B000000270047027B0115
004D00000030005F027C0115
004F000000700095027B0115
004D000000270047027B0127
004F00000034005F027C0126
004F0000007000A4027B0125
004D00000024003E027B0137
004D000000280051027C0137
004F000000700095027A0136
004D00000024003A027C0147
004D000000300058027E0147
004F0000007A00A4027D0146
004B00000025003E027D0155
004D00000030005F027E0155
004F0000007A0095027D0155
004D00000027003E027C0167
004D000000300058027D0167
004F0000007A0095027B0165
004D000000290042027B0177
004D000000300058027C0177
00510000007A0095027B0176
004D000000270042027B0188
004F000000300058027C0187
00510000007A0095027A0186
004D000000250047027B0195
004D0000002C0058027C0196
004F000000700095027B0195
004D000000270042027B01A7
004F0000002C0058027D01A6
00510000007A0095027B01A5
004D000000290047027B01B5
004F000000300058027C01B5
00510000007A0095027C01B5
004D0000002C0049027B01C6
004F00000030005F027C01C6
00510000007A0095027B01C5
004D0000002E0049027B01D6
004F000000340067027C01D6
0051000000850095027B01D5
004D000000310052027B01E6
004F000000340067027B01E7
00510000007A00A4027A01E5
004D000000290049027901F7
004D00000030005F027A01F7
004F0000007000A4027901F6
004D0000002C004902790207
004D00000034006702790208
00510000007A00A402780206
004D0000002E005202790216
004D00000038006F02790217
004F0000007A00A402790216
004D00000036005C027A0226
004F000000380077027A0226
00510000007A00A402790225
004B00000039005C027B0235
004F0000003D0077027B0235
00510000008500A4027B0234
004B0000003F005C027B0245
004F0000003D006F027C0244
0051000000850095027A0244
004B000000310049027C0255
004D00000038005F027C0255
004F0000007A0095027B0254
004B00000029003A027B0268
004D000000340058027C0267
00510000007A0095027B0266
004B000000270036027A0277
004D000000380067027B0277
004F0000008500A4027A0276
